[0.091s] DEBUG:colcon:Command line arguments: ['/usr/bin/colcon', 'build']
[0.091s] DEBUG:colcon:Parsed command line arguments: Namespace(log_base=None, log_level=None, verb_name='build', build_base='build', install_base='install', merge_install=False, symlink_install=False, test_result_base=None, continue_on_error=False, executor='parallel', parallel_workers=8, event_handlers=None, ignore_user_meta=False, metas=['./colcon.meta'], base_paths=['.'], packages_ignore=None, packages_ignore_regex=None, paths=None, packages_up_to=None, packages_up_to_regex=None, packages_above=None, packages_above_and_dependencies=None, packages_above_depth=None, packages_select_by_dep=None, packages_skip_by_dep=None, packages_skip_up_to=None, packages_select_build_failed=False, packages_skip_build_finished=False, packages_select_test_failures=False, packages_skip_test_passed=False, packages_select=None, packages_skip=None, packages_select_regex=None, packages_skip_regex=None, packages_start=None, packages_end=None, allow_overriding=[], cmake_args=None, cmake_target=None, cmake_target_skip_unavailable=False, cmake_clean_cache=False, cmake_clean_first=False, cmake_force_configure=False, ament_cmake_args=None, catkin_cmake_args=None, catkin_skip_building_tests=False, verb_parser=<colcon_defaults.argument_parser.defaults.DefaultArgumentsDecorator object at 0x7d4d99323bb0>, verb_extension=<colcon_core.verb.build.BuildVerb object at 0x7d4d994a1660>, main=<bound method BuildVerb.main of <colcon_core.verb.build.BuildVerb object at 0x7d4d994a1660>>)
[0.126s] Level 1:colcon.colcon_core.package_discovery:discover_packages(colcon_meta) check parameters
[0.126s] Level 1:colcon.colcon_core.package_discovery:discover_packages(recursive) check parameters
[0.126s] Level 1:colcon.colcon_core.package_discovery:discover_packages(ignore) check parameters
[0.126s] Level 1:colcon.colcon_core.package_discovery:discover_packages(path) check parameters
[0.126s] Level 1:colcon.colcon_core.package_discovery:discover_packages(colcon_meta) discover
[0.126s] Level 1:colcon.colcon_core.package_discovery:discover_packages(recursive) discover
[0.126s] INFO:colcon.colcon_core.package_discovery:Crawling recursively for packages in '/home/kan/lab/course/unitree_go2_ros2_jazzy1'
[0.126s] Level 1:colcon.colcon_core.package_identification:_identify(.) by extensions ['ignore', 'ignore_ament_install']
[0.126s] Level 1:colcon.colcon_core.package_identification:_identify(.) by extension 'ignore'
[0.126s] Level 1:colcon.colcon_core.package_identification:_identify(.) by extension 'ignore_ament_install'
[0.126s] Level 1:colcon.colcon_core.package_identification:_identify(.) by extensions ['colcon_pkg']
[0.126s] Level 1:colcon.colcon_core.package_identification:_identify(.) by extension 'colcon_pkg'
[0.126s] Level 1:colcon.colcon_core.package_identification:_identify(.) by extensions ['colcon_meta']
[0.126s] Level 1:colcon.colcon_core.package_identification:_identify(.) by extension 'colcon_meta'
[0.126s] Level 1:colcon.colcon_core.package_identification:_identify(.) by extensions ['ros']
[0.126s] Level 1:colcon.colcon_core.package_identification:_identify(.) by extension 'ros'
[0.138s] Level 1:colcon.colcon_core.package_identification:_identify(.) by extensions ['cmake', 'python']
[0.138s] Level 1:colcon.colcon_core.package_identification:_identify(.) by extension 'cmake'
[0.138s] Level 1:colcon.colcon_core.package_identification:_identify(.) by extension 'python'
[0.138s] Level 1:colcon.colcon_core.package_identification:_identify(.) by extensions ['python_setup_py']
[0.138s] Level 1:colcon.colcon_core.package_identification:_identify(.) by extension 'python_setup_py'
[0.138s] Level 1:colcon.colcon_core.package_identification:_identify(build) by extensions ['ignore', 'ignore_ament_install']
[0.139s] Level 1:colcon.colcon_core.package_identification:_identify(build) by extension 'ignore'
[0.139s] Level 1:colcon.colcon_core.package_identification:_identify(build) ignored
[0.139s] Level 1:colcon.colcon_core.package_identification:_identify(install) by extensions ['ignore', 'ignore_ament_install']
[0.139s] Level 1:colcon.colcon_core.package_identification:_identify(install) by extension 'ignore'
[0.139s] Level 1:colcon.colcon_core.package_identification:_identify(install) ignored
[0.139s] Level 1:colcon.colcon_core.package_identification:_identify(log) by extensions ['ignore', 'ignore_ament_install']
[0.139s] Level 1:colcon.colcon_core.package_identification:_identify(log) by extension 'ignore'
[0.139s] Level 1:colcon.colcon_core.package_identification:_identify(log) ignored
[0.139s] Level 1:colcon.colcon_core.package_identification:_identify(unitree_go2_ros2_jazzy) by extensions ['ignore', 'ignore_ament_install']
[0.139s] Level 1:colcon.colcon_core.package_identification:_identify(unitree_go2_ros2_jazzy) by extension 'ignore'
[0.139s] Level 1:colcon.colcon_core.package_identification:_identify(unitree_go2_ros2_jazzy) by extension 'ignore_ament_install'
[0.139s] Level 1:colcon.colcon_core.package_identification:_identify(unitree_go2_ros2_jazzy) by extensions ['colcon_pkg']
[0.139s] Level 1:colcon.colcon_core.package_identification:_identify(unitree_go2_ros2_jazzy) by extension 'colcon_pkg'
[0.139s] Level 1:colcon.colcon_core.package_identification:_identify(unitree_go2_ros2_jazzy) by extensions ['colcon_meta']
[0.139s] Level 1:colcon.colcon_core.package_identification:_identify(unitree_go2_ros2_jazzy) by extension 'colcon_meta'
[0.139s] Level 1:colcon.colcon_core.package_identification:_identify(unitree_go2_ros2_jazzy) by extensions ['ros']
[0.139s] Level 1:colcon.colcon_core.package_identification:_identify(unitree_go2_ros2_jazzy) by extension 'ros'
[0.139s] Level 1:colcon.colcon_core.package_identification:_identify(unitree_go2_ros2_jazzy) by extensions ['cmake', 'python']
[0.139s] Level 1:colcon.colcon_core.package_identification:_identify(unitree_go2_ros2_jazzy) by extension 'cmake'
[0.139s] Level 1:colcon.colcon_core.package_identification:_identify(unitree_go2_ros2_jazzy) by extension 'python'
[0.139s] Level 1:colcon.colcon_core.package_identification:_identify(unitree_go2_ros2_jazzy) by extensions ['python_setup_py']
[0.140s] Level 1:colcon.colcon_core.package_identification:_identify(unitree_go2_ros2_jazzy) by extension 'python_setup_py'
[0.140s] Level 1:colcon.colcon_core.package_identification:_identify(unitree_go2_ros2_jazzy/docs) by extensions ['ignore', 'ignore_ament_install']
[0.140s] Level 1:colcon.colcon_core.package_identification:_identify(unitree_go2_ros2_jazzy/docs) by extension 'ignore'
[0.140s] Level 1:colcon.colcon_core.package_identification:_identify(unitree_go2_ros2_jazzy/docs) by extension 'ignore_ament_install'
[0.140s] Level 1:colcon.colcon_core.package_identification:_identify(unitree_go2_ros2_jazzy/docs) by extensions ['colcon_pkg']
[0.140s] Level 1:colcon.colcon_core.package_identification:_identify(unitree_go2_ros2_jazzy/docs) by extension 'colcon_pkg'
[0.140s] Level 1:colcon.colcon_core.package_identification:_identify(unitree_go2_ros2_jazzy/docs) by extensions ['colcon_meta']
[0.140s] Level 1:colcon.colcon_core.package_identification:_identify(unitree_go2_ros2_jazzy/docs) by extension 'colcon_meta'
[0.140s] Level 1:colcon.colcon_core.package_identification:_identify(unitree_go2_ros2_jazzy/docs) by extensions ['ros']
[0.140s] Level 1:colcon.colcon_core.package_identification:_identify(unitree_go2_ros2_jazzy/docs) by extension 'ros'
[0.140s] Level 1:colcon.colcon_core.package_identification:_identify(unitree_go2_ros2_jazzy/docs) by extensions ['cmake', 'python']
[0.140s] Level 1:colcon.colcon_core.package_identification:_identify(unitree_go2_ros2_jazzy/docs) by extension 'cmake'
[0.140s] Level 1:colcon.colcon_core.package_identification:_identify(unitree_go2_ros2_jazzy/docs) by extension 'python'
[0.140s] Level 1:colcon.colcon_core.package_identification:_identify(unitree_go2_ros2_jazzy/docs) by extensions ['python_setup_py']
[0.140s] Level 1:colcon.colcon_core.package_identification:_identify(unitree_go2_ros2_jazzy/docs) by extension 'python_setup_py'
[0.140s] Level 1:colcon.colcon_core.package_identification:_identify(unitree_go2_ros2_jazzy/ros2_unitree_legged_controller) by extensions ['ignore', 'ignore_ament_install']
[0.140s] Level 1:colcon.colcon_core.package_identification:_identify(unitree_go2_ros2_jazzy/ros2_unitree_legged_controller) by extension 'ignore'
[0.140s] Level 1:colcon.colcon_core.package_identification:_identify(unitree_go2_ros2_jazzy/ros2_unitree_legged_controller) by extension 'ignore_ament_install'
[0.140s] Level 1:colcon.colcon_core.package_identification:_identify(unitree_go2_ros2_jazzy/ros2_unitree_legged_controller) by extensions ['colcon_pkg']
[0.140s] Level 1:colcon.colcon_core.package_identification:_identify(unitree_go2_ros2_jazzy/ros2_unitree_legged_controller) by extension 'colcon_pkg'
[0.140s] Level 1:colcon.colcon_core.package_identification:_identify(unitree_go2_ros2_jazzy/ros2_unitree_legged_controller) by extensions ['colcon_meta']
[0.140s] Level 1:colcon.colcon_core.package_identification:_identify(unitree_go2_ros2_jazzy/ros2_unitree_legged_controller) by extension 'colcon_meta'
[0.140s] Level 1:colcon.colcon_core.package_identification:_identify(unitree_go2_ros2_jazzy/ros2_unitree_legged_controller) by extensions ['ros']
[0.140s] Level 1:colcon.colcon_core.package_identification:_identify(unitree_go2_ros2_jazzy/ros2_unitree_legged_controller) by extension 'ros'
[0.143s] DEBUG:colcon.colcon_core.package_identification:Package 'unitree_go2_ros2_jazzy/ros2_unitree_legged_controller' with type 'ros.ament_cmake' and name 'ros2_unitree_legged_control'
[0.143s] Level 1:colcon.colcon_core.package_identification:_identify(unitree_go2_ros2_jazzy/ros2_unitree_legged_msgs) by extensions ['ignore', 'ignore_ament_install']
[0.143s] Level 1:colcon.colcon_core.package_identification:_identify(unitree_go2_ros2_jazzy/ros2_unitree_legged_msgs) by extension 'ignore'
[0.143s] Level 1:colcon.colcon_core.package_identification:_identify(unitree_go2_ros2_jazzy/ros2_unitree_legged_msgs) by extension 'ignore_ament_install'
[0.143s] Level 1:colcon.colcon_core.package_identification:_identify(unitree_go2_ros2_jazzy/ros2_unitree_legged_msgs) by extensions ['colcon_pkg']
[0.143s] Level 1:colcon.colcon_core.package_identification:_identify(unitree_go2_ros2_jazzy/ros2_unitree_legged_msgs) by extension 'colcon_pkg'
[0.143s] Level 1:colcon.colcon_core.package_identification:_identify(unitree_go2_ros2_jazzy/ros2_unitree_legged_msgs) by extensions ['colcon_meta']
[0.143s] Level 1:colcon.colcon_core.package_identification:_identify(unitree_go2_ros2_jazzy/ros2_unitree_legged_msgs) by extension 'colcon_meta'
[0.143s] Level 1:colcon.colcon_core.package_identification:_identify(unitree_go2_ros2_jazzy/ros2_unitree_legged_msgs) by extensions ['ros']
[0.143s] Level 1:colcon.colcon_core.package_identification:_identify(unitree_go2_ros2_jazzy/ros2_unitree_legged_msgs) by extension 'ros'
[0.144s] DEBUG:colcon.colcon_core.package_identification:Package 'unitree_go2_ros2_jazzy/ros2_unitree_legged_msgs' with type 'ros.ament_cmake' and name 'ros2_unitree_legged_msgs'
[0.144s] Level 1:colcon.colcon_core.package_identification:_identify(unitree_go2_ros2_jazzy/unitree_go2_description) by extensions ['ignore', 'ignore_ament_install']
[0.144s] Level 1:colcon.colcon_core.package_identification:_identify(unitree_go2_ros2_jazzy/unitree_go2_description) by extension 'ignore'
[0.144s] Level 1:colcon.colcon_core.package_identification:_identify(unitree_go2_ros2_jazzy/unitree_go2_description) by extension 'ignore_ament_install'
[0.144s] Level 1:colcon.colcon_core.package_identification:_identify(unitree_go2_ros2_jazzy/unitree_go2_description) by extensions ['colcon_pkg']
[0.144s] Level 1:colcon.colcon_core.package_identification:_identify(unitree_go2_ros2_jazzy/unitree_go2_description) by extension 'colcon_pkg'
[0.144s] Level 1:colcon.colcon_core.package_identification:_identify(unitree_go2_ros2_jazzy/unitree_go2_description) by extensions ['colcon_meta']
[0.144s] Level 1:colcon.colcon_core.package_identification:_identify(unitree_go2_ros2_jazzy/unitree_go2_description) by extension 'colcon_meta'
[0.144s] Level 1:colcon.colcon_core.package_identification:_identify(unitree_go2_ros2_jazzy/unitree_go2_description) by extensions ['ros']
[0.144s] Level 1:colcon.colcon_core.package_identification:_identify(unitree_go2_ros2_jazzy/unitree_go2_description) by extension 'ros'
[0.144s] DEBUG:colcon.colcon_core.package_identification:Package 'unitree_go2_ros2_jazzy/unitree_go2_description' with type 'ros.ament_cmake' and name 'unitree_go2_description'
[0.144s] Level 1:colcon.colcon_core.package_identification:_identify(unitree_go2_ros2_jazzy/unitree_go2_sim) by extensions ['ignore', 'ignore_ament_install']
[0.145s] Level 1:colcon.colcon_core.package_identification:_identify(unitree_go2_ros2_jazzy/unitree_go2_sim) by extension 'ignore'
[0.145s] Level 1:colcon.colcon_core.package_identification:_identify(unitree_go2_ros2_jazzy/unitree_go2_sim) by extension 'ignore_ament_install'
[0.145s] Level 1:colcon.colcon_core.package_identification:_identify(unitree_go2_ros2_jazzy/unitree_go2_sim) by extensions ['colcon_pkg']
[0.145s] Level 1:colcon.colcon_core.package_identification:_identify(unitree_go2_ros2_jazzy/unitree_go2_sim) by extension 'colcon_pkg'
[0.145s] Level 1:colcon.colcon_core.package_identification:_identify(unitree_go2_ros2_jazzy/unitree_go2_sim) by extensions ['colcon_meta']
[0.145s] Level 1:colcon.colcon_core.package_identification:_identify(unitree_go2_ros2_jazzy/unitree_go2_sim) by extension 'colcon_meta'
[0.145s] Level 1:colcon.colcon_core.package_identification:_identify(unitree_go2_ros2_jazzy/unitree_go2_sim) by extensions ['ros']
[0.145s] Level 1:colcon.colcon_core.package_identification:_identify(unitree_go2_ros2_jazzy/unitree_go2_sim) by extension 'ros'
[0.145s] DEBUG:colcon.colcon_core.package_identification:Package 'unitree_go2_ros2_jazzy/unitree_go2_sim' with type 'ros.ament_cmake' and name 'unitree_go2_sim'
[0.145s] Level 1:colcon.colcon_core.package_identification:_identify(unitree_go2_ros2_jazzy/unitree_guide2) by extensions ['ignore', 'ignore_ament_install']
[0.145s] Level 1:colcon.colcon_core.package_identification:_identify(unitree_go2_ros2_jazzy/unitree_guide2) by extension 'ignore'
[0.145s] Level 1:colcon.colcon_core.package_identification:_identify(unitree_go2_ros2_jazzy/unitree_guide2) by extension 'ignore_ament_install'
[0.145s] Level 1:colcon.colcon_core.package_identification:_identify(unitree_go2_ros2_jazzy/unitree_guide2) by extensions ['colcon_pkg']
[0.145s] Level 1:colcon.colcon_core.package_identification:_identify(unitree_go2_ros2_jazzy/unitree_guide2) by extension 'colcon_pkg'
[0.145s] Level 1:colcon.colcon_core.package_identification:_identify(unitree_go2_ros2_jazzy/unitree_guide2) by extensions ['colcon_meta']
[0.146s] Level 1:colcon.colcon_core.package_identification:_identify(unitree_go2_ros2_jazzy/unitree_guide2) by extension 'colcon_meta'
[0.146s] Level 1:colcon.colcon_core.package_identification:_identify(unitree_go2_ros2_jazzy/unitree_guide2) by extensions ['ros']
[0.146s] Level 1:colcon.colcon_core.package_identification:_identify(unitree_go2_ros2_jazzy/unitree_guide2) by extension 'ros'
[0.146s] DEBUG:colcon.colcon_core.package_identification:Package 'unitree_go2_ros2_jazzy/unitree_guide2' with type 'ros.ament_cmake' and name 'unitree_guide2'
[0.146s] Level 1:colcon.colcon_core.package_identification:_identify(unitree_go2_ros2_jazzy/yolo_ros) by extensions ['ignore', 'ignore_ament_install']
[0.146s] Level 1:colcon.colcon_core.package_identification:_identify(unitree_go2_ros2_jazzy/yolo_ros) by extension 'ignore'
[0.146s] Level 1:colcon.colcon_core.package_identification:_identify(unitree_go2_ros2_jazzy/yolo_ros) by extension 'ignore_ament_install'
[0.146s] Level 1:colcon.colcon_core.package_identification:_identify(unitree_go2_ros2_jazzy/yolo_ros) by extensions ['colcon_pkg']
[0.146s] Level 1:colcon.colcon_core.package_identification:_identify(unitree_go2_ros2_jazzy/yolo_ros) by extension 'colcon_pkg'
[0.146s] Level 1:colcon.colcon_core.package_identification:_identify(unitree_go2_ros2_jazzy/yolo_ros) by extensions ['colcon_meta']
[0.146s] Level 1:colcon.colcon_core.package_identification:_identify(unitree_go2_ros2_jazzy/yolo_ros) by extension 'colcon_meta'
[0.146s] Level 1:colcon.colcon_core.package_identification:_identify(unitree_go2_ros2_jazzy/yolo_ros) by extensions ['ros']
[0.147s] Level 1:colcon.colcon_core.package_identification:_identify(unitree_go2_ros2_jazzy/yolo_ros) by extension 'ros'
[0.147s] Level 1:colcon.colcon_core.package_identification:_identify(unitree_go2_ros2_jazzy/yolo_ros) by extensions ['cmake', 'python']
[0.147s] Level 1:colcon.colcon_core.package_identification:_identify(unitree_go2_ros2_jazzy/yolo_ros) by extension 'cmake'
[0.147s] Level 1:colcon.colcon_core.package_identification:_identify(unitree_go2_ros2_jazzy/yolo_ros) by extension 'python'
[0.147s] Level 1:colcon.colcon_core.package_identification:_identify(unitree_go2_ros2_jazzy/yolo_ros) by extensions ['python_setup_py']
[0.147s] Level 1:colcon.colcon_core.package_identification:_identify(unitree_go2_ros2_jazzy/yolo_ros) by extension 'python_setup_py'
[0.147s] Level 1:colcon.colcon_core.package_identification:_identify(unitree_go2_ros2_jazzy/yolo_ros/docs) by extensions ['ignore', 'ignore_ament_install']
[0.147s] Level 1:colcon.colcon_core.package_identification:_identify(unitree_go2_ros2_jazzy/yolo_ros/docs) by extension 'ignore'
[0.147s] Level 1:colcon.colcon_core.package_identification:_identify(unitree_go2_ros2_jazzy/yolo_ros/docs) by extension 'ignore_ament_install'
[0.147s] Level 1:colcon.colcon_core.package_identification:_identify(unitree_go2_ros2_jazzy/yolo_ros/docs) by extensions ['colcon_pkg']
[0.147s] Level 1:colcon.colcon_core.package_identification:_identify(unitree_go2_ros2_jazzy/yolo_ros/docs) by extension 'colcon_pkg'
[0.147s] Level 1:colcon.colcon_core.package_identification:_identify(unitree_go2_ros2_jazzy/yolo_ros/docs) by extensions ['colcon_meta']
[0.147s] Level 1:colcon.colcon_core.package_identification:_identify(unitree_go2_ros2_jazzy/yolo_ros/docs) by extension 'colcon_meta'
[0.147s] Level 1:colcon.colcon_core.package_identification:_identify(unitree_go2_ros2_jazzy/yolo_ros/docs) by extensions ['ros']
[0.147s] Level 1:colcon.colcon_core.package_identification:_identify(unitree_go2_ros2_jazzy/yolo_ros/docs) by extension 'ros'
[0.147s] Level 1:colcon.colcon_core.package_identification:_identify(unitree_go2_ros2_jazzy/yolo_ros/docs) by extensions ['cmake', 'python']
[0.147s] Level 1:colcon.colcon_core.package_identification:_identify(unitree_go2_ros2_jazzy/yolo_ros/docs) by extension 'cmake'
[0.147s] Level 1:colcon.colcon_core.package_identification:_identify(unitree_go2_ros2_jazzy/yolo_ros/docs) by extension 'python'
[0.147s] Level 1:colcon.colcon_core.package_identification:_identify(unitree_go2_ros2_jazzy/yolo_ros/docs) by extensions ['python_setup_py']
[0.147s] Level 1:colcon.colcon_core.package_identification:_identify(unitree_go2_ros2_jazzy/yolo_ros/docs) by extension 'python_setup_py'
[0.147s] Level 1:colcon.colcon_core.package_identification:_identify(unitree_go2_ros2_jazzy/yolo_ros/yolo_bringup) by extensions ['ignore', 'ignore_ament_install']
[0.147s] Level 1:colcon.colcon_core.package_identification:_identify(unitree_go2_ros2_jazzy/yolo_ros/yolo_bringup) by extension 'ignore'
[0.147s] Level 1:colcon.colcon_core.package_identification:_identify(unitree_go2_ros2_jazzy/yolo_ros/yolo_bringup) by extension 'ignore_ament_install'
[0.147s] Level 1:colcon.colcon_core.package_identification:_identify(unitree_go2_ros2_jazzy/yolo_ros/yolo_bringup) by extensions ['colcon_pkg']
[0.147s] Level 1:colcon.colcon_core.package_identification:_identify(unitree_go2_ros2_jazzy/yolo_ros/yolo_bringup) by extension 'colcon_pkg'
[0.147s] Level 1:colcon.colcon_core.package_identification:_identify(unitree_go2_ros2_jazzy/yolo_ros/yolo_bringup) by extensions ['colcon_meta']
[0.147s] Level 1:colcon.colcon_core.package_identification:_identify(unitree_go2_ros2_jazzy/yolo_ros/yolo_bringup) by extension 'colcon_meta'
[0.148s] Level 1:colcon.colcon_core.package_identification:_identify(unitree_go2_ros2_jazzy/yolo_ros/yolo_bringup) by extensions ['ros']
[0.148s] Level 1:colcon.colcon_core.package_identification:_identify(unitree_go2_ros2_jazzy/yolo_ros/yolo_bringup) by extension 'ros'
[0.148s] DEBUG:colcon.colcon_core.package_identification:Package 'unitree_go2_ros2_jazzy/yolo_ros/yolo_bringup' with type 'ros.ament_cmake' and name 'yolo_bringup'
[0.148s] Level 1:colcon.colcon_core.package_identification:_identify(unitree_go2_ros2_jazzy/yolo_ros/yolo_msgs) by extensions ['ignore', 'ignore_ament_install']
[0.148s] Level 1:colcon.colcon_core.package_identification:_identify(unitree_go2_ros2_jazzy/yolo_ros/yolo_msgs) by extension 'ignore'
[0.148s] Level 1:colcon.colcon_core.package_identification:_identify(unitree_go2_ros2_jazzy/yolo_ros/yolo_msgs) by extension 'ignore_ament_install'
[0.148s] Level 1:colcon.colcon_core.package_identification:_identify(unitree_go2_ros2_jazzy/yolo_ros/yolo_msgs) by extensions ['colcon_pkg']
[0.148s] Level 1:colcon.colcon_core.package_identification:_identify(unitree_go2_ros2_jazzy/yolo_ros/yolo_msgs) by extension 'colcon_pkg'
[0.148s] Level 1:colcon.colcon_core.package_identification:_identify(unitree_go2_ros2_jazzy/yolo_ros/yolo_msgs) by extensions ['colcon_meta']
[0.148s] Level 1:colcon.colcon_core.package_identification:_identify(unitree_go2_ros2_jazzy/yolo_ros/yolo_msgs) by extension 'colcon_meta'
[0.148s] Level 1:colcon.colcon_core.package_identification:_identify(unitree_go2_ros2_jazzy/yolo_ros/yolo_msgs) by extensions ['ros']
[0.148s] Level 1:colcon.colcon_core.package_identification:_identify(unitree_go2_ros2_jazzy/yolo_ros/yolo_msgs) by extension 'ros'
[0.149s] DEBUG:colcon.colcon_core.package_identification:Package 'unitree_go2_ros2_jazzy/yolo_ros/yolo_msgs' with type 'ros.ament_cmake' and name 'yolo_msgs'
[0.149s] Level 1:colcon.colcon_core.package_identification:_identify(unitree_go2_ros2_jazzy/yolo_ros/yolo_ros) by extensions ['ignore', 'ignore_ament_install']
[0.149s] Level 1:colcon.colcon_core.package_identification:_identify(unitree_go2_ros2_jazzy/yolo_ros/yolo_ros) by extension 'ignore'
[0.149s] Level 1:colcon.colcon_core.package_identification:_identify(unitree_go2_ros2_jazzy/yolo_ros/yolo_ros) by extension 'ignore_ament_install'
[0.149s] Level 1:colcon.colcon_core.package_identification:_identify(unitree_go2_ros2_jazzy/yolo_ros/yolo_ros) by extensions ['colcon_pkg']
[0.149s] Level 1:colcon.colcon_core.package_identification:_identify(unitree_go2_ros2_jazzy/yolo_ros/yolo_ros) by extension 'colcon_pkg'
[0.149s] Level 1:colcon.colcon_core.package_identification:_identify(unitree_go2_ros2_jazzy/yolo_ros/yolo_ros) by extensions ['colcon_meta']
[0.149s] Level 1:colcon.colcon_core.package_identification:_identify(unitree_go2_ros2_jazzy/yolo_ros/yolo_ros) by extension 'colcon_meta'
[0.149s] Level 1:colcon.colcon_core.package_identification:_identify(unitree_go2_ros2_jazzy/yolo_ros/yolo_ros) by extensions ['ros']
[0.149s] Level 1:colcon.colcon_core.package_identification:_identify(unitree_go2_ros2_jazzy/yolo_ros/yolo_ros) by extension 'ros'
[0.150s] DEBUG:colcon.colcon_core.package_identification:Package 'unitree_go2_ros2_jazzy/yolo_ros/yolo_ros' with type 'ros.ament_python' and name 'yolo_ros'
[0.150s] Level 1:colcon.colcon_core.package_discovery:discover_packages(recursive) using defaults
[0.150s] Level 1:colcon.colcon_core.package_discovery:discover_packages(ignore) discover
[0.150s] Level 1:colcon.colcon_core.package_discovery:discover_packages(ignore) using defaults
[0.150s] Level 1:colcon.colcon_core.package_discovery:discover_packages(path) discover
[0.150s] Level 1:colcon.colcon_core.package_discovery:discover_packages(path) using defaults
[0.168s] Level 1:colcon.colcon_core.package_discovery:discover_packages(prefix_path) check parameters
[0.168s] Level 1:colcon.colcon_core.package_discovery:discover_packages(prefix_path) discover
[0.171s] DEBUG:colcon.colcon_installed_package_information.package_discovery:Found 395 installed packages in /opt/ros/humble
[0.172s] Level 1:colcon.colcon_core.package_discovery:discover_packages(prefix_path) using defaults
[0.210s] Level 5:colcon.colcon_core.verb:set package 'ros2_unitree_legged_msgs' build argument 'cmake_args' from command line to 'None'
[0.211s] Level 5:colcon.colcon_core.verb:set package 'ros2_unitree_legged_msgs' build argument 'cmake_target' from command line to 'None'
[0.211s] Level 5:colcon.colcon_core.verb:set package 'ros2_unitree_legged_msgs' build argument 'cmake_target_skip_unavailable' from command line to 'False'
[0.211s] Level 5:colcon.colcon_core.verb:set package 'ros2_unitree_legged_msgs' build argument 'cmake_clean_cache' from command line to 'False'
[0.211s] Level 5:colcon.colcon_core.verb:set package 'ros2_unitree_legged_msgs' build argument 'cmake_clean_first' from command line to 'False'
[0.211s] Level 5:colcon.colcon_core.verb:set package 'ros2_unitree_legged_msgs' build argument 'cmake_force_configure' from command line to 'False'
[0.211s] Level 5:colcon.colcon_core.verb:set package 'ros2_unitree_legged_msgs' build argument 'ament_cmake_args' from command line to 'None'
[0.211s] Level 5:colcon.colcon_core.verb:set package 'ros2_unitree_legged_msgs' build argument 'catkin_cmake_args' from command line to 'None'
[0.211s] Level 5:colcon.colcon_core.verb:set package 'ros2_unitree_legged_msgs' build argument 'catkin_skip_building_tests' from command line to 'False'
[0.211s] DEBUG:colcon.colcon_core.verb:Building package 'ros2_unitree_legged_msgs' with the following arguments: {'ament_cmake_args': None, 'build_base': '/home/kan/lab/course/unitree_go2_ros2_jazzy1/build/ros2_unitree_legged_msgs', 'catkin_cmake_args': None, 'catkin_skip_building_tests': False, 'cmake_args': None, 'cmake_clean_cache': False, 'cmake_clean_first': False, 'cmake_force_configure': False, 'cmake_target': None, 'cmake_target_skip_unavailable': False, 'install_base': '/home/kan/lab/course/unitree_go2_ros2_jazzy1/install/ros2_unitree_legged_msgs', 'merge_install': False, 'path': '/home/kan/lab/course/unitree_go2_ros2_jazzy1/unitree_go2_ros2_jazzy/ros2_unitree_legged_msgs', 'symlink_install': False, 'test_result_base': None}
[0.211s] Level 5:colcon.colcon_core.verb:set package 'unitree_go2_description' build argument 'cmake_args' from command line to 'None'
[0.211s] Level 5:colcon.colcon_core.verb:set package 'unitree_go2_description' build argument 'cmake_target' from command line to 'None'
[0.211s] Level 5:colcon.colcon_core.verb:set package 'unitree_go2_description' build argument 'cmake_target_skip_unavailable' from command line to 'False'
[0.211s] Level 5:colcon.colcon_core.verb:set package 'unitree_go2_description' build argument 'cmake_clean_cache' from command line to 'False'
[0.211s] Level 5:colcon.colcon_core.verb:set package 'unitree_go2_description' build argument 'cmake_clean_first' from command line to 'False'
[0.211s] Level 5:colcon.colcon_core.verb:set package 'unitree_go2_description' build argument 'cmake_force_configure' from command line to 'False'
[0.211s] Level 5:colcon.colcon_core.verb:set package 'unitree_go2_description' build argument 'ament_cmake_args' from command line to 'None'
[0.211s] Level 5:colcon.colcon_core.verb:set package 'unitree_go2_description' build argument 'catkin_cmake_args' from command line to 'None'
[0.211s] Level 5:colcon.colcon_core.verb:set package 'unitree_go2_description' build argument 'catkin_skip_building_tests' from command line to 'False'
[0.211s] DEBUG:colcon.colcon_core.verb:Building package 'unitree_go2_description' with the following arguments: {'ament_cmake_args': None, 'build_base': '/home/kan/lab/course/unitree_go2_ros2_jazzy1/build/unitree_go2_description', 'catkin_cmake_args': None, 'catkin_skip_building_tests': False, 'cmake_args': None, 'cmake_clean_cache': False, 'cmake_clean_first': False, 'cmake_force_configure': False, 'cmake_target': None, 'cmake_target_skip_unavailable': False, 'install_base': '/home/kan/lab/course/unitree_go2_ros2_jazzy1/install/unitree_go2_description', 'merge_install': False, 'path': '/home/kan/lab/course/unitree_go2_ros2_jazzy1/unitree_go2_ros2_jazzy/unitree_go2_description', 'symlink_install': False, 'test_result_base': None}
[0.211s] Level 5:colcon.colcon_core.verb:set package 'unitree_go2_sim' build argument 'cmake_args' from command line to 'None'
[0.211s] Level 5:colcon.colcon_core.verb:set package 'unitree_go2_sim' build argument 'cmake_target' from command line to 'None'
[0.211s] Level 5:colcon.colcon_core.verb:set package 'unitree_go2_sim' build argument 'cmake_target_skip_unavailable' from command line to 'False'
[0.212s] Level 5:colcon.colcon_core.verb:set package 'unitree_go2_sim' build argument 'cmake_clean_cache' from command line to 'False'
[0.212s] Level 5:colcon.colcon_core.verb:set package 'unitree_go2_sim' build argument 'cmake_clean_first' from command line to 'False'
[0.212s] Level 5:colcon.colcon_core.verb:set package 'unitree_go2_sim' build argument 'cmake_force_configure' from command line to 'False'
[0.212s] Level 5:colcon.colcon_core.verb:set package 'unitree_go2_sim' build argument 'ament_cmake_args' from command line to 'None'
[0.212s] Level 5:colcon.colcon_core.verb:set package 'unitree_go2_sim' build argument 'catkin_cmake_args' from command line to 'None'
[0.212s] Level 5:colcon.colcon_core.verb:set package 'unitree_go2_sim' build argument 'catkin_skip_building_tests' from command line to 'False'
[0.212s] DEBUG:colcon.colcon_core.verb:Building package 'unitree_go2_sim' with the following arguments: {'ament_cmake_args': None, 'build_base': '/home/kan/lab/course/unitree_go2_ros2_jazzy1/build/unitree_go2_sim', 'catkin_cmake_args': None, 'catkin_skip_building_tests': False, 'cmake_args': None, 'cmake_clean_cache': False, 'cmake_clean_first': False, 'cmake_force_configure': False, 'cmake_target': None, 'cmake_target_skip_unavailable': False, 'install_base': '/home/kan/lab/course/unitree_go2_ros2_jazzy1/install/unitree_go2_sim', 'merge_install': False, 'path': '/home/kan/lab/course/unitree_go2_ros2_jazzy1/unitree_go2_ros2_jazzy/unitree_go2_sim', 'symlink_install': False, 'test_result_base': None}
[0.212s] Level 5:colcon.colcon_core.verb:set package 'yolo_msgs' build argument 'cmake_args' from command line to 'None'
[0.212s] Level 5:colcon.colcon_core.verb:set package 'yolo_msgs' build argument 'cmake_target' from command line to 'None'
[0.212s] Level 5:colcon.colcon_core.verb:set package 'yolo_msgs' build argument 'cmake_target_skip_unavailable' from command line to 'False'
[0.212s] Level 5:colcon.colcon_core.verb:set package 'yolo_msgs' build argument 'cmake_clean_cache' from command line to 'False'
[0.212s] Level 5:colcon.colcon_core.verb:set package 'yolo_msgs' build argument 'cmake_clean_first' from command line to 'False'
[0.212s] Level 5:colcon.colcon_core.verb:set package 'yolo_msgs' build argument 'cmake_force_configure' from command line to 'False'
[0.212s] Level 5:colcon.colcon_core.verb:set package 'yolo_msgs' build argument 'ament_cmake_args' from command line to 'None'
[0.212s] Level 5:colcon.colcon_core.verb:set package 'yolo_msgs' build argument 'catkin_cmake_args' from command line to 'None'
[0.212s] Level 5:colcon.colcon_core.verb:set package 'yolo_msgs' build argument 'catkin_skip_building_tests' from command line to 'False'
[0.212s] DEBUG:colcon.colcon_core.verb:Building package 'yolo_msgs' with the following arguments: {'ament_cmake_args': None, 'build_base': '/home/kan/lab/course/unitree_go2_ros2_jazzy1/build/yolo_msgs', 'catkin_cmake_args': None, 'catkin_skip_building_tests': False, 'cmake_args': None, 'cmake_clean_cache': False, 'cmake_clean_first': False, 'cmake_force_configure': False, 'cmake_target': None, 'cmake_target_skip_unavailable': False, 'install_base': '/home/kan/lab/course/unitree_go2_ros2_jazzy1/install/yolo_msgs', 'merge_install': False, 'path': '/home/kan/lab/course/unitree_go2_ros2_jazzy1/unitree_go2_ros2_jazzy/yolo_ros/yolo_msgs', 'symlink_install': False, 'test_result_base': None}
[0.212s] Level 5:colcon.colcon_core.verb:set package 'ros2_unitree_legged_control' build argument 'cmake_args' from command line to 'None'
[0.212s] Level 5:colcon.colcon_core.verb:set package 'ros2_unitree_legged_control' build argument 'cmake_target' from command line to 'None'
[0.212s] Level 5:colcon.colcon_core.verb:set package 'ros2_unitree_legged_control' build argument 'cmake_target_skip_unavailable' from command line to 'False'
[0.212s] Level 5:colcon.colcon_core.verb:set package 'ros2_unitree_legged_control' build argument 'cmake_clean_cache' from command line to 'False'
[0.212s] Level 5:colcon.colcon_core.verb:set package 'ros2_unitree_legged_control' build argument 'cmake_clean_first' from command line to 'False'
[0.212s] Level 5:colcon.colcon_core.verb:set package 'ros2_unitree_legged_control' build argument 'cmake_force_configure' from command line to 'False'
[0.212s] Level 5:colcon.colcon_core.verb:set package 'ros2_unitree_legged_control' build argument 'ament_cmake_args' from command line to 'None'
[0.212s] Level 5:colcon.colcon_core.verb:set package 'ros2_unitree_legged_control' build argument 'catkin_cmake_args' from command line to 'None'
[0.212s] Level 5:colcon.colcon_core.verb:set package 'ros2_unitree_legged_control' build argument 'catkin_skip_building_tests' from command line to 'False'
[0.213s] DEBUG:colcon.colcon_core.verb:Building package 'ros2_unitree_legged_control' with the following arguments: {'ament_cmake_args': None, 'build_base': '/home/kan/lab/course/unitree_go2_ros2_jazzy1/build/ros2_unitree_legged_control', 'catkin_cmake_args': None, 'catkin_skip_building_tests': False, 'cmake_args': None, 'cmake_clean_cache': False, 'cmake_clean_first': False, 'cmake_force_configure': False, 'cmake_target': None, 'cmake_target_skip_unavailable': False, 'install_base': '/home/kan/lab/course/unitree_go2_ros2_jazzy1/install/ros2_unitree_legged_control', 'merge_install': False, 'path': '/home/kan/lab/course/unitree_go2_ros2_jazzy1/unitree_go2_ros2_jazzy/ros2_unitree_legged_controller', 'symlink_install': False, 'test_result_base': None}
[0.213s] Level 5:colcon.colcon_core.verb:set package 'unitree_guide2' build argument 'cmake_args' from command line to 'None'
[0.213s] Level 5:colcon.colcon_core.verb:set package 'unitree_guide2' build argument 'cmake_target' from command line to 'None'
[0.213s] Level 5:colcon.colcon_core.verb:set package 'unitree_guide2' build argument 'cmake_target_skip_unavailable' from command line to 'False'
[0.213s] Level 5:colcon.colcon_core.verb:set package 'unitree_guide2' build argument 'cmake_clean_cache' from command line to 'False'
[0.213s] Level 5:colcon.colcon_core.verb:set package 'unitree_guide2' build argument 'cmake_clean_first' from command line to 'False'
[0.213s] Level 5:colcon.colcon_core.verb:set package 'unitree_guide2' build argument 'cmake_force_configure' from command line to 'False'
[0.213s] Level 5:colcon.colcon_core.verb:set package 'unitree_guide2' build argument 'ament_cmake_args' from command line to 'None'
[0.213s] Level 5:colcon.colcon_core.verb:set package 'unitree_guide2' build argument 'catkin_cmake_args' from command line to 'None'
[0.213s] Level 5:colcon.colcon_core.verb:set package 'unitree_guide2' build argument 'catkin_skip_building_tests' from command line to 'False'
[0.213s] DEBUG:colcon.colcon_core.verb:Building package 'unitree_guide2' with the following arguments: {'ament_cmake_args': None, 'build_base': '/home/kan/lab/course/unitree_go2_ros2_jazzy1/build/unitree_guide2', 'catkin_cmake_args': None, 'catkin_skip_building_tests': False, 'cmake_args': None, 'cmake_clean_cache': False, 'cmake_clean_first': False, 'cmake_force_configure': False, 'cmake_target': None, 'cmake_target_skip_unavailable': False, 'install_base': '/home/kan/lab/course/unitree_go2_ros2_jazzy1/install/unitree_guide2', 'merge_install': False, 'path': '/home/kan/lab/course/unitree_go2_ros2_jazzy1/unitree_go2_ros2_jazzy/unitree_guide2', 'symlink_install': False, 'test_result_base': None}
[0.213s] Level 5:colcon.colcon_core.verb:set package 'yolo_ros' build argument 'cmake_args' from command line to 'None'
[0.213s] Level 5:colcon.colcon_core.verb:set package 'yolo_ros' build argument 'cmake_target' from command line to 'None'
[0.213s] Level 5:colcon.colcon_core.verb:set package 'yolo_ros' build argument 'cmake_target_skip_unavailable' from command line to 'False'
[0.213s] Level 5:colcon.colcon_core.verb:set package 'yolo_ros' build argument 'cmake_clean_cache' from command line to 'False'
[0.213s] Level 5:colcon.colcon_core.verb:set package 'yolo_ros' build argument 'cmake_clean_first' from command line to 'False'
[0.213s] Level 5:colcon.colcon_core.verb:set package 'yolo_ros' build argument 'cmake_force_configure' from command line to 'False'
[0.213s] Level 5:colcon.colcon_core.verb:set package 'yolo_ros' build argument 'ament_cmake_args' from command line to 'None'
[0.213s] Level 5:colcon.colcon_core.verb:set package 'yolo_ros' build argument 'catkin_cmake_args' from command line to 'None'
[0.213s] Level 5:colcon.colcon_core.verb:set package 'yolo_ros' build argument 'catkin_skip_building_tests' from command line to 'False'
[0.213s] DEBUG:colcon.colcon_core.verb:Building package 'yolo_ros' with the following arguments: {'ament_cmake_args': None, 'build_base': '/home/kan/lab/course/unitree_go2_ros2_jazzy1/build/yolo_ros', 'catkin_cmake_args': None, 'catkin_skip_building_tests': False, 'cmake_args': None, 'cmake_clean_cache': False, 'cmake_clean_first': False, 'cmake_force_configure': False, 'cmake_target': None, 'cmake_target_skip_unavailable': False, 'install_base': '/home/kan/lab/course/unitree_go2_ros2_jazzy1/install/yolo_ros', 'merge_install': False, 'path': '/home/kan/lab/course/unitree_go2_ros2_jazzy1/unitree_go2_ros2_jazzy/yolo_ros/yolo_ros', 'symlink_install': False, 'test_result_base': None}
[0.214s] Level 5:colcon.colcon_core.verb:set package 'yolo_bringup' build argument 'cmake_args' from command line to 'None'
[0.214s] Level 5:colcon.colcon_core.verb:set package 'yolo_bringup' build argument 'cmake_target' from command line to 'None'
[0.214s] Level 5:colcon.colcon_core.verb:set package 'yolo_bringup' build argument 'cmake_target_skip_unavailable' from command line to 'False'
[0.214s] Level 5:colcon.colcon_core.verb:set package 'yolo_bringup' build argument 'cmake_clean_cache' from command line to 'False'
[0.214s] Level 5:colcon.colcon_core.verb:set package 'yolo_bringup' build argument 'cmake_clean_first' from command line to 'False'
[0.214s] Level 5:colcon.colcon_core.verb:set package 'yolo_bringup' build argument 'cmake_force_configure' from command line to 'False'
[0.214s] Level 5:colcon.colcon_core.verb:set package 'yolo_bringup' build argument 'ament_cmake_args' from command line to 'None'
[0.214s] Level 5:colcon.colcon_core.verb:set package 'yolo_bringup' build argument 'catkin_cmake_args' from command line to 'None'
[0.214s] Level 5:colcon.colcon_core.verb:set package 'yolo_bringup' build argument 'catkin_skip_building_tests' from command line to 'False'
[0.214s] DEBUG:colcon.colcon_core.verb:Building package 'yolo_bringup' with the following arguments: {'ament_cmake_args': None, 'build_base': '/home/kan/lab/course/unitree_go2_ros2_jazzy1/build/yolo_bringup', 'catkin_cmake_args': None, 'catkin_skip_building_tests': False, 'cmake_args': None, 'cmake_clean_cache': False, 'cmake_clean_first': False, 'cmake_force_configure': False, 'cmake_target': None, 'cmake_target_skip_unavailable': False, 'install_base': '/home/kan/lab/course/unitree_go2_ros2_jazzy1/install/yolo_bringup', 'merge_install': False, 'path': '/home/kan/lab/course/unitree_go2_ros2_jazzy1/unitree_go2_ros2_jazzy/yolo_ros/yolo_bringup', 'symlink_install': False, 'test_result_base': None}
[0.214s] INFO:colcon.colcon_core.executor:Executing jobs using 'parallel' executor
[0.215s] DEBUG:colcon.colcon_parallel_executor.executor.parallel:run_until_complete
[0.215s] INFO:colcon.colcon_ros.task.ament_cmake.build:Building ROS package in '/home/kan/lab/course/unitree_go2_ros2_jazzy1/unitree_go2_ros2_jazzy/ros2_unitree_legged_msgs' with build type 'ament_cmake'
[0.215s] INFO:colcon.colcon_cmake.task.cmake.build:Building CMake package in '/home/kan/lab/course/unitree_go2_ros2_jazzy1/unitree_go2_ros2_jazzy/ros2_unitree_legged_msgs'
[0.217s] INFO:colcon.colcon_core.plugin_system:Skipping extension 'colcon_core.shell.bat': Not used on non-Windows systems
[0.217s] INFO:colcon.colcon_core.shell:Skip shell extension 'powershell' for command environment: Not usable outside of PowerShell
[0.217s] DEBUG:colcon.colcon_core.shell:Skip shell extension 'dsv' for command environment
[0.219s] INFO:colcon.colcon_ros.task.ament_cmake.build:Building ROS package in '/home/kan/lab/course/unitree_go2_ros2_jazzy1/unitree_go2_ros2_jazzy/yolo_ros/yolo_msgs' with build type 'ament_cmake'
[0.219s] INFO:colcon.colcon_cmake.task.cmake.build:Building CMake package in '/home/kan/lab/course/unitree_go2_ros2_jazzy1/unitree_go2_ros2_jazzy/yolo_ros/yolo_msgs'
[0.220s] INFO:colcon.colcon_core.shell:Skip shell extension 'powershell' for command environment: Not usable outside of PowerShell
[0.220s] DEBUG:colcon.colcon_core.shell:Skip shell extension 'dsv' for command environment
[0.222s] INFO:colcon.colcon_ros.task.ament_cmake.build:Building ROS package in '/home/kan/lab/course/unitree_go2_ros2_jazzy1/unitree_go2_ros2_jazzy/unitree_go2_description' with build type 'ament_cmake'
[0.222s] INFO:colcon.colcon_cmake.task.cmake.build:Building CMake package in '/home/kan/lab/course/unitree_go2_ros2_jazzy1/unitree_go2_ros2_jazzy/unitree_go2_description'
[0.222s] INFO:colcon.colcon_core.shell:Skip shell extension 'powershell' for command environment: Not usable outside of PowerShell
[0.222s] DEBUG:colcon.colcon_core.shell:Skip shell extension 'dsv' for command environment
[0.224s] INFO:colcon.colcon_ros.task.ament_cmake.build:Building ROS package in '/home/kan/lab/course/unitree_go2_ros2_jazzy1/unitree_go2_ros2_jazzy/unitree_go2_sim' with build type 'ament_cmake'
[0.224s] INFO:colcon.colcon_cmake.task.cmake.build:Building CMake package in '/home/kan/lab/course/unitree_go2_ros2_jazzy1/unitree_go2_ros2_jazzy/unitree_go2_sim'
[0.225s] INFO:colcon.colcon_core.shell:Skip shell extension 'powershell' for command environment: Not usable outside of PowerShell
[0.225s] DEBUG:colcon.colcon_core.shell:Skip shell extension 'dsv' for command environment
[0.229s] DEBUG:colcon.colcon_core.event_handler.log_command:Invoking command in '/home/kan/lab/course/unitree_go2_ros2_jazzy1/build/ros2_unitree_legged_msgs': CMAKE_PREFIX_PATH=/opt/ros/humble /usr/bin/cmake /home/kan/lab/course/unitree_go2_ros2_jazzy1/unitree_go2_ros2_jazzy/ros2_unitree_legged_msgs -DCMAKE_INSTALL_PREFIX=/home/kan/lab/course/unitree_go2_ros2_jazzy1/install/ros2_unitree_legged_msgs
[0.231s] DEBUG:colcon.colcon_core.event_handler.log_command:Invoking command in '/home/kan/lab/course/unitree_go2_ros2_jazzy1/build/yolo_msgs': CMAKE_PREFIX_PATH=/opt/ros/humble /usr/bin/cmake /home/kan/lab/course/unitree_go2_ros2_jazzy1/unitree_go2_ros2_jazzy/yolo_ros/yolo_msgs -DCMAKE_INSTALL_PREFIX=/home/kan/lab/course/unitree_go2_ros2_jazzy1/install/yolo_msgs
[0.232s] DEBUG:colcon.colcon_core.event_handler.log_command:Invoking command in '/home/kan/lab/course/unitree_go2_ros2_jazzy1/build/unitree_go2_description': CMAKE_PREFIX_PATH=/opt/ros/humble /usr/bin/cmake /home/kan/lab/course/unitree_go2_ros2_jazzy1/unitree_go2_ros2_jazzy/unitree_go2_description -DCMAKE_INSTALL_PREFIX=/home/kan/lab/course/unitree_go2_ros2_jazzy1/install/unitree_go2_description
[0.234s] DEBUG:colcon.colcon_core.event_handler.log_command:Invoking command in '/home/kan/lab/course/unitree_go2_ros2_jazzy1/build/unitree_go2_sim': CMAKE_PREFIX_PATH=/opt/ros/humble /usr/bin/cmake /home/kan/lab/course/unitree_go2_ros2_jazzy1/unitree_go2_ros2_jazzy/unitree_go2_sim -DCMAKE_INSTALL_PREFIX=/home/kan/lab/course/unitree_go2_ros2_jazzy1/install/unitree_go2_sim
[0.966s] DEBUG:colcon.colcon_core.event_handler.log_command:Invoked command in '/home/kan/lab/course/unitree_go2_ros2_jazzy1/build/unitree_go2_sim' returned '0': CMAKE_PREFIX_PATH=/opt/ros/humble /usr/bin/cmake /home/kan/lab/course/unitree_go2_ros2_jazzy1/unitree_go2_ros2_jazzy/unitree_go2_sim -DCMAKE_INSTALL_PREFIX=/home/kan/lab/course/unitree_go2_ros2_jazzy1/install/unitree_go2_sim
[0.968s] DEBUG:colcon.colcon_core.event_handler.log_command:Invoking command in '/home/kan/lab/course/unitree_go2_ros2_jazzy1/build/unitree_go2_sim': CMAKE_PREFIX_PATH=/opt/ros/humble /usr/bin/cmake --build /home/kan/lab/course/unitree_go2_ros2_jazzy1/build/unitree_go2_sim -- -j8 -l8
[0.971s] DEBUG:colcon.colcon_core.event_handler.log_command:Invoked command in '/home/kan/lab/course/unitree_go2_ros2_jazzy1/build/unitree_go2_description' returned '0': CMAKE_PREFIX_PATH=/opt/ros/humble /usr/bin/cmake /home/kan/lab/course/unitree_go2_ros2_jazzy1/unitree_go2_ros2_jazzy/unitree_go2_description -DCMAKE_INSTALL_PREFIX=/home/kan/lab/course/unitree_go2_ros2_jazzy1/install/unitree_go2_description
[0.973s] DEBUG:colcon.colcon_core.event_handler.log_command:Invoking command in '/home/kan/lab/course/unitree_go2_ros2_jazzy1/build/unitree_go2_description': CMAKE_PREFIX_PATH=/opt/ros/humble /usr/bin/cmake --build /home/kan/lab/course/unitree_go2_ros2_jazzy1/build/unitree_go2_description -- -j8 -l8
[0.995s] DEBUG:colcon.colcon_core.event_handler.log_command:Invoked command in '/home/kan/lab/course/unitree_go2_ros2_jazzy1/build/unitree_go2_sim' returned '0': CMAKE_PREFIX_PATH=/opt/ros/humble /usr/bin/cmake --build /home/kan/lab/course/unitree_go2_ros2_jazzy1/build/unitree_go2_sim -- -j8 -l8
[1.003s] DEBUG:colcon.colcon_core.event_handler.log_command:Invoking command in '/home/kan/lab/course/unitree_go2_ros2_jazzy1/build/unitree_go2_sim': CMAKE_PREFIX_PATH=/opt/ros/humble /usr/bin/cmake --install /home/kan/lab/course/unitree_go2_ros2_jazzy1/build/unitree_go2_sim
[1.005s] DEBUG:colcon.colcon_core.event_handler.log_command:Invoked command in '/home/kan/lab/course/unitree_go2_ros2_jazzy1/build/unitree_go2_description' returned '0': CMAKE_PREFIX_PATH=/opt/ros/humble /usr/bin/cmake --build /home/kan/lab/course/unitree_go2_ros2_jazzy1/build/unitree_go2_description -- -j8 -l8
[1.006s] DEBUG:colcon.colcon_core.event_handler.log_command:Invoking command in '/home/kan/lab/course/unitree_go2_ros2_jazzy1/build/unitree_go2_description': CMAKE_PREFIX_PATH=/opt/ros/humble /usr/bin/cmake --install /home/kan/lab/course/unitree_go2_ros2_jazzy1/build/unitree_go2_description
[1.014s] Level 1:colcon.colcon_core.environment:create_environment_scripts_only(unitree_go2_sim)
[1.015s] DEBUG:colcon.colcon_core.event_handler.log_command:Invoked command in '/home/kan/lab/course/unitree_go2_ros2_jazzy1/build/unitree_go2_sim' returned '0': CMAKE_PREFIX_PATH=/opt/ros/humble /usr/bin/cmake --install /home/kan/lab/course/unitree_go2_ros2_jazzy1/build/unitree_go2_sim
[1.017s] Level 1:colcon.colcon_core.environment:checking '/home/kan/lab/course/unitree_go2_ros2_jazzy1/install/unitree_go2_sim' for CMake module files
[1.018s] Level 1:colcon.colcon_core.environment:checking '/home/kan/lab/course/unitree_go2_ros2_jazzy1/install/unitree_go2_sim' for CMake config files
[1.018s] Level 1:colcon.colcon_core.shell:create_environment_hook('unitree_go2_sim', 'cmake_prefix_path')
[1.019s] INFO:colcon.colcon_core.shell:Creating environment hook '/home/kan/lab/course/unitree_go2_ros2_jazzy1/install/unitree_go2_sim/share/unitree_go2_sim/hook/cmake_prefix_path.ps1'
[1.019s] INFO:colcon.colcon_core.shell:Creating environment descriptor '/home/kan/lab/course/unitree_go2_ros2_jazzy1/install/unitree_go2_sim/share/unitree_go2_sim/hook/cmake_prefix_path.dsv'
[1.036s] INFO:colcon.colcon_core.shell:Creating environment hook '/home/kan/lab/course/unitree_go2_ros2_jazzy1/install/unitree_go2_sim/share/unitree_go2_sim/hook/cmake_prefix_path.sh'
[1.037s] Level 1:colcon.colcon_core.environment:checking '/home/kan/lab/course/unitree_go2_ros2_jazzy1/install/unitree_go2_sim/lib'
[1.037s] Level 1:colcon.colcon_core.environment:checking '/home/kan/lab/course/unitree_go2_ros2_jazzy1/install/unitree_go2_sim/bin'
[1.037s] Level 1:colcon.colcon_core.environment:checking '/home/kan/lab/course/unitree_go2_ros2_jazzy1/install/unitree_go2_sim/lib/pkgconfig/unitree_go2_sim.pc'
[1.038s] Level 1:colcon.colcon_core.environment:checking '/home/kan/lab/course/unitree_go2_ros2_jazzy1/install/unitree_go2_sim/lib/python3.10/site-packages'
[1.038s] Level 1:colcon.colcon_core.environment:checking '/home/kan/lab/course/unitree_go2_ros2_jazzy1/install/unitree_go2_sim/bin'
[1.039s] INFO:colcon.colcon_core.shell:Creating package script '/home/kan/lab/course/unitree_go2_ros2_jazzy1/install/unitree_go2_sim/share/unitree_go2_sim/package.ps1'
[1.040s] INFO:colcon.colcon_core.shell:Creating package descriptor '/home/kan/lab/course/unitree_go2_ros2_jazzy1/install/unitree_go2_sim/share/unitree_go2_sim/package.dsv'
[1.041s] INFO:colcon.colcon_core.shell:Creating package script '/home/kan/lab/course/unitree_go2_ros2_jazzy1/install/unitree_go2_sim/share/unitree_go2_sim/package.sh'
[1.042s] INFO:colcon.colcon_core.shell:Creating package script '/home/kan/lab/course/unitree_go2_ros2_jazzy1/install/unitree_go2_sim/share/unitree_go2_sim/package.bash'
[1.043s] INFO:colcon.colcon_core.shell:Creating package script '/home/kan/lab/course/unitree_go2_ros2_jazzy1/install/unitree_go2_sim/share/unitree_go2_sim/package.zsh'
[1.044s] Level 1:colcon.colcon_core.environment:create_file_with_runtime_dependencies(/home/kan/lab/course/unitree_go2_ros2_jazzy1/install/unitree_go2_sim/share/colcon-core/packages/unitree_go2_sim)
[1.044s] Level 1:colcon.colcon_core.environment:create_environment_scripts_only(unitree_go2_sim)
[1.045s] Level 1:colcon.colcon_core.environment:checking '/home/kan/lab/course/unitree_go2_ros2_jazzy1/install/unitree_go2_sim' for CMake module files
[1.045s] Level 1:colcon.colcon_core.environment:checking '/home/kan/lab/course/unitree_go2_ros2_jazzy1/install/unitree_go2_sim' for CMake config files
[1.046s] Level 1:colcon.colcon_core.shell:create_environment_hook('unitree_go2_sim', 'cmake_prefix_path')
[1.046s] INFO:colcon.colcon_core.shell:Creating environment hook '/home/kan/lab/course/unitree_go2_ros2_jazzy1/install/unitree_go2_sim/share/unitree_go2_sim/hook/cmake_prefix_path.ps1'
[1.047s] INFO:colcon.colcon_core.shell:Creating environment descriptor '/home/kan/lab/course/unitree_go2_ros2_jazzy1/install/unitree_go2_sim/share/unitree_go2_sim/hook/cmake_prefix_path.dsv'
[1.047s] INFO:colcon.colcon_core.shell:Creating environment hook '/home/kan/lab/course/unitree_go2_ros2_jazzy1/install/unitree_go2_sim/share/unitree_go2_sim/hook/cmake_prefix_path.sh'
[1.048s] Level 1:colcon.colcon_core.environment:checking '/home/kan/lab/course/unitree_go2_ros2_jazzy1/install/unitree_go2_sim/lib'
[1.048s] Level 1:colcon.colcon_core.environment:checking '/home/kan/lab/course/unitree_go2_ros2_jazzy1/install/unitree_go2_sim/bin'
[1.048s] Level 1:colcon.colcon_core.environment:checking '/home/kan/lab/course/unitree_go2_ros2_jazzy1/install/unitree_go2_sim/lib/pkgconfig/unitree_go2_sim.pc'
[1.048s] Level 1:colcon.colcon_core.environment:checking '/home/kan/lab/course/unitree_go2_ros2_jazzy1/install/unitree_go2_sim/lib/python3.10/site-packages'
[1.049s] Level 1:colcon.colcon_core.environment:checking '/home/kan/lab/course/unitree_go2_ros2_jazzy1/install/unitree_go2_sim/bin'
[1.049s] INFO:colcon.colcon_core.shell:Creating package script '/home/kan/lab/course/unitree_go2_ros2_jazzy1/install/unitree_go2_sim/share/unitree_go2_sim/package.ps1'
[1.050s] INFO:colcon.colcon_core.shell:Creating package descriptor '/home/kan/lab/course/unitree_go2_ros2_jazzy1/install/unitree_go2_sim/share/unitree_go2_sim/package.dsv'
[1.051s] INFO:colcon.colcon_core.shell:Creating package script '/home/kan/lab/course/unitree_go2_ros2_jazzy1/install/unitree_go2_sim/share/unitree_go2_sim/package.sh'
[1.051s] INFO:colcon.colcon_core.shell:Creating package script '/home/kan/lab/course/unitree_go2_ros2_jazzy1/install/unitree_go2_sim/share/unitree_go2_sim/package.bash'
[1.052s] INFO:colcon.colcon_core.shell:Creating package script '/home/kan/lab/course/unitree_go2_ros2_jazzy1/install/unitree_go2_sim/share/unitree_go2_sim/package.zsh'
[1.052s] Level 1:colcon.colcon_core.environment:create_file_with_runtime_dependencies(/home/kan/lab/course/unitree_go2_ros2_jazzy1/install/unitree_go2_sim/share/colcon-core/packages/unitree_go2_sim)
[1.115s] Level 1:colcon.colcon_core.environment:create_environment_scripts_only(unitree_go2_description)
[1.115s] Level 1:colcon.colcon_core.environment:checking '/home/kan/lab/course/unitree_go2_ros2_jazzy1/install/unitree_go2_description' for CMake module files
[1.115s] DEBUG:colcon.colcon_core.event_handler.log_command:Invoked command in '/home/kan/lab/course/unitree_go2_ros2_jazzy1/build/unitree_go2_description' returned '0': CMAKE_PREFIX_PATH=/opt/ros/humble /usr/bin/cmake --install /home/kan/lab/course/unitree_go2_ros2_jazzy1/build/unitree_go2_description
[1.116s] Level 1:colcon.colcon_core.environment:checking '/home/kan/lab/course/unitree_go2_ros2_jazzy1/install/unitree_go2_description' for CMake config files
[1.116s] Level 1:colcon.colcon_core.shell:create_environment_hook('unitree_go2_description', 'cmake_prefix_path')
[1.116s] INFO:colcon.colcon_core.shell:Creating environment hook '/home/kan/lab/course/unitree_go2_ros2_jazzy1/install/unitree_go2_description/share/unitree_go2_description/hook/cmake_prefix_path.ps1'
[1.116s] INFO:colcon.colcon_core.shell:Creating environment descriptor '/home/kan/lab/course/unitree_go2_ros2_jazzy1/install/unitree_go2_description/share/unitree_go2_description/hook/cmake_prefix_path.dsv'
[1.116s] INFO:colcon.colcon_core.shell:Creating environment hook '/home/kan/lab/course/unitree_go2_ros2_jazzy1/install/unitree_go2_description/share/unitree_go2_description/hook/cmake_prefix_path.sh'
[1.117s] Level 1:colcon.colcon_core.environment:checking '/home/kan/lab/course/unitree_go2_ros2_jazzy1/install/unitree_go2_description/bin'
[1.117s] Level 1:colcon.colcon_core.environment:checking '/home/kan/lab/course/unitree_go2_ros2_jazzy1/install/unitree_go2_description/lib/pkgconfig/unitree_go2_description.pc'
[1.117s] Level 1:colcon.colcon_core.environment:checking '/home/kan/lab/course/unitree_go2_ros2_jazzy1/install/unitree_go2_description/lib/python3.10/site-packages'
[1.117s] Level 1:colcon.colcon_core.environment:checking '/home/kan/lab/course/unitree_go2_ros2_jazzy1/install/unitree_go2_description/bin'
[1.118s] INFO:colcon.colcon_core.shell:Creating package script '/home/kan/lab/course/unitree_go2_ros2_jazzy1/install/unitree_go2_description/share/unitree_go2_description/package.ps1'
[1.118s] INFO:colcon.colcon_core.shell:Creating package descriptor '/home/kan/lab/course/unitree_go2_ros2_jazzy1/install/unitree_go2_description/share/unitree_go2_description/package.dsv'
[1.118s] INFO:colcon.colcon_core.shell:Creating package script '/home/kan/lab/course/unitree_go2_ros2_jazzy1/install/unitree_go2_description/share/unitree_go2_description/package.sh'
[1.119s] INFO:colcon.colcon_core.shell:Creating package script '/home/kan/lab/course/unitree_go2_ros2_jazzy1/install/unitree_go2_description/share/unitree_go2_description/package.bash'
[1.119s] INFO:colcon.colcon_core.shell:Creating package script '/home/kan/lab/course/unitree_go2_ros2_jazzy1/install/unitree_go2_description/share/unitree_go2_description/package.zsh'
[1.119s] Level 1:colcon.colcon_core.environment:create_file_with_runtime_dependencies(/home/kan/lab/course/unitree_go2_ros2_jazzy1/install/unitree_go2_description/share/colcon-core/packages/unitree_go2_description)
[1.119s] Level 1:colcon.colcon_core.environment:create_environment_scripts_only(unitree_go2_description)
[1.120s] Level 1:colcon.colcon_core.environment:checking '/home/kan/lab/course/unitree_go2_ros2_jazzy1/install/unitree_go2_description' for CMake module files
[1.120s] Level 1:colcon.colcon_core.environment:checking '/home/kan/lab/course/unitree_go2_ros2_jazzy1/install/unitree_go2_description' for CMake config files
[1.120s] Level 1:colcon.colcon_core.shell:create_environment_hook('unitree_go2_description', 'cmake_prefix_path')
[1.120s] INFO:colcon.colcon_core.shell:Creating environment hook '/home/kan/lab/course/unitree_go2_ros2_jazzy1/install/unitree_go2_description/share/unitree_go2_description/hook/cmake_prefix_path.ps1'
[1.121s] INFO:colcon.colcon_core.shell:Creating environment descriptor '/home/kan/lab/course/unitree_go2_ros2_jazzy1/install/unitree_go2_description/share/unitree_go2_description/hook/cmake_prefix_path.dsv'
[1.121s] INFO:colcon.colcon_core.shell:Creating environment hook '/home/kan/lab/course/unitree_go2_ros2_jazzy1/install/unitree_go2_description/share/unitree_go2_description/hook/cmake_prefix_path.sh'
[1.121s] Level 1:colcon.colcon_core.environment:checking '/home/kan/lab/course/unitree_go2_ros2_jazzy1/install/unitree_go2_description/bin'
[1.121s] Level 1:colcon.colcon_core.environment:checking '/home/kan/lab/course/unitree_go2_ros2_jazzy1/install/unitree_go2_description/lib/pkgconfig/unitree_go2_description.pc'
[1.122s] Level 1:colcon.colcon_core.environment:checking '/home/kan/lab/course/unitree_go2_ros2_jazzy1/install/unitree_go2_description/lib/python3.10/site-packages'
[1.122s] Level 1:colcon.colcon_core.environment:checking '/home/kan/lab/course/unitree_go2_ros2_jazzy1/install/unitree_go2_description/bin'
[1.122s] INFO:colcon.colcon_core.shell:Creating package script '/home/kan/lab/course/unitree_go2_ros2_jazzy1/install/unitree_go2_description/share/unitree_go2_description/package.ps1'
[1.123s] INFO:colcon.colcon_core.shell:Creating package descriptor '/home/kan/lab/course/unitree_go2_ros2_jazzy1/install/unitree_go2_description/share/unitree_go2_description/package.dsv'
[1.123s] INFO:colcon.colcon_core.shell:Creating package script '/home/kan/lab/course/unitree_go2_ros2_jazzy1/install/unitree_go2_description/share/unitree_go2_description/package.sh'
[1.124s] INFO:colcon.colcon_core.shell:Creating package script '/home/kan/lab/course/unitree_go2_ros2_jazzy1/install/unitree_go2_description/share/unitree_go2_description/package.bash'
[1.124s] INFO:colcon.colcon_core.shell:Creating package script '/home/kan/lab/course/unitree_go2_ros2_jazzy1/install/unitree_go2_description/share/unitree_go2_description/package.zsh'
[1.124s] Level 1:colcon.colcon_core.environment:create_file_with_runtime_dependencies(/home/kan/lab/course/unitree_go2_ros2_jazzy1/install/unitree_go2_description/share/colcon-core/packages/unitree_go2_description)
[1.752s] DEBUG:colcon.colcon_core.event_handler.log_command:Invoked command in '/home/kan/lab/course/unitree_go2_ros2_jazzy1/build/ros2_unitree_legged_msgs' returned '0': CMAKE_PREFIX_PATH=/opt/ros/humble /usr/bin/cmake /home/kan/lab/course/unitree_go2_ros2_jazzy1/unitree_go2_ros2_jazzy/ros2_unitree_legged_msgs -DCMAKE_INSTALL_PREFIX=/home/kan/lab/course/unitree_go2_ros2_jazzy1/install/ros2_unitree_legged_msgs
[1.754s] DEBUG:colcon.colcon_core.event_handler.log_command:Invoking command in '/home/kan/lab/course/unitree_go2_ros2_jazzy1/build/ros2_unitree_legged_msgs': CMAKE_PREFIX_PATH=/opt/ros/humble /usr/bin/cmake --build /home/kan/lab/course/unitree_go2_ros2_jazzy1/build/ros2_unitree_legged_msgs -- -j8 -l8
[2.005s] DEBUG:colcon.colcon_core.event_handler.log_command:Invoked command in '/home/kan/lab/course/unitree_go2_ros2_jazzy1/build/yolo_msgs' returned '0': CMAKE_PREFIX_PATH=/opt/ros/humble /usr/bin/cmake /home/kan/lab/course/unitree_go2_ros2_jazzy1/unitree_go2_ros2_jazzy/yolo_ros/yolo_msgs -DCMAKE_INSTALL_PREFIX=/home/kan/lab/course/unitree_go2_ros2_jazzy1/install/yolo_msgs
[2.006s] DEBUG:colcon.colcon_core.event_handler.log_command:Invoking command in '/home/kan/lab/course/unitree_go2_ros2_jazzy1/build/yolo_msgs': CMAKE_PREFIX_PATH=/opt/ros/humble /usr/bin/cmake --build /home/kan/lab/course/unitree_go2_ros2_jazzy1/build/yolo_msgs -- -j8 -l8
[8.489s] DEBUG:colcon.colcon_core.event_handler.log_command:Invoked command in '/home/kan/lab/course/unitree_go2_ros2_jazzy1/build/yolo_msgs' returned '0': CMAKE_PREFIX_PATH=/opt/ros/humble /usr/bin/cmake --build /home/kan/lab/course/unitree_go2_ros2_jazzy1/build/yolo_msgs -- -j8 -l8
[8.490s] DEBUG:colcon.colcon_core.event_handler.log_command:Invoking command in '/home/kan/lab/course/unitree_go2_ros2_jazzy1/build/yolo_msgs': CMAKE_PREFIX_PATH=/opt/ros/humble /usr/bin/cmake --install /home/kan/lab/course/unitree_go2_ros2_jazzy1/build/yolo_msgs
[8.573s] Level 1:colcon.colcon_core.environment:create_environment_scripts_only(yolo_msgs)
[8.574s] Level 1:colcon.colcon_core.environment:checking '/home/kan/lab/course/unitree_go2_ros2_jazzy1/install/yolo_msgs' for CMake module files
[8.574s] DEBUG:colcon.colcon_core.event_handler.log_command:Invoked command in '/home/kan/lab/course/unitree_go2_ros2_jazzy1/build/yolo_msgs' returned '0': CMAKE_PREFIX_PATH=/opt/ros/humble /usr/bin/cmake --install /home/kan/lab/course/unitree_go2_ros2_jazzy1/build/yolo_msgs
[8.575s] Level 1:colcon.colcon_core.environment:checking '/home/kan/lab/course/unitree_go2_ros2_jazzy1/install/yolo_msgs' for CMake config files
[8.575s] Level 1:colcon.colcon_core.shell:create_environment_hook('yolo_msgs', 'cmake_prefix_path')
[8.575s] INFO:colcon.colcon_core.shell:Creating environment hook '/home/kan/lab/course/unitree_go2_ros2_jazzy1/install/yolo_msgs/share/yolo_msgs/hook/cmake_prefix_path.ps1'
[8.576s] INFO:colcon.colcon_core.shell:Creating environment descriptor '/home/kan/lab/course/unitree_go2_ros2_jazzy1/install/yolo_msgs/share/yolo_msgs/hook/cmake_prefix_path.dsv'
[8.576s] INFO:colcon.colcon_core.shell:Creating environment hook '/home/kan/lab/course/unitree_go2_ros2_jazzy1/install/yolo_msgs/share/yolo_msgs/hook/cmake_prefix_path.sh'
[8.577s] Level 1:colcon.colcon_core.environment:checking '/home/kan/lab/course/unitree_go2_ros2_jazzy1/install/yolo_msgs/lib'
[8.577s] Level 1:colcon.colcon_core.shell:create_environment_hook('yolo_msgs', 'ld_library_path_lib')
[8.577s] INFO:colcon.colcon_core.shell:Creating environment hook '/home/kan/lab/course/unitree_go2_ros2_jazzy1/install/yolo_msgs/share/yolo_msgs/hook/ld_library_path_lib.ps1'
[8.578s] INFO:colcon.colcon_core.shell:Creating environment descriptor '/home/kan/lab/course/unitree_go2_ros2_jazzy1/install/yolo_msgs/share/yolo_msgs/hook/ld_library_path_lib.dsv'
[8.578s] INFO:colcon.colcon_core.shell:Creating environment hook '/home/kan/lab/course/unitree_go2_ros2_jazzy1/install/yolo_msgs/share/yolo_msgs/hook/ld_library_path_lib.sh'
[8.579s] Level 1:colcon.colcon_core.environment:checking '/home/kan/lab/course/unitree_go2_ros2_jazzy1/install/yolo_msgs/bin'
[8.579s] Level 1:colcon.colcon_core.environment:checking '/home/kan/lab/course/unitree_go2_ros2_jazzy1/install/yolo_msgs/lib/pkgconfig/yolo_msgs.pc'
[8.579s] Level 1:colcon.colcon_core.environment:checking '/home/kan/lab/course/unitree_go2_ros2_jazzy1/install/yolo_msgs/lib/python3.10/site-packages'
[8.579s] Level 1:colcon.colcon_core.environment:checking '/home/kan/lab/course/unitree_go2_ros2_jazzy1/install/yolo_msgs/bin'
[8.580s] INFO:colcon.colcon_core.shell:Creating package script '/home/kan/lab/course/unitree_go2_ros2_jazzy1/install/yolo_msgs/share/yolo_msgs/package.ps1'
[8.580s] INFO:colcon.colcon_core.shell:Creating package descriptor '/home/kan/lab/course/unitree_go2_ros2_jazzy1/install/yolo_msgs/share/yolo_msgs/package.dsv'
[8.581s] INFO:colcon.colcon_core.shell:Creating package script '/home/kan/lab/course/unitree_go2_ros2_jazzy1/install/yolo_msgs/share/yolo_msgs/package.sh'
[8.581s] INFO:colcon.colcon_core.shell:Creating package script '/home/kan/lab/course/unitree_go2_ros2_jazzy1/install/yolo_msgs/share/yolo_msgs/package.bash'
[8.582s] INFO:colcon.colcon_core.shell:Creating package script '/home/kan/lab/course/unitree_go2_ros2_jazzy1/install/yolo_msgs/share/yolo_msgs/package.zsh'
[8.582s] Level 1:colcon.colcon_core.environment:create_file_with_runtime_dependencies(/home/kan/lab/course/unitree_go2_ros2_jazzy1/install/yolo_msgs/share/colcon-core/packages/yolo_msgs)
[8.583s] Level 1:colcon.colcon_core.environment:create_environment_scripts_only(yolo_msgs)
[8.583s] Level 1:colcon.colcon_core.environment:checking '/home/kan/lab/course/unitree_go2_ros2_jazzy1/install/yolo_msgs' for CMake module files
[8.584s] Level 1:colcon.colcon_core.environment:checking '/home/kan/lab/course/unitree_go2_ros2_jazzy1/install/yolo_msgs' for CMake config files
[8.585s] Level 1:colcon.colcon_core.shell:create_environment_hook('yolo_msgs', 'cmake_prefix_path')
[8.585s] INFO:colcon.colcon_core.shell:Creating environment hook '/home/kan/lab/course/unitree_go2_ros2_jazzy1/install/yolo_msgs/share/yolo_msgs/hook/cmake_prefix_path.ps1'
[8.585s] INFO:colcon.colcon_core.shell:Creating environment descriptor '/home/kan/lab/course/unitree_go2_ros2_jazzy1/install/yolo_msgs/share/yolo_msgs/hook/cmake_prefix_path.dsv'
[8.586s] INFO:colcon.colcon_core.shell:Creating environment hook '/home/kan/lab/course/unitree_go2_ros2_jazzy1/install/yolo_msgs/share/yolo_msgs/hook/cmake_prefix_path.sh'
[8.586s] Level 1:colcon.colcon_core.environment:checking '/home/kan/lab/course/unitree_go2_ros2_jazzy1/install/yolo_msgs/lib'
[8.586s] Level 1:colcon.colcon_core.shell:create_environment_hook('yolo_msgs', 'ld_library_path_lib')
[8.587s] INFO:colcon.colcon_core.shell:Creating environment hook '/home/kan/lab/course/unitree_go2_ros2_jazzy1/install/yolo_msgs/share/yolo_msgs/hook/ld_library_path_lib.ps1'
[8.587s] INFO:colcon.colcon_core.shell:Creating environment descriptor '/home/kan/lab/course/unitree_go2_ros2_jazzy1/install/yolo_msgs/share/yolo_msgs/hook/ld_library_path_lib.dsv'
[8.587s] INFO:colcon.colcon_core.shell:Creating environment hook '/home/kan/lab/course/unitree_go2_ros2_jazzy1/install/yolo_msgs/share/yolo_msgs/hook/ld_library_path_lib.sh'
[8.588s] Level 1:colcon.colcon_core.environment:checking '/home/kan/lab/course/unitree_go2_ros2_jazzy1/install/yolo_msgs/bin'
[8.588s] Level 1:colcon.colcon_core.environment:checking '/home/kan/lab/course/unitree_go2_ros2_jazzy1/install/yolo_msgs/lib/pkgconfig/yolo_msgs.pc'
[8.588s] Level 1:colcon.colcon_core.environment:checking '/home/kan/lab/course/unitree_go2_ros2_jazzy1/install/yolo_msgs/lib/python3.10/site-packages'
[8.589s] Level 1:colcon.colcon_core.environment:checking '/home/kan/lab/course/unitree_go2_ros2_jazzy1/install/yolo_msgs/bin'
[8.589s] INFO:colcon.colcon_core.shell:Creating package script '/home/kan/lab/course/unitree_go2_ros2_jazzy1/install/yolo_msgs/share/yolo_msgs/package.ps1'
[8.590s] INFO:colcon.colcon_core.shell:Creating package descriptor '/home/kan/lab/course/unitree_go2_ros2_jazzy1/install/yolo_msgs/share/yolo_msgs/package.dsv'
[8.590s] INFO:colcon.colcon_core.shell:Creating package script '/home/kan/lab/course/unitree_go2_ros2_jazzy1/install/yolo_msgs/share/yolo_msgs/package.sh'
[8.591s] INFO:colcon.colcon_core.shell:Creating package script '/home/kan/lab/course/unitree_go2_ros2_jazzy1/install/yolo_msgs/share/yolo_msgs/package.bash'
[8.591s] INFO:colcon.colcon_core.shell:Creating package script '/home/kan/lab/course/unitree_go2_ros2_jazzy1/install/yolo_msgs/share/yolo_msgs/package.zsh'
[8.592s] Level 1:colcon.colcon_core.environment:create_file_with_runtime_dependencies(/home/kan/lab/course/unitree_go2_ros2_jazzy1/install/yolo_msgs/share/colcon-core/packages/yolo_msgs)
[8.592s] INFO:colcon.colcon_ros.task.ament_python.build:Building ROS package in '/home/kan/lab/course/unitree_go2_ros2_jazzy1/unitree_go2_ros2_jazzy/yolo_ros/yolo_ros' with build type 'ament_python'
[8.592s] Level 1:colcon.colcon_core.shell:create_environment_hook('yolo_ros', 'ament_prefix_path')
[8.593s] INFO:colcon.colcon_core.shell:Creating environment hook '/home/kan/lab/course/unitree_go2_ros2_jazzy1/install/yolo_ros/share/yolo_ros/hook/ament_prefix_path.ps1'
[8.594s] INFO:colcon.colcon_core.shell:Creating environment descriptor '/home/kan/lab/course/unitree_go2_ros2_jazzy1/install/yolo_ros/share/yolo_ros/hook/ament_prefix_path.dsv'
[8.594s] INFO:colcon.colcon_core.shell:Creating environment hook '/home/kan/lab/course/unitree_go2_ros2_jazzy1/install/yolo_ros/share/yolo_ros/hook/ament_prefix_path.sh'
[8.595s] INFO:colcon.colcon_core.shell:Skip shell extension 'powershell' for command environment: Not usable outside of PowerShell
[8.595s] DEBUG:colcon.colcon_core.shell:Skip shell extension 'dsv' for command environment
[8.822s] INFO:colcon.colcon_core.task.python.build:Building Python package in '/home/kan/lab/course/unitree_go2_ros2_jazzy1/unitree_go2_ros2_jazzy/yolo_ros/yolo_ros'
[8.823s] INFO:colcon.colcon_core.shell:Skip shell extension 'powershell' for command environment: Not usable outside of PowerShell
[8.823s] DEBUG:colcon.colcon_core.shell:Skip shell extension 'dsv' for command environment
[8.828s] DEBUG:colcon.colcon_core.event_handler.log_command:Invoked command in '/home/kan/lab/course/unitree_go2_ros2_jazzy1/build/ros2_unitree_legged_msgs' returned '0': CMAKE_PREFIX_PATH=/opt/ros/humble /usr/bin/cmake --build /home/kan/lab/course/unitree_go2_ros2_jazzy1/build/ros2_unitree_legged_msgs -- -j8 -l8
[8.829s] DEBUG:colcon.colcon_core.event_handler.log_command:Invoking command in '/home/kan/lab/course/unitree_go2_ros2_jazzy1/build/ros2_unitree_legged_msgs': CMAKE_PREFIX_PATH=/opt/ros/humble /usr/bin/cmake --install /home/kan/lab/course/unitree_go2_ros2_jazzy1/build/ros2_unitree_legged_msgs
[8.913s] Level 1:colcon.colcon_core.environment:create_environment_scripts_only(ros2_unitree_legged_msgs)
[8.913s] Level 1:colcon.colcon_core.environment:checking '/home/kan/lab/course/unitree_go2_ros2_jazzy1/install/ros2_unitree_legged_msgs' for CMake module files
[8.914s] DEBUG:colcon.colcon_core.event_handler.log_command:Invoked command in '/home/kan/lab/course/unitree_go2_ros2_jazzy1/build/ros2_unitree_legged_msgs' returned '0': CMAKE_PREFIX_PATH=/opt/ros/humble /usr/bin/cmake --install /home/kan/lab/course/unitree_go2_ros2_jazzy1/build/ros2_unitree_legged_msgs
[8.914s] Level 1:colcon.colcon_core.environment:checking '/home/kan/lab/course/unitree_go2_ros2_jazzy1/install/ros2_unitree_legged_msgs' for CMake config files
[8.914s] Level 1:colcon.colcon_core.shell:create_environment_hook('ros2_unitree_legged_msgs', 'cmake_prefix_path')
[8.915s] INFO:colcon.colcon_core.shell:Creating environment hook '/home/kan/lab/course/unitree_go2_ros2_jazzy1/install/ros2_unitree_legged_msgs/share/ros2_unitree_legged_msgs/hook/cmake_prefix_path.ps1'
[8.915s] INFO:colcon.colcon_core.shell:Creating environment descriptor '/home/kan/lab/course/unitree_go2_ros2_jazzy1/install/ros2_unitree_legged_msgs/share/ros2_unitree_legged_msgs/hook/cmake_prefix_path.dsv'
[8.915s] INFO:colcon.colcon_core.shell:Creating environment hook '/home/kan/lab/course/unitree_go2_ros2_jazzy1/install/ros2_unitree_legged_msgs/share/ros2_unitree_legged_msgs/hook/cmake_prefix_path.sh'
[8.916s] Level 1:colcon.colcon_core.environment:checking '/home/kan/lab/course/unitree_go2_ros2_jazzy1/install/ros2_unitree_legged_msgs/lib'
[8.916s] Level 1:colcon.colcon_core.shell:create_environment_hook('ros2_unitree_legged_msgs', 'ld_library_path_lib')
[8.916s] INFO:colcon.colcon_core.shell:Creating environment hook '/home/kan/lab/course/unitree_go2_ros2_jazzy1/install/ros2_unitree_legged_msgs/share/ros2_unitree_legged_msgs/hook/ld_library_path_lib.ps1'
[8.916s] INFO:colcon.colcon_core.shell:Creating environment descriptor '/home/kan/lab/course/unitree_go2_ros2_jazzy1/install/ros2_unitree_legged_msgs/share/ros2_unitree_legged_msgs/hook/ld_library_path_lib.dsv'
[8.916s] INFO:colcon.colcon_core.shell:Creating environment hook '/home/kan/lab/course/unitree_go2_ros2_jazzy1/install/ros2_unitree_legged_msgs/share/ros2_unitree_legged_msgs/hook/ld_library_path_lib.sh'
[8.917s] Level 1:colcon.colcon_core.environment:checking '/home/kan/lab/course/unitree_go2_ros2_jazzy1/install/ros2_unitree_legged_msgs/bin'
[8.917s] Level 1:colcon.colcon_core.environment:checking '/home/kan/lab/course/unitree_go2_ros2_jazzy1/install/ros2_unitree_legged_msgs/lib/pkgconfig/ros2_unitree_legged_msgs.pc'
[8.917s] Level 1:colcon.colcon_core.environment:checking '/home/kan/lab/course/unitree_go2_ros2_jazzy1/install/ros2_unitree_legged_msgs/lib/python3.10/site-packages'
[8.917s] Level 1:colcon.colcon_core.environment:checking '/home/kan/lab/course/unitree_go2_ros2_jazzy1/install/ros2_unitree_legged_msgs/bin'
[8.917s] INFO:colcon.colcon_core.shell:Creating package script '/home/kan/lab/course/unitree_go2_ros2_jazzy1/install/ros2_unitree_legged_msgs/share/ros2_unitree_legged_msgs/package.ps1'
[8.918s] INFO:colcon.colcon_core.shell:Creating package descriptor '/home/kan/lab/course/unitree_go2_ros2_jazzy1/install/ros2_unitree_legged_msgs/share/ros2_unitree_legged_msgs/package.dsv'
[8.918s] INFO:colcon.colcon_core.shell:Creating package script '/home/kan/lab/course/unitree_go2_ros2_jazzy1/install/ros2_unitree_legged_msgs/share/ros2_unitree_legged_msgs/package.sh'
[8.918s] INFO:colcon.colcon_core.shell:Creating package script '/home/kan/lab/course/unitree_go2_ros2_jazzy1/install/ros2_unitree_legged_msgs/share/ros2_unitree_legged_msgs/package.bash'
[8.919s] INFO:colcon.colcon_core.shell:Creating package script '/home/kan/lab/course/unitree_go2_ros2_jazzy1/install/ros2_unitree_legged_msgs/share/ros2_unitree_legged_msgs/package.zsh'
[8.919s] Level 1:colcon.colcon_core.environment:create_file_with_runtime_dependencies(/home/kan/lab/course/unitree_go2_ros2_jazzy1/install/ros2_unitree_legged_msgs/share/colcon-core/packages/ros2_unitree_legged_msgs)
[8.919s] Level 1:colcon.colcon_core.environment:create_environment_scripts_only(ros2_unitree_legged_msgs)
[8.919s] Level 1:colcon.colcon_core.environment:checking '/home/kan/lab/course/unitree_go2_ros2_jazzy1/install/ros2_unitree_legged_msgs' for CMake module files
[8.920s] Level 1:colcon.colcon_core.environment:checking '/home/kan/lab/course/unitree_go2_ros2_jazzy1/install/ros2_unitree_legged_msgs' for CMake config files
[8.920s] Level 1:colcon.colcon_core.shell:create_environment_hook('ros2_unitree_legged_msgs', 'cmake_prefix_path')
[8.920s] INFO:colcon.colcon_core.shell:Creating environment hook '/home/kan/lab/course/unitree_go2_ros2_jazzy1/install/ros2_unitree_legged_msgs/share/ros2_unitree_legged_msgs/hook/cmake_prefix_path.ps1'
[8.921s] INFO:colcon.colcon_core.shell:Creating environment descriptor '/home/kan/lab/course/unitree_go2_ros2_jazzy1/install/ros2_unitree_legged_msgs/share/ros2_unitree_legged_msgs/hook/cmake_prefix_path.dsv'
[8.921s] INFO:colcon.colcon_core.shell:Creating environment hook '/home/kan/lab/course/unitree_go2_ros2_jazzy1/install/ros2_unitree_legged_msgs/share/ros2_unitree_legged_msgs/hook/cmake_prefix_path.sh'
[8.921s] Level 1:colcon.colcon_core.environment:checking '/home/kan/lab/course/unitree_go2_ros2_jazzy1/install/ros2_unitree_legged_msgs/lib'
[8.921s] Level 1:colcon.colcon_core.shell:create_environment_hook('ros2_unitree_legged_msgs', 'ld_library_path_lib')
[8.922s] INFO:colcon.colcon_core.shell:Creating environment hook '/home/kan/lab/course/unitree_go2_ros2_jazzy1/install/ros2_unitree_legged_msgs/share/ros2_unitree_legged_msgs/hook/ld_library_path_lib.ps1'
[8.922s] INFO:colcon.colcon_core.shell:Creating environment descriptor '/home/kan/lab/course/unitree_go2_ros2_jazzy1/install/ros2_unitree_legged_msgs/share/ros2_unitree_legged_msgs/hook/ld_library_path_lib.dsv'
[8.922s] INFO:colcon.colcon_core.shell:Creating environment hook '/home/kan/lab/course/unitree_go2_ros2_jazzy1/install/ros2_unitree_legged_msgs/share/ros2_unitree_legged_msgs/hook/ld_library_path_lib.sh'
[8.922s] Level 1:colcon.colcon_core.environment:checking '/home/kan/lab/course/unitree_go2_ros2_jazzy1/install/ros2_unitree_legged_msgs/bin'
[8.923s] Level 1:colcon.colcon_core.environment:checking '/home/kan/lab/course/unitree_go2_ros2_jazzy1/install/ros2_unitree_legged_msgs/lib/pkgconfig/ros2_unitree_legged_msgs.pc'
[8.923s] Level 1:colcon.colcon_core.environment:checking '/home/kan/lab/course/unitree_go2_ros2_jazzy1/install/ros2_unitree_legged_msgs/lib/python3.10/site-packages'
[8.923s] Level 1:colcon.colcon_core.environment:checking '/home/kan/lab/course/unitree_go2_ros2_jazzy1/install/ros2_unitree_legged_msgs/bin'
[8.923s] INFO:colcon.colcon_core.shell:Creating package script '/home/kan/lab/course/unitree_go2_ros2_jazzy1/install/ros2_unitree_legged_msgs/share/ros2_unitree_legged_msgs/package.ps1'
[8.924s] INFO:colcon.colcon_core.shell:Creating package descriptor '/home/kan/lab/course/unitree_go2_ros2_jazzy1/install/ros2_unitree_legged_msgs/share/ros2_unitree_legged_msgs/package.dsv'
[8.924s] INFO:colcon.colcon_core.shell:Creating package script '/home/kan/lab/course/unitree_go2_ros2_jazzy1/install/ros2_unitree_legged_msgs/share/ros2_unitree_legged_msgs/package.sh'
[8.924s] INFO:colcon.colcon_core.shell:Creating package script '/home/kan/lab/course/unitree_go2_ros2_jazzy1/install/ros2_unitree_legged_msgs/share/ros2_unitree_legged_msgs/package.bash'
[8.925s] INFO:colcon.colcon_core.shell:Creating package script '/home/kan/lab/course/unitree_go2_ros2_jazzy1/install/ros2_unitree_legged_msgs/share/ros2_unitree_legged_msgs/package.zsh'
[8.925s] Level 1:colcon.colcon_core.environment:create_file_with_runtime_dependencies(/home/kan/lab/course/unitree_go2_ros2_jazzy1/install/ros2_unitree_legged_msgs/share/colcon-core/packages/ros2_unitree_legged_msgs)
[8.925s] INFO:colcon.colcon_ros.task.ament_cmake.build:Building ROS package in '/home/kan/lab/course/unitree_go2_ros2_jazzy1/unitree_go2_ros2_jazzy/ros2_unitree_legged_controller' with build type 'ament_cmake'
[8.925s] INFO:colcon.colcon_cmake.task.cmake.build:Building CMake package in '/home/kan/lab/course/unitree_go2_ros2_jazzy1/unitree_go2_ros2_jazzy/ros2_unitree_legged_controller'
[8.926s] INFO:colcon.colcon_core.shell:Skip shell extension 'powershell' for command environment: Not usable outside of PowerShell
[8.926s] DEBUG:colcon.colcon_core.shell:Skip shell extension 'dsv' for command environment
[8.929s] INFO:colcon.colcon_ros.task.ament_cmake.build:Building ROS package in '/home/kan/lab/course/unitree_go2_ros2_jazzy1/unitree_go2_ros2_jazzy/unitree_guide2' with build type 'ament_cmake'
[8.929s] INFO:colcon.colcon_cmake.task.cmake.build:Building CMake package in '/home/kan/lab/course/unitree_go2_ros2_jazzy1/unitree_go2_ros2_jazzy/unitree_guide2'
[8.929s] INFO:colcon.colcon_core.shell:Skip shell extension 'powershell' for command environment: Not usable outside of PowerShell
[8.929s] DEBUG:colcon.colcon_core.shell:Skip shell extension 'dsv' for command environment
[8.934s] DEBUG:colcon.colcon_core.event_handler.log_command:Invoking command in '/home/kan/lab/course/unitree_go2_ros2_jazzy1/build/ros2_unitree_legged_control': AMENT_PREFIX_PATH=/home/kan/lab/course/unitree_go2_ros2_jazzy1/install/ros2_unitree_legged_msgs:${AMENT_PREFIX_PATH} CMAKE_PREFIX_PATH=/home/kan/lab/course/unitree_go2_ros2_jazzy1/install/ros2_unitree_legged_msgs:/opt/ros/humble LD_LIBRARY_PATH=/home/kan/lab/course/unitree_go2_ros2_jazzy1/install/ros2_unitree_legged_msgs/lib:${LD_LIBRARY_PATH} PYTHONPATH=/home/kan/lab/course/unitree_go2_ros2_jazzy1/install/ros2_unitree_legged_msgs/local/lib/python3.10/dist-packages:${PYTHONPATH} /usr/bin/cmake /home/kan/lab/course/unitree_go2_ros2_jazzy1/unitree_go2_ros2_jazzy/ros2_unitree_legged_controller -DCMAKE_INSTALL_PREFIX=/home/kan/lab/course/unitree_go2_ros2_jazzy1/install/ros2_unitree_legged_control
[8.936s] DEBUG:colcon.colcon_core.event_handler.log_command:Invoking command in '/home/kan/lab/course/unitree_go2_ros2_jazzy1/build/unitree_guide2': AMENT_PREFIX_PATH=/home/kan/lab/course/unitree_go2_ros2_jazzy1/install/ros2_unitree_legged_msgs:${AMENT_PREFIX_PATH} CMAKE_PREFIX_PATH=/home/kan/lab/course/unitree_go2_ros2_jazzy1/install/ros2_unitree_legged_msgs:/opt/ros/humble LD_LIBRARY_PATH=/home/kan/lab/course/unitree_go2_ros2_jazzy1/install/ros2_unitree_legged_msgs/lib:${LD_LIBRARY_PATH} PYTHONPATH=/home/kan/lab/course/unitree_go2_ros2_jazzy1/install/ros2_unitree_legged_msgs/local/lib/python3.10/dist-packages:${PYTHONPATH} /usr/bin/cmake /home/kan/lab/course/unitree_go2_ros2_jazzy1/unitree_go2_ros2_jazzy/unitree_guide2 -DCMAKE_INSTALL_PREFIX=/home/kan/lab/course/unitree_go2_ros2_jazzy1/install/unitree_guide2
[9.309s] DEBUG:colcon.colcon_core.event_handler.log_command:Invoking command in '/home/kan/lab/course/unitree_go2_ros2_jazzy1/unitree_go2_ros2_jazzy/yolo_ros/yolo_ros': AMENT_PREFIX_PATH=/home/kan/lab/course/unitree_go2_ros2_jazzy1/install/yolo_msgs:${AMENT_PREFIX_PATH} CMAKE_PREFIX_PATH=/home/kan/lab/course/unitree_go2_ros2_jazzy1/install/yolo_msgs LD_LIBRARY_PATH=/home/kan/lab/course/unitree_go2_ros2_jazzy1/install/yolo_msgs/lib:${LD_LIBRARY_PATH} PYTHONPATH=/home/kan/lab/course/unitree_go2_ros2_jazzy1/build/yolo_ros/prefix_override:/usr/lib/python3/dist-packages/colcon_core/task/python/colcon_distutils_commands:/home/kan/lab/course/unitree_go2_ros2_jazzy1/install/yolo_ros/lib/python3.10/site-packages:/home/kan/lab/course/unitree_go2_ros2_jazzy1/install/yolo_msgs/local/lib/python3.10/dist-packages:${PYTHONPATH} /usr/bin/python3 -W ignore:setup.py install is deprecated -W ignore:easy_install command is deprecated setup.py egg_info --egg-base ../../../build/yolo_ros build --build-base /home/kan/lab/course/unitree_go2_ros2_jazzy1/build/yolo_ros/build install --record /home/kan/lab/course/unitree_go2_ros2_jazzy1/build/yolo_ros/install.log --single-version-externally-managed install_data
[9.748s] Level 1:colcon.colcon_core.environment:checking '/home/kan/lab/course/unitree_go2_ros2_jazzy1/install/yolo_ros' for CMake module files
[9.749s] DEBUG:colcon.colcon_core.event_handler.log_command:Invoked command in '/home/kan/lab/course/unitree_go2_ros2_jazzy1/unitree_go2_ros2_jazzy/yolo_ros/yolo_ros' returned '0': AMENT_PREFIX_PATH=/home/kan/lab/course/unitree_go2_ros2_jazzy1/install/yolo_msgs:${AMENT_PREFIX_PATH} CMAKE_PREFIX_PATH=/home/kan/lab/course/unitree_go2_ros2_jazzy1/install/yolo_msgs LD_LIBRARY_PATH=/home/kan/lab/course/unitree_go2_ros2_jazzy1/install/yolo_msgs/lib:${LD_LIBRARY_PATH} PYTHONPATH=/home/kan/lab/course/unitree_go2_ros2_jazzy1/build/yolo_ros/prefix_override:/usr/lib/python3/dist-packages/colcon_core/task/python/colcon_distutils_commands:/home/kan/lab/course/unitree_go2_ros2_jazzy1/install/yolo_ros/lib/python3.10/site-packages:/home/kan/lab/course/unitree_go2_ros2_jazzy1/install/yolo_msgs/local/lib/python3.10/dist-packages:${PYTHONPATH} /usr/bin/python3 -W ignore:setup.py install is deprecated -W ignore:easy_install command is deprecated setup.py egg_info --egg-base ../../../build/yolo_ros build --build-base /home/kan/lab/course/unitree_go2_ros2_jazzy1/build/yolo_ros/build install --record /home/kan/lab/course/unitree_go2_ros2_jazzy1/build/yolo_ros/install.log --single-version-externally-managed install_data
[9.749s] Level 1:colcon.colcon_core.environment:checking '/home/kan/lab/course/unitree_go2_ros2_jazzy1/install/yolo_ros' for CMake config files
[9.749s] Level 1:colcon.colcon_core.environment:checking '/home/kan/lab/course/unitree_go2_ros2_jazzy1/install/yolo_ros/lib'
[9.749s] Level 1:colcon.colcon_core.environment:checking '/home/kan/lab/course/unitree_go2_ros2_jazzy1/install/yolo_ros/bin'
[9.749s] Level 1:colcon.colcon_core.environment:checking '/home/kan/lab/course/unitree_go2_ros2_jazzy1/install/yolo_ros/lib/pkgconfig/yolo_ros.pc'
[9.750s] Level 1:colcon.colcon_core.environment:checking '/home/kan/lab/course/unitree_go2_ros2_jazzy1/install/yolo_ros/lib/python3.10/site-packages'
[9.750s] Level 1:colcon.colcon_core.shell:create_environment_hook('yolo_ros', 'pythonpath')
[9.750s] INFO:colcon.colcon_core.shell:Creating environment hook '/home/kan/lab/course/unitree_go2_ros2_jazzy1/install/yolo_ros/share/yolo_ros/hook/pythonpath.ps1'
[9.750s] INFO:colcon.colcon_core.shell:Creating environment descriptor '/home/kan/lab/course/unitree_go2_ros2_jazzy1/install/yolo_ros/share/yolo_ros/hook/pythonpath.dsv'
[9.750s] INFO:colcon.colcon_core.shell:Creating environment hook '/home/kan/lab/course/unitree_go2_ros2_jazzy1/install/yolo_ros/share/yolo_ros/hook/pythonpath.sh'
[9.751s] Level 1:colcon.colcon_core.environment:checking '/home/kan/lab/course/unitree_go2_ros2_jazzy1/install/yolo_ros/bin'
[9.751s] Level 1:colcon.colcon_core.environment:create_environment_scripts_only(yolo_ros)
[9.751s] INFO:colcon.colcon_core.shell:Creating package script '/home/kan/lab/course/unitree_go2_ros2_jazzy1/install/yolo_ros/share/yolo_ros/package.ps1'
[9.751s] INFO:colcon.colcon_core.shell:Creating package descriptor '/home/kan/lab/course/unitree_go2_ros2_jazzy1/install/yolo_ros/share/yolo_ros/package.dsv'
[9.752s] INFO:colcon.colcon_core.shell:Creating package script '/home/kan/lab/course/unitree_go2_ros2_jazzy1/install/yolo_ros/share/yolo_ros/package.sh'
[9.752s] INFO:colcon.colcon_core.shell:Creating package script '/home/kan/lab/course/unitree_go2_ros2_jazzy1/install/yolo_ros/share/yolo_ros/package.bash'
[9.752s] INFO:colcon.colcon_core.shell:Creating package script '/home/kan/lab/course/unitree_go2_ros2_jazzy1/install/yolo_ros/share/yolo_ros/package.zsh'
[9.753s] Level 1:colcon.colcon_core.environment:create_file_with_runtime_dependencies(/home/kan/lab/course/unitree_go2_ros2_jazzy1/install/yolo_ros/share/colcon-core/packages/yolo_ros)
[9.753s] INFO:colcon.colcon_ros.task.ament_cmake.build:Building ROS package in '/home/kan/lab/course/unitree_go2_ros2_jazzy1/unitree_go2_ros2_jazzy/yolo_ros/yolo_bringup' with build type 'ament_cmake'
[9.753s] INFO:colcon.colcon_cmake.task.cmake.build:Building CMake package in '/home/kan/lab/course/unitree_go2_ros2_jazzy1/unitree_go2_ros2_jazzy/yolo_ros/yolo_bringup'
[9.753s] INFO:colcon.colcon_core.shell:Skip shell extension 'powershell' for command environment: Not usable outside of PowerShell
[9.753s] DEBUG:colcon.colcon_core.shell:Skip shell extension 'dsv' for command environment
[9.760s] DEBUG:colcon.colcon_core.event_handler.log_command:Invoking command in '/home/kan/lab/course/unitree_go2_ros2_jazzy1/build/yolo_bringup': AMENT_PREFIX_PATH=/home/kan/lab/course/unitree_go2_ros2_jazzy1/install/yolo_ros:/home/kan/lab/course/unitree_go2_ros2_jazzy1/install/yolo_msgs:${AMENT_PREFIX_PATH} CMAKE_PREFIX_PATH=/home/kan/lab/course/unitree_go2_ros2_jazzy1/install/yolo_msgs:/opt/ros/humble LD_LIBRARY_PATH=/home/kan/lab/course/unitree_go2_ros2_jazzy1/install/yolo_msgs/lib:${LD_LIBRARY_PATH} PYTHONPATH=/home/kan/lab/course/unitree_go2_ros2_jazzy1/install/yolo_ros/lib/python3.10/site-packages:/home/kan/lab/course/unitree_go2_ros2_jazzy1/install/yolo_msgs/local/lib/python3.10/dist-packages:${PYTHONPATH} /usr/bin/cmake /home/kan/lab/course/unitree_go2_ros2_jazzy1/unitree_go2_ros2_jazzy/yolo_ros/yolo_bringup -DCMAKE_INSTALL_PREFIX=/home/kan/lab/course/unitree_go2_ros2_jazzy1/install/yolo_bringup
[10.372s] DEBUG:colcon.colcon_core.event_handler.log_command:Invoked command in '/home/kan/lab/course/unitree_go2_ros2_jazzy1/build/ros2_unitree_legged_control' returned '0': AMENT_PREFIX_PATH=/home/kan/lab/course/unitree_go2_ros2_jazzy1/install/ros2_unitree_legged_msgs:${AMENT_PREFIX_PATH} CMAKE_PREFIX_PATH=/home/kan/lab/course/unitree_go2_ros2_jazzy1/install/ros2_unitree_legged_msgs:/opt/ros/humble LD_LIBRARY_PATH=/home/kan/lab/course/unitree_go2_ros2_jazzy1/install/ros2_unitree_legged_msgs/lib:${LD_LIBRARY_PATH} PYTHONPATH=/home/kan/lab/course/unitree_go2_ros2_jazzy1/install/ros2_unitree_legged_msgs/local/lib/python3.10/dist-packages:${PYTHONPATH} /usr/bin/cmake /home/kan/lab/course/unitree_go2_ros2_jazzy1/unitree_go2_ros2_jazzy/ros2_unitree_legged_controller -DCMAKE_INSTALL_PREFIX=/home/kan/lab/course/unitree_go2_ros2_jazzy1/install/ros2_unitree_legged_control
[10.373s] DEBUG:colcon.colcon_core.event_handler.log_command:Invoking command in '/home/kan/lab/course/unitree_go2_ros2_jazzy1/build/ros2_unitree_legged_control': AMENT_PREFIX_PATH=/home/kan/lab/course/unitree_go2_ros2_jazzy1/install/ros2_unitree_legged_msgs:${AMENT_PREFIX_PATH} CMAKE_PREFIX_PATH=/home/kan/lab/course/unitree_go2_ros2_jazzy1/install/ros2_unitree_legged_msgs:/opt/ros/humble LD_LIBRARY_PATH=/home/kan/lab/course/unitree_go2_ros2_jazzy1/install/ros2_unitree_legged_msgs/lib:${LD_LIBRARY_PATH} PYTHONPATH=/home/kan/lab/course/unitree_go2_ros2_jazzy1/install/ros2_unitree_legged_msgs/local/lib/python3.10/dist-packages:${PYTHONPATH} /usr/bin/cmake --build /home/kan/lab/course/unitree_go2_ros2_jazzy1/build/ros2_unitree_legged_control -- -j8 -l8
[10.450s] DEBUG:colcon.colcon_core.event_handler.log_command:Invoked command in '/home/kan/lab/course/unitree_go2_ros2_jazzy1/build/yolo_bringup' returned '0': AMENT_PREFIX_PATH=/home/kan/lab/course/unitree_go2_ros2_jazzy1/install/yolo_ros:/home/kan/lab/course/unitree_go2_ros2_jazzy1/install/yolo_msgs:${AMENT_PREFIX_PATH} CMAKE_PREFIX_PATH=/home/kan/lab/course/unitree_go2_ros2_jazzy1/install/yolo_msgs:/opt/ros/humble LD_LIBRARY_PATH=/home/kan/lab/course/unitree_go2_ros2_jazzy1/install/yolo_msgs/lib:${LD_LIBRARY_PATH} PYTHONPATH=/home/kan/lab/course/unitree_go2_ros2_jazzy1/install/yolo_ros/lib/python3.10/site-packages:/home/kan/lab/course/unitree_go2_ros2_jazzy1/install/yolo_msgs/local/lib/python3.10/dist-packages:${PYTHONPATH} /usr/bin/cmake /home/kan/lab/course/unitree_go2_ros2_jazzy1/unitree_go2_ros2_jazzy/yolo_ros/yolo_bringup -DCMAKE_INSTALL_PREFIX=/home/kan/lab/course/unitree_go2_ros2_jazzy1/install/yolo_bringup
[10.451s] DEBUG:colcon.colcon_core.event_handler.log_command:Invoking command in '/home/kan/lab/course/unitree_go2_ros2_jazzy1/build/yolo_bringup': AMENT_PREFIX_PATH=/home/kan/lab/course/unitree_go2_ros2_jazzy1/install/yolo_ros:/home/kan/lab/course/unitree_go2_ros2_jazzy1/install/yolo_msgs:${AMENT_PREFIX_PATH} CMAKE_PREFIX_PATH=/home/kan/lab/course/unitree_go2_ros2_jazzy1/install/yolo_msgs:/opt/ros/humble LD_LIBRARY_PATH=/home/kan/lab/course/unitree_go2_ros2_jazzy1/install/yolo_msgs/lib:${LD_LIBRARY_PATH} PYTHONPATH=/home/kan/lab/course/unitree_go2_ros2_jazzy1/install/yolo_ros/lib/python3.10/site-packages:/home/kan/lab/course/unitree_go2_ros2_jazzy1/install/yolo_msgs/local/lib/python3.10/dist-packages:${PYTHONPATH} /usr/bin/cmake --build /home/kan/lab/course/unitree_go2_ros2_jazzy1/build/yolo_bringup -- -j8 -l8
[10.479s] DEBUG:colcon.colcon_core.event_handler.log_command:Invoked command in '/home/kan/lab/course/unitree_go2_ros2_jazzy1/build/yolo_bringup' returned '0': AMENT_PREFIX_PATH=/home/kan/lab/course/unitree_go2_ros2_jazzy1/install/yolo_ros:/home/kan/lab/course/unitree_go2_ros2_jazzy1/install/yolo_msgs:${AMENT_PREFIX_PATH} CMAKE_PREFIX_PATH=/home/kan/lab/course/unitree_go2_ros2_jazzy1/install/yolo_msgs:/opt/ros/humble LD_LIBRARY_PATH=/home/kan/lab/course/unitree_go2_ros2_jazzy1/install/yolo_msgs/lib:${LD_LIBRARY_PATH} PYTHONPATH=/home/kan/lab/course/unitree_go2_ros2_jazzy1/install/yolo_ros/lib/python3.10/site-packages:/home/kan/lab/course/unitree_go2_ros2_jazzy1/install/yolo_msgs/local/lib/python3.10/dist-packages:${PYTHONPATH} /usr/bin/cmake --build /home/kan/lab/course/unitree_go2_ros2_jazzy1/build/yolo_bringup -- -j8 -l8
[10.480s] DEBUG:colcon.colcon_core.event_handler.log_command:Invoking command in '/home/kan/lab/course/unitree_go2_ros2_jazzy1/build/yolo_bringup': AMENT_PREFIX_PATH=/home/kan/lab/course/unitree_go2_ros2_jazzy1/install/yolo_ros:/home/kan/lab/course/unitree_go2_ros2_jazzy1/install/yolo_msgs:${AMENT_PREFIX_PATH} CMAKE_PREFIX_PATH=/home/kan/lab/course/unitree_go2_ros2_jazzy1/install/yolo_msgs:/opt/ros/humble LD_LIBRARY_PATH=/home/kan/lab/course/unitree_go2_ros2_jazzy1/install/yolo_msgs/lib:${LD_LIBRARY_PATH} PYTHONPATH=/home/kan/lab/course/unitree_go2_ros2_jazzy1/install/yolo_ros/lib/python3.10/site-packages:/home/kan/lab/course/unitree_go2_ros2_jazzy1/install/yolo_msgs/local/lib/python3.10/dist-packages:${PYTHONPATH} /usr/bin/cmake --install /home/kan/lab/course/unitree_go2_ros2_jazzy1/build/yolo_bringup
[10.490s] Level 1:colcon.colcon_core.environment:create_environment_scripts_only(yolo_bringup)
[10.490s] Level 1:colcon.colcon_core.environment:checking '/home/kan/lab/course/unitree_go2_ros2_jazzy1/install/yolo_bringup' for CMake module files
[10.490s] DEBUG:colcon.colcon_core.event_handler.log_command:Invoked command in '/home/kan/lab/course/unitree_go2_ros2_jazzy1/build/yolo_bringup' returned '0': AMENT_PREFIX_PATH=/home/kan/lab/course/unitree_go2_ros2_jazzy1/install/yolo_ros:/home/kan/lab/course/unitree_go2_ros2_jazzy1/install/yolo_msgs:${AMENT_PREFIX_PATH} CMAKE_PREFIX_PATH=/home/kan/lab/course/unitree_go2_ros2_jazzy1/install/yolo_msgs:/opt/ros/humble LD_LIBRARY_PATH=/home/kan/lab/course/unitree_go2_ros2_jazzy1/install/yolo_msgs/lib:${LD_LIBRARY_PATH} PYTHONPATH=/home/kan/lab/course/unitree_go2_ros2_jazzy1/install/yolo_ros/lib/python3.10/site-packages:/home/kan/lab/course/unitree_go2_ros2_jazzy1/install/yolo_msgs/local/lib/python3.10/dist-packages:${PYTHONPATH} /usr/bin/cmake --install /home/kan/lab/course/unitree_go2_ros2_jazzy1/build/yolo_bringup
[10.491s] Level 1:colcon.colcon_core.environment:checking '/home/kan/lab/course/unitree_go2_ros2_jazzy1/install/yolo_bringup' for CMake config files
[10.491s] Level 1:colcon.colcon_core.shell:create_environment_hook('yolo_bringup', 'cmake_prefix_path')
[10.491s] INFO:colcon.colcon_core.shell:Creating environment hook '/home/kan/lab/course/unitree_go2_ros2_jazzy1/install/yolo_bringup/share/yolo_bringup/hook/cmake_prefix_path.ps1'
[10.492s] INFO:colcon.colcon_core.shell:Creating environment descriptor '/home/kan/lab/course/unitree_go2_ros2_jazzy1/install/yolo_bringup/share/yolo_bringup/hook/cmake_prefix_path.dsv'
[10.492s] INFO:colcon.colcon_core.shell:Creating environment hook '/home/kan/lab/course/unitree_go2_ros2_jazzy1/install/yolo_bringup/share/yolo_bringup/hook/cmake_prefix_path.sh'
[10.493s] Level 1:colcon.colcon_core.environment:checking '/home/kan/lab/course/unitree_go2_ros2_jazzy1/install/yolo_bringup/bin'
[10.493s] Level 1:colcon.colcon_core.environment:checking '/home/kan/lab/course/unitree_go2_ros2_jazzy1/install/yolo_bringup/lib/pkgconfig/yolo_bringup.pc'
[10.493s] Level 1:colcon.colcon_core.environment:checking '/home/kan/lab/course/unitree_go2_ros2_jazzy1/install/yolo_bringup/lib/python3.10/site-packages'
[10.494s] Level 1:colcon.colcon_core.environment:checking '/home/kan/lab/course/unitree_go2_ros2_jazzy1/install/yolo_bringup/bin'
[10.494s] INFO:colcon.colcon_core.shell:Creating package script '/home/kan/lab/course/unitree_go2_ros2_jazzy1/install/yolo_bringup/share/yolo_bringup/package.ps1'
[10.495s] INFO:colcon.colcon_core.shell:Creating package descriptor '/home/kan/lab/course/unitree_go2_ros2_jazzy1/install/yolo_bringup/share/yolo_bringup/package.dsv'
[10.495s] INFO:colcon.colcon_core.shell:Creating package script '/home/kan/lab/course/unitree_go2_ros2_jazzy1/install/yolo_bringup/share/yolo_bringup/package.sh'
[10.495s] INFO:colcon.colcon_core.shell:Creating package script '/home/kan/lab/course/unitree_go2_ros2_jazzy1/install/yolo_bringup/share/yolo_bringup/package.bash'
[10.496s] INFO:colcon.colcon_core.shell:Creating package script '/home/kan/lab/course/unitree_go2_ros2_jazzy1/install/yolo_bringup/share/yolo_bringup/package.zsh'
[10.496s] Level 1:colcon.colcon_core.environment:create_file_with_runtime_dependencies(/home/kan/lab/course/unitree_go2_ros2_jazzy1/install/yolo_bringup/share/colcon-core/packages/yolo_bringup)
[10.497s] Level 1:colcon.colcon_core.environment:create_environment_scripts_only(yolo_bringup)
[10.497s] Level 1:colcon.colcon_core.environment:checking '/home/kan/lab/course/unitree_go2_ros2_jazzy1/install/yolo_bringup' for CMake module files
[10.498s] Level 1:colcon.colcon_core.environment:checking '/home/kan/lab/course/unitree_go2_ros2_jazzy1/install/yolo_bringup' for CMake config files
[10.498s] Level 1:colcon.colcon_core.shell:create_environment_hook('yolo_bringup', 'cmake_prefix_path')
[10.498s] INFO:colcon.colcon_core.shell:Creating environment hook '/home/kan/lab/course/unitree_go2_ros2_jazzy1/install/yolo_bringup/share/yolo_bringup/hook/cmake_prefix_path.ps1'
[10.499s] INFO:colcon.colcon_core.shell:Creating environment descriptor '/home/kan/lab/course/unitree_go2_ros2_jazzy1/install/yolo_bringup/share/yolo_bringup/hook/cmake_prefix_path.dsv'
[10.499s] INFO:colcon.colcon_core.shell:Creating environment hook '/home/kan/lab/course/unitree_go2_ros2_jazzy1/install/yolo_bringup/share/yolo_bringup/hook/cmake_prefix_path.sh'
[10.500s] Level 1:colcon.colcon_core.environment:checking '/home/kan/lab/course/unitree_go2_ros2_jazzy1/install/yolo_bringup/bin'
[10.500s] Level 1:colcon.colcon_core.environment:checking '/home/kan/lab/course/unitree_go2_ros2_jazzy1/install/yolo_bringup/lib/pkgconfig/yolo_bringup.pc'
[10.500s] Level 1:colcon.colcon_core.environment:checking '/home/kan/lab/course/unitree_go2_ros2_jazzy1/install/yolo_bringup/lib/python3.10/site-packages'
[10.501s] Level 1:colcon.colcon_core.environment:checking '/home/kan/lab/course/unitree_go2_ros2_jazzy1/install/yolo_bringup/bin'
[10.501s] INFO:colcon.colcon_core.shell:Creating package script '/home/kan/lab/course/unitree_go2_ros2_jazzy1/install/yolo_bringup/share/yolo_bringup/package.ps1'
[10.501s] INFO:colcon.colcon_core.shell:Creating package descriptor '/home/kan/lab/course/unitree_go2_ros2_jazzy1/install/yolo_bringup/share/yolo_bringup/package.dsv'
[10.502s] INFO:colcon.colcon_core.shell:Creating package script '/home/kan/lab/course/unitree_go2_ros2_jazzy1/install/yolo_bringup/share/yolo_bringup/package.sh'
[10.503s] INFO:colcon.colcon_core.shell:Creating package script '/home/kan/lab/course/unitree_go2_ros2_jazzy1/install/yolo_bringup/share/yolo_bringup/package.bash'
[10.503s] INFO:colcon.colcon_core.shell:Creating package script '/home/kan/lab/course/unitree_go2_ros2_jazzy1/install/yolo_bringup/share/yolo_bringup/package.zsh'
[10.503s] Level 1:colcon.colcon_core.environment:create_file_with_runtime_dependencies(/home/kan/lab/course/unitree_go2_ros2_jazzy1/install/yolo_bringup/share/colcon-core/packages/yolo_bringup)
[10.651s] DEBUG:colcon.colcon_core.event_handler.log_command:Invoked command in '/home/kan/lab/course/unitree_go2_ros2_jazzy1/build/unitree_guide2' returned '0': AMENT_PREFIX_PATH=/home/kan/lab/course/unitree_go2_ros2_jazzy1/install/ros2_unitree_legged_msgs:${AMENT_PREFIX_PATH} CMAKE_PREFIX_PATH=/home/kan/lab/course/unitree_go2_ros2_jazzy1/install/ros2_unitree_legged_msgs:/opt/ros/humble LD_LIBRARY_PATH=/home/kan/lab/course/unitree_go2_ros2_jazzy1/install/ros2_unitree_legged_msgs/lib:${LD_LIBRARY_PATH} PYTHONPATH=/home/kan/lab/course/unitree_go2_ros2_jazzy1/install/ros2_unitree_legged_msgs/local/lib/python3.10/dist-packages:${PYTHONPATH} /usr/bin/cmake /home/kan/lab/course/unitree_go2_ros2_jazzy1/unitree_go2_ros2_jazzy/unitree_guide2 -DCMAKE_INSTALL_PREFIX=/home/kan/lab/course/unitree_go2_ros2_jazzy1/install/unitree_guide2
[10.652s] DEBUG:colcon.colcon_core.event_handler.log_command:Invoking command in '/home/kan/lab/course/unitree_go2_ros2_jazzy1/build/unitree_guide2': AMENT_PREFIX_PATH=/home/kan/lab/course/unitree_go2_ros2_jazzy1/install/ros2_unitree_legged_msgs:${AMENT_PREFIX_PATH} CMAKE_PREFIX_PATH=/home/kan/lab/course/unitree_go2_ros2_jazzy1/install/ros2_unitree_legged_msgs:/opt/ros/humble LD_LIBRARY_PATH=/home/kan/lab/course/unitree_go2_ros2_jazzy1/install/ros2_unitree_legged_msgs/lib:${LD_LIBRARY_PATH} PYTHONPATH=/home/kan/lab/course/unitree_go2_ros2_jazzy1/install/ros2_unitree_legged_msgs/local/lib/python3.10/dist-packages:${PYTHONPATH} /usr/bin/cmake --build /home/kan/lab/course/unitree_go2_ros2_jazzy1/build/unitree_guide2 -- -j8 -l8
[11.212s] DEBUG:colcon.colcon_core.event_handler.log_command:Invoked command in '/home/kan/lab/course/unitree_go2_ros2_jazzy1/build/unitree_guide2' returned '0': AMENT_PREFIX_PATH=/home/kan/lab/course/unitree_go2_ros2_jazzy1/install/ros2_unitree_legged_msgs:${AMENT_PREFIX_PATH} CMAKE_PREFIX_PATH=/home/kan/lab/course/unitree_go2_ros2_jazzy1/install/ros2_unitree_legged_msgs:/opt/ros/humble LD_LIBRARY_PATH=/home/kan/lab/course/unitree_go2_ros2_jazzy1/install/ros2_unitree_legged_msgs/lib:${LD_LIBRARY_PATH} PYTHONPATH=/home/kan/lab/course/unitree_go2_ros2_jazzy1/install/ros2_unitree_legged_msgs/local/lib/python3.10/dist-packages:${PYTHONPATH} /usr/bin/cmake --build /home/kan/lab/course/unitree_go2_ros2_jazzy1/build/unitree_guide2 -- -j8 -l8
[11.213s] DEBUG:colcon.colcon_core.event_handler.log_command:Invoking command in '/home/kan/lab/course/unitree_go2_ros2_jazzy1/build/unitree_guide2': AMENT_PREFIX_PATH=/home/kan/lab/course/unitree_go2_ros2_jazzy1/install/ros2_unitree_legged_msgs:${AMENT_PREFIX_PATH} CMAKE_PREFIX_PATH=/home/kan/lab/course/unitree_go2_ros2_jazzy1/install/ros2_unitree_legged_msgs:/opt/ros/humble LD_LIBRARY_PATH=/home/kan/lab/course/unitree_go2_ros2_jazzy1/install/ros2_unitree_legged_msgs/lib:${LD_LIBRARY_PATH} PYTHONPATH=/home/kan/lab/course/unitree_go2_ros2_jazzy1/install/ros2_unitree_legged_msgs/local/lib/python3.10/dist-packages:${PYTHONPATH} /usr/bin/cmake --install /home/kan/lab/course/unitree_go2_ros2_jazzy1/build/unitree_guide2
[11.223s] Level 1:colcon.colcon_core.environment:create_environment_scripts_only(unitree_guide2)
[11.224s] Level 1:colcon.colcon_core.environment:checking '/home/kan/lab/course/unitree_go2_ros2_jazzy1/install/unitree_guide2' for CMake module files
[11.224s] DEBUG:colcon.colcon_core.event_handler.log_command:Invoked command in '/home/kan/lab/course/unitree_go2_ros2_jazzy1/build/unitree_guide2' returned '0': AMENT_PREFIX_PATH=/home/kan/lab/course/unitree_go2_ros2_jazzy1/install/ros2_unitree_legged_msgs:${AMENT_PREFIX_PATH} CMAKE_PREFIX_PATH=/home/kan/lab/course/unitree_go2_ros2_jazzy1/install/ros2_unitree_legged_msgs:/opt/ros/humble LD_LIBRARY_PATH=/home/kan/lab/course/unitree_go2_ros2_jazzy1/install/ros2_unitree_legged_msgs/lib:${LD_LIBRARY_PATH} PYTHONPATH=/home/kan/lab/course/unitree_go2_ros2_jazzy1/install/ros2_unitree_legged_msgs/local/lib/python3.10/dist-packages:${PYTHONPATH} /usr/bin/cmake --install /home/kan/lab/course/unitree_go2_ros2_jazzy1/build/unitree_guide2
[11.225s] Level 1:colcon.colcon_core.environment:checking '/home/kan/lab/course/unitree_go2_ros2_jazzy1/install/unitree_guide2' for CMake config files
[11.225s] Level 1:colcon.colcon_core.shell:create_environment_hook('unitree_guide2', 'cmake_prefix_path')
[11.225s] INFO:colcon.colcon_core.shell:Creating environment hook '/home/kan/lab/course/unitree_go2_ros2_jazzy1/install/unitree_guide2/share/unitree_guide2/hook/cmake_prefix_path.ps1'
[11.225s] INFO:colcon.colcon_core.shell:Creating environment descriptor '/home/kan/lab/course/unitree_go2_ros2_jazzy1/install/unitree_guide2/share/unitree_guide2/hook/cmake_prefix_path.dsv'
[11.226s] INFO:colcon.colcon_core.shell:Creating environment hook '/home/kan/lab/course/unitree_go2_ros2_jazzy1/install/unitree_guide2/share/unitree_guide2/hook/cmake_prefix_path.sh'
[11.226s] Level 1:colcon.colcon_core.environment:checking '/home/kan/lab/course/unitree_go2_ros2_jazzy1/install/unitree_guide2/lib'
[11.226s] Level 1:colcon.colcon_core.environment:checking '/home/kan/lab/course/unitree_go2_ros2_jazzy1/install/unitree_guide2/bin'
[11.226s] Level 1:colcon.colcon_core.environment:checking '/home/kan/lab/course/unitree_go2_ros2_jazzy1/install/unitree_guide2/lib/pkgconfig/unitree_guide2.pc'
[11.227s] Level 1:colcon.colcon_core.environment:checking '/home/kan/lab/course/unitree_go2_ros2_jazzy1/install/unitree_guide2/lib/python3.10/site-packages'
[11.227s] Level 1:colcon.colcon_core.environment:checking '/home/kan/lab/course/unitree_go2_ros2_jazzy1/install/unitree_guide2/bin'
[11.227s] INFO:colcon.colcon_core.shell:Creating package script '/home/kan/lab/course/unitree_go2_ros2_jazzy1/install/unitree_guide2/share/unitree_guide2/package.ps1'
[11.228s] INFO:colcon.colcon_core.shell:Creating package descriptor '/home/kan/lab/course/unitree_go2_ros2_jazzy1/install/unitree_guide2/share/unitree_guide2/package.dsv'
[11.228s] INFO:colcon.colcon_core.shell:Creating package script '/home/kan/lab/course/unitree_go2_ros2_jazzy1/install/unitree_guide2/share/unitree_guide2/package.sh'
[11.229s] INFO:colcon.colcon_core.shell:Creating package script '/home/kan/lab/course/unitree_go2_ros2_jazzy1/install/unitree_guide2/share/unitree_guide2/package.bash'
[11.229s] INFO:colcon.colcon_core.shell:Creating package script '/home/kan/lab/course/unitree_go2_ros2_jazzy1/install/unitree_guide2/share/unitree_guide2/package.zsh'
[11.229s] Level 1:colcon.colcon_core.environment:create_file_with_runtime_dependencies(/home/kan/lab/course/unitree_go2_ros2_jazzy1/install/unitree_guide2/share/colcon-core/packages/unitree_guide2)
[11.230s] Level 1:colcon.colcon_core.environment:create_environment_scripts_only(unitree_guide2)
[11.230s] Level 1:colcon.colcon_core.environment:checking '/home/kan/lab/course/unitree_go2_ros2_jazzy1/install/unitree_guide2' for CMake module files
[11.231s] Level 1:colcon.colcon_core.environment:checking '/home/kan/lab/course/unitree_go2_ros2_jazzy1/install/unitree_guide2' for CMake config files
[11.231s] Level 1:colcon.colcon_core.shell:create_environment_hook('unitree_guide2', 'cmake_prefix_path')
[11.231s] INFO:colcon.colcon_core.shell:Creating environment hook '/home/kan/lab/course/unitree_go2_ros2_jazzy1/install/unitree_guide2/share/unitree_guide2/hook/cmake_prefix_path.ps1'
[11.232s] INFO:colcon.colcon_core.shell:Creating environment descriptor '/home/kan/lab/course/unitree_go2_ros2_jazzy1/install/unitree_guide2/share/unitree_guide2/hook/cmake_prefix_path.dsv'
[11.232s] INFO:colcon.colcon_core.shell:Creating environment hook '/home/kan/lab/course/unitree_go2_ros2_jazzy1/install/unitree_guide2/share/unitree_guide2/hook/cmake_prefix_path.sh'
[11.233s] Level 1:colcon.colcon_core.environment:checking '/home/kan/lab/course/unitree_go2_ros2_jazzy1/install/unitree_guide2/lib'
[11.233s] Level 1:colcon.colcon_core.environment:checking '/home/kan/lab/course/unitree_go2_ros2_jazzy1/install/unitree_guide2/bin'
[11.233s] Level 1:colcon.colcon_core.environment:checking '/home/kan/lab/course/unitree_go2_ros2_jazzy1/install/unitree_guide2/lib/pkgconfig/unitree_guide2.pc'
[11.233s] Level 1:colcon.colcon_core.environment:checking '/home/kan/lab/course/unitree_go2_ros2_jazzy1/install/unitree_guide2/lib/python3.10/site-packages'
[11.234s] Level 1:colcon.colcon_core.environment:checking '/home/kan/lab/course/unitree_go2_ros2_jazzy1/install/unitree_guide2/bin'
[11.234s] INFO:colcon.colcon_core.shell:Creating package script '/home/kan/lab/course/unitree_go2_ros2_jazzy1/install/unitree_guide2/share/unitree_guide2/package.ps1'
[11.235s] INFO:colcon.colcon_core.shell:Creating package descriptor '/home/kan/lab/course/unitree_go2_ros2_jazzy1/install/unitree_guide2/share/unitree_guide2/package.dsv'
[11.235s] INFO:colcon.colcon_core.shell:Creating package script '/home/kan/lab/course/unitree_go2_ros2_jazzy1/install/unitree_guide2/share/unitree_guide2/package.sh'
[11.235s] INFO:colcon.colcon_core.shell:Creating package script '/home/kan/lab/course/unitree_go2_ros2_jazzy1/install/unitree_guide2/share/unitree_guide2/package.bash'
[11.236s] INFO:colcon.colcon_core.shell:Creating package script '/home/kan/lab/course/unitree_go2_ros2_jazzy1/install/unitree_guide2/share/unitree_guide2/package.zsh'
[11.236s] Level 1:colcon.colcon_core.environment:create_file_with_runtime_dependencies(/home/kan/lab/course/unitree_go2_ros2_jazzy1/install/unitree_guide2/share/colcon-core/packages/unitree_guide2)
[12.156s] DEBUG:colcon.colcon_core.event_handler.log_command:Invoked command in '/home/kan/lab/course/unitree_go2_ros2_jazzy1/build/ros2_unitree_legged_control' returned '0': AMENT_PREFIX_PATH=/home/kan/lab/course/unitree_go2_ros2_jazzy1/install/ros2_unitree_legged_msgs:${AMENT_PREFIX_PATH} CMAKE_PREFIX_PATH=/home/kan/lab/course/unitree_go2_ros2_jazzy1/install/ros2_unitree_legged_msgs:/opt/ros/humble LD_LIBRARY_PATH=/home/kan/lab/course/unitree_go2_ros2_jazzy1/install/ros2_unitree_legged_msgs/lib:${LD_LIBRARY_PATH} PYTHONPATH=/home/kan/lab/course/unitree_go2_ros2_jazzy1/install/ros2_unitree_legged_msgs/local/lib/python3.10/dist-packages:${PYTHONPATH} /usr/bin/cmake --build /home/kan/lab/course/unitree_go2_ros2_jazzy1/build/ros2_unitree_legged_control -- -j8 -l8
[12.158s] DEBUG:colcon.colcon_core.event_handler.log_command:Invoking command in '/home/kan/lab/course/unitree_go2_ros2_jazzy1/build/ros2_unitree_legged_control': AMENT_PREFIX_PATH=/home/kan/lab/course/unitree_go2_ros2_jazzy1/install/ros2_unitree_legged_msgs:${AMENT_PREFIX_PATH} CMAKE_PREFIX_PATH=/home/kan/lab/course/unitree_go2_ros2_jazzy1/install/ros2_unitree_legged_msgs:/opt/ros/humble LD_LIBRARY_PATH=/home/kan/lab/course/unitree_go2_ros2_jazzy1/install/ros2_unitree_legged_msgs/lib:${LD_LIBRARY_PATH} PYTHONPATH=/home/kan/lab/course/unitree_go2_ros2_jazzy1/install/ros2_unitree_legged_msgs/local/lib/python3.10/dist-packages:${PYTHONPATH} /usr/bin/cmake --install /home/kan/lab/course/unitree_go2_ros2_jazzy1/build/ros2_unitree_legged_control
[12.173s] Level 1:colcon.colcon_core.environment:create_environment_scripts_only(ros2_unitree_legged_control)
[12.173s] Level 1:colcon.colcon_core.environment:checking '/home/kan/lab/course/unitree_go2_ros2_jazzy1/install/ros2_unitree_legged_control' for CMake module files
[12.174s] DEBUG:colcon.colcon_core.event_handler.log_command:Invoked command in '/home/kan/lab/course/unitree_go2_ros2_jazzy1/build/ros2_unitree_legged_control' returned '0': AMENT_PREFIX_PATH=/home/kan/lab/course/unitree_go2_ros2_jazzy1/install/ros2_unitree_legged_msgs:${AMENT_PREFIX_PATH} CMAKE_PREFIX_PATH=/home/kan/lab/course/unitree_go2_ros2_jazzy1/install/ros2_unitree_legged_msgs:/opt/ros/humble LD_LIBRARY_PATH=/home/kan/lab/course/unitree_go2_ros2_jazzy1/install/ros2_unitree_legged_msgs/lib:${LD_LIBRARY_PATH} PYTHONPATH=/home/kan/lab/course/unitree_go2_ros2_jazzy1/install/ros2_unitree_legged_msgs/local/lib/python3.10/dist-packages:${PYTHONPATH} /usr/bin/cmake --install /home/kan/lab/course/unitree_go2_ros2_jazzy1/build/ros2_unitree_legged_control
[12.174s] Level 1:colcon.colcon_core.environment:checking '/home/kan/lab/course/unitree_go2_ros2_jazzy1/install/ros2_unitree_legged_control' for CMake config files
[12.174s] Level 1:colcon.colcon_core.shell:create_environment_hook('ros2_unitree_legged_control', 'cmake_prefix_path')
[12.174s] INFO:colcon.colcon_core.shell:Creating environment hook '/home/kan/lab/course/unitree_go2_ros2_jazzy1/install/ros2_unitree_legged_control/share/ros2_unitree_legged_control/hook/cmake_prefix_path.ps1'
[12.175s] INFO:colcon.colcon_core.shell:Creating environment descriptor '/home/kan/lab/course/unitree_go2_ros2_jazzy1/install/ros2_unitree_legged_control/share/ros2_unitree_legged_control/hook/cmake_prefix_path.dsv'
[12.175s] INFO:colcon.colcon_core.shell:Creating environment hook '/home/kan/lab/course/unitree_go2_ros2_jazzy1/install/ros2_unitree_legged_control/share/ros2_unitree_legged_control/hook/cmake_prefix_path.sh'
[12.175s] Level 1:colcon.colcon_core.environment:checking '/home/kan/lab/course/unitree_go2_ros2_jazzy1/install/ros2_unitree_legged_control/lib'
[12.175s] Level 1:colcon.colcon_core.shell:create_environment_hook('ros2_unitree_legged_control', 'ld_library_path_lib')
[12.176s] INFO:colcon.colcon_core.shell:Creating environment hook '/home/kan/lab/course/unitree_go2_ros2_jazzy1/install/ros2_unitree_legged_control/share/ros2_unitree_legged_control/hook/ld_library_path_lib.ps1'
[12.176s] INFO:colcon.colcon_core.shell:Creating environment descriptor '/home/kan/lab/course/unitree_go2_ros2_jazzy1/install/ros2_unitree_legged_control/share/ros2_unitree_legged_control/hook/ld_library_path_lib.dsv'
[12.176s] INFO:colcon.colcon_core.shell:Creating environment hook '/home/kan/lab/course/unitree_go2_ros2_jazzy1/install/ros2_unitree_legged_control/share/ros2_unitree_legged_control/hook/ld_library_path_lib.sh'
[12.176s] Level 1:colcon.colcon_core.environment:checking '/home/kan/lab/course/unitree_go2_ros2_jazzy1/install/ros2_unitree_legged_control/bin'
[12.176s] Level 1:colcon.colcon_core.environment:checking '/home/kan/lab/course/unitree_go2_ros2_jazzy1/install/ros2_unitree_legged_control/lib/pkgconfig/ros2_unitree_legged_control.pc'
[12.177s] Level 1:colcon.colcon_core.environment:checking '/home/kan/lab/course/unitree_go2_ros2_jazzy1/install/ros2_unitree_legged_control/lib/python3.10/site-packages'
[12.177s] Level 1:colcon.colcon_core.environment:checking '/home/kan/lab/course/unitree_go2_ros2_jazzy1/install/ros2_unitree_legged_control/bin'
[12.177s] INFO:colcon.colcon_core.shell:Creating package script '/home/kan/lab/course/unitree_go2_ros2_jazzy1/install/ros2_unitree_legged_control/share/ros2_unitree_legged_control/package.ps1'
[12.178s] INFO:colcon.colcon_core.shell:Creating package descriptor '/home/kan/lab/course/unitree_go2_ros2_jazzy1/install/ros2_unitree_legged_control/share/ros2_unitree_legged_control/package.dsv'
[12.178s] INFO:colcon.colcon_core.shell:Creating package script '/home/kan/lab/course/unitree_go2_ros2_jazzy1/install/ros2_unitree_legged_control/share/ros2_unitree_legged_control/package.sh'
[12.178s] INFO:colcon.colcon_core.shell:Creating package script '/home/kan/lab/course/unitree_go2_ros2_jazzy1/install/ros2_unitree_legged_control/share/ros2_unitree_legged_control/package.bash'
[12.178s] INFO:colcon.colcon_core.shell:Creating package script '/home/kan/lab/course/unitree_go2_ros2_jazzy1/install/ros2_unitree_legged_control/share/ros2_unitree_legged_control/package.zsh'
[12.179s] Level 1:colcon.colcon_core.environment:create_file_with_runtime_dependencies(/home/kan/lab/course/unitree_go2_ros2_jazzy1/install/ros2_unitree_legged_control/share/colcon-core/packages/ros2_unitree_legged_control)
[12.179s] Level 1:colcon.colcon_core.environment:create_environment_scripts_only(ros2_unitree_legged_control)
[12.179s] Level 1:colcon.colcon_core.environment:checking '/home/kan/lab/course/unitree_go2_ros2_jazzy1/install/ros2_unitree_legged_control' for CMake module files
[12.180s] Level 1:colcon.colcon_core.environment:checking '/home/kan/lab/course/unitree_go2_ros2_jazzy1/install/ros2_unitree_legged_control' for CMake config files
[12.180s] Level 1:colcon.colcon_core.shell:create_environment_hook('ros2_unitree_legged_control', 'cmake_prefix_path')
[12.180s] INFO:colcon.colcon_core.shell:Creating environment hook '/home/kan/lab/course/unitree_go2_ros2_jazzy1/install/ros2_unitree_legged_control/share/ros2_unitree_legged_control/hook/cmake_prefix_path.ps1'
[12.180s] INFO:colcon.colcon_core.shell:Creating environment descriptor '/home/kan/lab/course/unitree_go2_ros2_jazzy1/install/ros2_unitree_legged_control/share/ros2_unitree_legged_control/hook/cmake_prefix_path.dsv'
[12.180s] INFO:colcon.colcon_core.shell:Creating environment hook '/home/kan/lab/course/unitree_go2_ros2_jazzy1/install/ros2_unitree_legged_control/share/ros2_unitree_legged_control/hook/cmake_prefix_path.sh'
[12.181s] Level 1:colcon.colcon_core.environment:checking '/home/kan/lab/course/unitree_go2_ros2_jazzy1/install/ros2_unitree_legged_control/lib'
[12.181s] Level 1:colcon.colcon_core.shell:create_environment_hook('ros2_unitree_legged_control', 'ld_library_path_lib')
[12.181s] INFO:colcon.colcon_core.shell:Creating environment hook '/home/kan/lab/course/unitree_go2_ros2_jazzy1/install/ros2_unitree_legged_control/share/ros2_unitree_legged_control/hook/ld_library_path_lib.ps1'
[12.181s] INFO:colcon.colcon_core.shell:Creating environment descriptor '/home/kan/lab/course/unitree_go2_ros2_jazzy1/install/ros2_unitree_legged_control/share/ros2_unitree_legged_control/hook/ld_library_path_lib.dsv'
[12.182s] INFO:colcon.colcon_core.shell:Creating environment hook '/home/kan/lab/course/unitree_go2_ros2_jazzy1/install/ros2_unitree_legged_control/share/ros2_unitree_legged_control/hook/ld_library_path_lib.sh'
[12.182s] Level 1:colcon.colcon_core.environment:checking '/home/kan/lab/course/unitree_go2_ros2_jazzy1/install/ros2_unitree_legged_control/bin'
[12.182s] Level 1:colcon.colcon_core.environment:checking '/home/kan/lab/course/unitree_go2_ros2_jazzy1/install/ros2_unitree_legged_control/lib/pkgconfig/ros2_unitree_legged_control.pc'
[12.182s] Level 1:colcon.colcon_core.environment:checking '/home/kan/lab/course/unitree_go2_ros2_jazzy1/install/ros2_unitree_legged_control/lib/python3.10/site-packages'
[12.183s] Level 1:colcon.colcon_core.environment:checking '/home/kan/lab/course/unitree_go2_ros2_jazzy1/install/ros2_unitree_legged_control/bin'
[12.183s] INFO:colcon.colcon_core.shell:Creating package script '/home/kan/lab/course/unitree_go2_ros2_jazzy1/install/ros2_unitree_legged_control/share/ros2_unitree_legged_control/package.ps1'
[12.183s] INFO:colcon.colcon_core.shell:Creating package descriptor '/home/kan/lab/course/unitree_go2_ros2_jazzy1/install/ros2_unitree_legged_control/share/ros2_unitree_legged_control/package.dsv'
[12.184s] INFO:colcon.colcon_core.shell:Creating package script '/home/kan/lab/course/unitree_go2_ros2_jazzy1/install/ros2_unitree_legged_control/share/ros2_unitree_legged_control/package.sh'
[12.184s] INFO:colcon.colcon_core.shell:Creating package script '/home/kan/lab/course/unitree_go2_ros2_jazzy1/install/ros2_unitree_legged_control/share/ros2_unitree_legged_control/package.bash'
[12.184s] INFO:colcon.colcon_core.shell:Creating package script '/home/kan/lab/course/unitree_go2_ros2_jazzy1/install/ros2_unitree_legged_control/share/ros2_unitree_legged_control/package.zsh'
[12.185s] Level 1:colcon.colcon_core.environment:create_file_with_runtime_dependencies(/home/kan/lab/course/unitree_go2_ros2_jazzy1/install/ros2_unitree_legged_control/share/colcon-core/packages/ros2_unitree_legged_control)
[12.185s] DEBUG:colcon.colcon_parallel_executor.executor.parallel:closing loop
[12.185s] DEBUG:colcon.colcon_parallel_executor.executor.parallel:loop closed
[12.185s] DEBUG:colcon.colcon_parallel_executor.executor.parallel:run_until_complete finished with '0'
[12.185s] DEBUG:colcon.colcon_core.event_reactor:joining thread
[12.189s] INFO:colcon.colcon_core.plugin_system:Skipping extension 'colcon_notification.desktop_notification.terminal_notifier': Not used on non-Darwin systems
[12.189s] INFO:colcon.colcon_core.plugin_system:Skipping extension 'colcon_notification.desktop_notification.win32': Not used on non-Windows systems
[12.189s] INFO:colcon.colcon_notification.desktop_notification:Sending desktop notification using 'notify2'
[12.196s] DEBUG:colcon.colcon_core.event_reactor:joined thread
[12.196s] INFO:colcon.colcon_core.shell:Creating prefix script '/home/kan/lab/course/unitree_go2_ros2_jazzy1/install/local_setup.ps1'
[12.197s] INFO:colcon.colcon_core.shell:Creating prefix util module '/home/kan/lab/course/unitree_go2_ros2_jazzy1/install/_local_setup_util_ps1.py'
[12.198s] INFO:colcon.colcon_core.shell:Creating prefix chain script '/home/kan/lab/course/unitree_go2_ros2_jazzy1/install/setup.ps1'
[12.199s] INFO:colcon.colcon_core.shell:Creating prefix script '/home/kan/lab/course/unitree_go2_ros2_jazzy1/install/local_setup.sh'
[12.200s] INFO:colcon.colcon_core.shell:Creating prefix util module '/home/kan/lab/course/unitree_go2_ros2_jazzy1/install/_local_setup_util_sh.py'
[12.200s] INFO:colcon.colcon_core.shell:Creating prefix chain script '/home/kan/lab/course/unitree_go2_ros2_jazzy1/install/setup.sh'
[12.201s] INFO:colcon.colcon_core.shell:Creating prefix script '/home/kan/lab/course/unitree_go2_ros2_jazzy1/install/local_setup.bash'
[12.201s] INFO:colcon.colcon_core.shell:Creating prefix chain script '/home/kan/lab/course/unitree_go2_ros2_jazzy1/install/setup.bash'
[12.202s] INFO:colcon.colcon_core.shell:Creating prefix script '/home/kan/lab/course/unitree_go2_ros2_jazzy1/install/local_setup.zsh'
[12.202s] INFO:colcon.colcon_core.shell:Creating prefix chain script '/home/kan/lab/course/unitree_go2_ros2_jazzy1/install/setup.zsh'
