In file included from /home/kan/lab/course/unitree_go2_ros2_jazzy1/unitree_go2_ros2_jazzy/unitree_guide2/include/message/LowlevelCmd.h:8,
                 from /home/kan/lab/course/unitree_go2_ros2_jazzy1/unitree_go2_ros2_jazzy/unitree_guide2/include/control/CtrlComponents.h:7,
                 from /home/kan/lab/course/unitree_go2_ros2_jazzy1/unitree_go2_ros2_jazzy/unitree_guide2/include/FSM/FSMState.h:10,
                 from /home/kan/lab/course/unitree_go2_ros2_jazzy1/unitree_go2_ros2_jazzy/unitree_guide2/include/FSM/State_FixedStand.h:7,
                 from /home/kan/lab/course/unitree_go2_ros2_jazzy1/unitree_go2_ros2_jazzy/unitree_guide2/src/FSM/State_FixedStand.cpp:5:
/home/kan/lab/course/unitree_go2_ros2_jazzy1/unitree_go2_ros2_jazzy/unitree_guide2/include/common/mathTools.h: In constructor ‘AvgCov::AvgCov(unsigned int, std::string, bool, unsigned int, unsigned int, double)’:
/home/kan/lab/course/unitree_go2_ros2_jazzy1/unitree_go2_ros2_jazzy/unitree_guide2/include/common/mathTools.h:278:17: warning: ‘AvgCov::_valueName’ will be initialized after [-Wreorder]
  278 |     std::string _valueName;
      |                 ^~~~~~~~~~
/home/kan/lab/course/unitree_go2_ros2_jazzy1/unitree_go2_ros2_jazzy/unitree_guide2/include/common/mathTools.h:272:10: warning:   ‘bool AvgCov::_avgOnly’ [-Wreorder]
  272 |     bool _avgOnly;
      |          ^~~~~~~~
In file included from /home/kan/lab/course/unitree_go2_ros2_jazzy1/unitree_go2_ros2_jazzy/unitree_guide2/include/message/LowlevelCmd.h:8,
                 from /home/kan/lab/course/unitree_go2_ros2_jazzy1/unitree_go2_ros2_jazzy/unitree_guide2/include/control/CtrlComponents.h:7,
                 from /home/kan/lab/course/unitree_go2_ros2_jazzy1/unitree_go2_ros2_jazzy/unitree_guide2/include/FSM/FSMState.h:10,
                 from /home/kan/lab/course/unitree_go2_ros2_jazzy1/unitree_go2_ros2_jazzy/unitree_guide2/include/FSM/State_FixedStand.h:7,
                 from /home/kan/lab/course/unitree_go2_ros2_jazzy1/unitree_go2_ros2_jazzy/unitree_guide2/src/FSM/State_FixedStand.cpp:5:
/home/kan/lab/course/unitree_go2_ros2_jazzy1/unitree_go2_ros2_jazzy/unitree_guide2/include/common/mathTools.h:246:5: warning:   when initialized here [-Wreorder]
  246 |     AvgCov(unsigned int size, std::string name, bool avgOnly=false, unsigned int showPeriod=1000, unsigned int waitCount=5000, double zoomFactor=10000)
      |     ^~~~~~
In file included from /home/kan/lab/course/unitree_go2_ros2_jazzy1/unitree_go2_ros2_jazzy/unitree_guide2/include/message/LowlevelState.h:10,
                 from /home/kan/lab/course/unitree_go2_ros2_jazzy1/unitree_go2_ros2_jazzy/unitree_guide2/include/control/CtrlComponents.h:8,
                 from /home/kan/lab/course/unitree_go2_ros2_jazzy1/unitree_go2_ros2_jazzy/unitree_guide2/include/FSM/FSMState.h:10,
                 from /home/kan/lab/course/unitree_go2_ros2_jazzy1/unitree_go2_ros2_jazzy/unitree_guide2/include/FSM/State_FixedStand.h:7,
                 from /home/kan/lab/course/unitree_go2_ros2_jazzy1/unitree_go2_ros2_jazzy/unitree_guide2/src/FSM/State_FixedStand.cpp:5:
/home/kan/lab/course/unitree_go2_ros2_jazzy1/unitree_go2_ros2_jazzy/unitree_guide2/include/interface/CmdPanel.h: In member function ‘virtual void* CmdPanel::run(void*)’:
/home/kan/lab/course/unitree_go2_ros2_jazzy1/unitree_go2_ros2_jazzy/unitree_guide2/include/interface/CmdPanel.h:50:29: warning: unused parameter ‘arg’ [-Wunused-parameter]
   50 |     virtual void* run(void *arg){return NULL;}
      |                       ~~~~~~^~~
In file included from /home/kan/lab/course/unitree_go2_ros2_jazzy1/unitree_go2_ros2_jazzy/unitree_guide2/include/FSM/FSMState.h:10,
                 from /home/kan/lab/course/unitree_go2_ros2_jazzy1/unitree_go2_ros2_jazzy/unitree_guide2/include/FSM/State_FixedStand.h:7,
                 from /home/kan/lab/course/unitree_go2_ros2_jazzy1/unitree_go2_ros2_jazzy/unitree_guide2/src/FSM/State_FixedStand.cpp:5:
/home/kan/lab/course/unitree_go2_ros2_jazzy1/unitree_go2_ros2_jazzy/unitree_guide2/include/control/CtrlComponents.h: In destructor ‘CtrlComponents::~CtrlComponents()’:
/home/kan/lab/course/unitree_go2_ros2_jazzy1/unitree_go2_ros2_jazzy/unitree_guide2/include/control/CtrlComponents.h:35:9: warning: deleting object of abstract class type ‘IOInterface’ which has non-virtual destructor will cause undefined behavior [-Wdelete-non-virtual-dtor]
   35 |         delete ioInter;
      |         ^~~~~~~~~~~~~~
In file included from /home/kan/lab/course/unitree_go2_ros2_jazzy1/unitree_go2_ros2_jazzy/unitree_guide2/include/message/LowlevelCmd.h:8,
                 from /home/kan/lab/course/unitree_go2_ros2_jazzy1/unitree_go2_ros2_jazzy/unitree_guide2/include/control/CtrlComponents.h:7,
                 from /home/kan/lab/course/unitree_go2_ros2_jazzy1/unitree_go2_ros2_jazzy/unitree_guide2/include/FSM/FSMState.h:10,
                 from /home/kan/lab/course/unitree_go2_ros2_jazzy1/unitree_go2_ros2_jazzy/unitree_guide2/src/FSM/FSMState.cpp:4:
/home/kan/lab/course/unitree_go2_ros2_jazzy1/unitree_go2_ros2_jazzy/unitree_guide2/include/common/mathTools.h: In constructor ‘AvgCov::AvgCov(unsigned int, std::string, bool, unsigned int, unsigned int, double)’:
/home/kan/lab/course/unitree_go2_ros2_jazzy1/unitree_go2_ros2_jazzy/unitree_guide2/include/common/mathTools.h:278:17: warning: ‘AvgCov::_valueName’ will be initialized after [-Wreorder]
  278 |     std::string _valueName;
      |                 ^~~~~~~~~~
/home/kan/lab/course/unitree_go2_ros2_jazzy1/unitree_go2_ros2_jazzy/unitree_guide2/include/common/mathTools.h:272:10: warning:   ‘bool AvgCov::_avgOnly’ [-Wreorder]
  272 |     bool _avgOnly;
      |          ^~~~~~~~
In file included from /home/kan/lab/course/unitree_go2_ros2_jazzy1/unitree_go2_ros2_jazzy/unitree_guide2/include/message/LowlevelCmd.h:8,
                 from /home/kan/lab/course/unitree_go2_ros2_jazzy1/unitree_go2_ros2_jazzy/unitree_guide2/include/control/CtrlComponents.h:7,
                 from /home/kan/lab/course/unitree_go2_ros2_jazzy1/unitree_go2_ros2_jazzy/unitree_guide2/include/FSM/FSMState.h:10,
                 from /home/kan/lab/course/unitree_go2_ros2_jazzy1/unitree_go2_ros2_jazzy/unitree_guide2/src/FSM/FSMState.cpp:4:
/home/kan/lab/course/unitree_go2_ros2_jazzy1/unitree_go2_ros2_jazzy/unitree_guide2/include/common/mathTools.h:246:5: warning:   when initialized here [-Wreorder]
  246 |     AvgCov(unsigned int size, std::string name, bool avgOnly=false, unsigned int showPeriod=1000, unsigned int waitCount=5000, double zoomFactor=10000)
      |     ^~~~~~
In file included from /home/kan/lab/course/unitree_go2_ros2_jazzy1/unitree_go2_ros2_jazzy/unitree_guide2/include/message/LowlevelState.h:10,
                 from /home/kan/lab/course/unitree_go2_ros2_jazzy1/unitree_go2_ros2_jazzy/unitree_guide2/include/control/CtrlComponents.h:8,
                 from /home/kan/lab/course/unitree_go2_ros2_jazzy1/unitree_go2_ros2_jazzy/unitree_guide2/include/FSM/FSMState.h:10,
                 from /home/kan/lab/course/unitree_go2_ros2_jazzy1/unitree_go2_ros2_jazzy/unitree_guide2/src/FSM/FSMState.cpp:4:
/home/kan/lab/course/unitree_go2_ros2_jazzy1/unitree_go2_ros2_jazzy/unitree_guide2/include/interface/CmdPanel.h: In member function ‘virtual void* CmdPanel::run(void*)’:
/home/kan/lab/course/unitree_go2_ros2_jazzy1/unitree_go2_ros2_jazzy/unitree_guide2/include/interface/CmdPanel.h:50:29: warning: unused parameter ‘arg’ [-Wunused-parameter]
   50 |     virtual void* run(void *arg){return NULL;}
      |                       ~~~~~~^~~
In file included from /home/kan/lab/course/unitree_go2_ros2_jazzy1/unitree_go2_ros2_jazzy/unitree_guide2/include/FSM/FSMState.h:10,
                 from /home/kan/lab/course/unitree_go2_ros2_jazzy1/unitree_go2_ros2_jazzy/unitree_guide2/src/FSM/FSMState.cpp:4:
/home/kan/lab/course/unitree_go2_ros2_jazzy1/unitree_go2_ros2_jazzy/unitree_guide2/include/control/CtrlComponents.h: In destructor ‘CtrlComponents::~CtrlComponents()’:
/home/kan/lab/course/unitree_go2_ros2_jazzy1/unitree_go2_ros2_jazzy/unitree_guide2/include/control/CtrlComponents.h:35:9: warning: deleting object of abstract class type ‘IOInterface’ which has non-virtual destructor will cause undefined behavior [-Wdelete-non-virtual-dtor]
   35 |         delete ioInter;
      |         ^~~~~~~~~~~~~~
In file included from /home/kan/lab/course/unitree_go2_ros2_jazzy1/unitree_go2_ros2_jazzy/unitree_guide2/src/FSM/FSMState.cpp:4:
/home/kan/lab/course/unitree_go2_ros2_jazzy1/unitree_go2_ros2_jazzy/unitree_guide2/include/FSM/FSMState.h: In constructor ‘FSMState::FSMState(CtrlComponents*, FSMStateName, std::string)’:
/home/kan/lab/course/unitree_go2_ros2_jazzy1/unitree_go2_ros2_jazzy/unitree_guide2/include/FSM/FSMState.h:31:21: warning: ‘FSMState::_ctrlComp’ will be initialized after [-Wreorder]
   31 |     CtrlComponents *_ctrlComp;
      |                     ^~~~~~~~~
/home/kan/lab/course/unitree_go2_ros2_jazzy1/unitree_go2_ros2_jazzy/unitree_guide2/include/FSM/FSMState.h:28:18: warning:   ‘FSMStateName FSMState::_stateName’ [-Wreorder]
   28 |     FSMStateName _stateName;
      |                  ^~~~~~~~~~
/home/kan/lab/course/unitree_go2_ros2_jazzy1/unitree_go2_ros2_jazzy/unitree_guide2/src/FSM/FSMState.cpp:6:1: warning:   when initialized here [-Wreorder]
    6 | FSMState::FSMState(CtrlComponents *ctrlComp, FSMStateName stateName, std::string stateNameString)
      | ^~~~~~~~
In file included from /home/kan/lab/course/unitree_go2_ros2_jazzy1/unitree_go2_ros2_jazzy/unitree_guide2/include/message/LowlevelCmd.h:8,
                 from /home/kan/lab/course/unitree_go2_ros2_jazzy1/unitree_go2_ros2_jazzy/unitree_guide2/include/control/CtrlComponents.h:7,
                 from /home/kan/lab/course/unitree_go2_ros2_jazzy1/unitree_go2_ros2_jazzy/unitree_guide2/include/FSM/FSMState.h:10,
                 from /home/kan/lab/course/unitree_go2_ros2_jazzy1/unitree_go2_ros2_jazzy/unitree_guide2/include/FSM/FSM.h:8,
                 from /home/kan/lab/course/unitree_go2_ros2_jazzy1/unitree_go2_ros2_jazzy/unitree_guide2/src/FSM/FSM.cpp:4:
/home/kan/lab/course/unitree_go2_ros2_jazzy1/unitree_go2_ros2_jazzy/unitree_guide2/include/common/mathTools.h: In constructor ‘AvgCov::AvgCov(unsigned int, std::string, bool, unsigned int, unsigned int, double)’:
/home/kan/lab/course/unitree_go2_ros2_jazzy1/unitree_go2_ros2_jazzy/unitree_guide2/include/common/mathTools.h:278:17: warning: ‘AvgCov::_valueName’ will be initialized after [-Wreorder]
  278 |     std::string _valueName;
      |                 ^~~~~~~~~~
/home/kan/lab/course/unitree_go2_ros2_jazzy1/unitree_go2_ros2_jazzy/unitree_guide2/include/common/mathTools.h:272:10: warning:   ‘bool AvgCov::_avgOnly’ [-Wreorder]
  272 |     bool _avgOnly;
      |          ^~~~~~~~
In file included from /home/kan/lab/course/unitree_go2_ros2_jazzy1/unitree_go2_ros2_jazzy/unitree_guide2/include/message/LowlevelCmd.h:8,
                 from /home/kan/lab/course/unitree_go2_ros2_jazzy1/unitree_go2_ros2_jazzy/unitree_guide2/include/control/CtrlComponents.h:7,
                 from /home/kan/lab/course/unitree_go2_ros2_jazzy1/unitree_go2_ros2_jazzy/unitree_guide2/include/FSM/FSMState.h:10,
                 from /home/kan/lab/course/unitree_go2_ros2_jazzy1/unitree_go2_ros2_jazzy/unitree_guide2/include/FSM/FSM.h:8,
                 from /home/kan/lab/course/unitree_go2_ros2_jazzy1/unitree_go2_ros2_jazzy/unitree_guide2/src/FSM/FSM.cpp:4:
/home/kan/lab/course/unitree_go2_ros2_jazzy1/unitree_go2_ros2_jazzy/unitree_guide2/include/common/mathTools.h:246:5: warning:   when initialized here [-Wreorder]
  246 |     AvgCov(unsigned int size, std::string name, bool avgOnly=false, unsigned int showPeriod=1000, unsigned int waitCount=5000, double zoomFactor=10000)
      |     ^~~~~~
In file included from /home/kan/lab/course/unitree_go2_ros2_jazzy1/unitree_go2_ros2_jazzy/unitree_guide2/include/message/LowlevelState.h:10,
                 from /home/kan/lab/course/unitree_go2_ros2_jazzy1/unitree_go2_ros2_jazzy/unitree_guide2/include/control/CtrlComponents.h:8,
                 from /home/kan/lab/course/unitree_go2_ros2_jazzy1/unitree_go2_ros2_jazzy/unitree_guide2/include/FSM/FSMState.h:10,
                 from /home/kan/lab/course/unitree_go2_ros2_jazzy1/unitree_go2_ros2_jazzy/unitree_guide2/include/FSM/FSM.h:8,
                 from /home/kan/lab/course/unitree_go2_ros2_jazzy1/unitree_go2_ros2_jazzy/unitree_guide2/src/FSM/FSM.cpp:4:
/home/kan/lab/course/unitree_go2_ros2_jazzy1/unitree_go2_ros2_jazzy/unitree_guide2/include/interface/CmdPanel.h: In member function ‘virtual void* CmdPanel::run(void*)’:
/home/kan/lab/course/unitree_go2_ros2_jazzy1/unitree_go2_ros2_jazzy/unitree_guide2/include/interface/CmdPanel.h:50:29: warning: unused parameter ‘arg’ [-Wunused-parameter]
   50 |     virtual void* run(void *arg){return NULL;}
      |                       ~~~~~~^~~
In file included from /home/kan/lab/course/unitree_go2_ros2_jazzy1/unitree_go2_ros2_jazzy/unitree_guide2/include/FSM/FSMState.h:10,
                 from /home/kan/lab/course/unitree_go2_ros2_jazzy1/unitree_go2_ros2_jazzy/unitree_guide2/include/FSM/FSM.h:8,
                 from /home/kan/lab/course/unitree_go2_ros2_jazzy1/unitree_go2_ros2_jazzy/unitree_guide2/src/FSM/FSM.cpp:4:
/home/kan/lab/course/unitree_go2_ros2_jazzy1/unitree_go2_ros2_jazzy/unitree_guide2/include/control/CtrlComponents.h: In destructor ‘CtrlComponents::~CtrlComponents()’:
/home/kan/lab/course/unitree_go2_ros2_jazzy1/unitree_go2_ros2_jazzy/unitree_guide2/include/control/CtrlComponents.h:35:9: warning: deleting object of abstract class type ‘IOInterface’ which has non-virtual destructor will cause undefined behavior [-Wdelete-non-virtual-dtor]
   35 |         delete ioInter;
      |         ^~~~~~~~~~~~~~
In file included from /home/kan/lab/course/unitree_go2_ros2_jazzy1/unitree_go2_ros2_jazzy/unitree_guide2/src/FSM/FSM.cpp:4:
/home/kan/lab/course/unitree_go2_ros2_jazzy1/unitree_go2_ros2_jazzy/unitree_guide2/include/FSM/FSM.h: In member function ‘void FSMStateList::deletePtr()’:
/home/kan/lab/course/unitree_go2_ros2_jazzy1/unitree_go2_ros2_jazzy/unitree_guide2/include/FSM/FSM.h:44:9: warning: deleting object of abstract class type ‘FSMState’ which has non-virtual destructor will cause undefined behavior [-Wdelete-non-virtual-dtor]
   44 |         delete invalid;
      |         ^~~~~~~~~~~~~~
/home/kan/lab/course/unitree_go2_ros2_jazzy1/unitree_go2_ros2_jazzy/unitree_guide2/include/FSM/FSM.h:45:9: warning: deleting object of polymorphic class type ‘State_Passive’ which has non-virtual destructor might cause undefined behavior [-Wdelete-non-virtual-dtor]
   45 |         delete passive;
      |         ^~~~~~~~~~~~~~
/home/kan/lab/course/unitree_go2_ros2_jazzy1/unitree_go2_ros2_jazzy/unitree_guide2/include/FSM/FSM.h:46:9: warning: deleting object of polymorphic class type ‘State_FixedStand’ which has non-virtual destructor might cause undefined behavior [-Wdelete-non-virtual-dtor]
   46 |         delete fixedStand;
      |         ^~~~~~~~~~~~~~~~~
/home/kan/lab/course/unitree_go2_ros2_jazzy1/unitree_go2_ros2_jazzy/unitree_guide2/include/FSM/FSM.h:47:9: warning: deleting object of polymorphic class type ‘State_FreeStand’ which has non-virtual destructor might cause undefined behavior [-Wdelete-non-virtual-dtor]
   47 |         delete freeStand;
      |         ^~~~~~~~~~~~~~~~
/home/kan/lab/course/unitree_go2_ros2_jazzy1/unitree_go2_ros2_jazzy/unitree_guide2/include/FSM/FSM.h:48:9: warning: deleting object of polymorphic class type ‘State_Trotting’ which has non-virtual destructor might cause undefined behavior [-Wdelete-non-virtual-dtor]
   48 |         delete trotting;
      |         ^~~~~~~~~~~~~~~
/home/kan/lab/course/unitree_go2_ros2_jazzy1/unitree_go2_ros2_jazzy/unitree_guide2/include/FSM/FSM.h:49:9: warning: deleting object of polymorphic class type ‘State_BalanceTest’ which has non-virtual destructor might cause undefined behavior [-Wdelete-non-virtual-dtor]
   49 |         delete balanceTest;
      |         ^~~~~~~~~~~~~~~~~~
/home/kan/lab/course/unitree_go2_ros2_jazzy1/unitree_go2_ros2_jazzy/unitree_guide2/include/FSM/FSM.h:50:9: warning: deleting object of polymorphic class type ‘State_SwingTest’ which has non-virtual destructor might cause undefined behavior [-Wdelete-non-virtual-dtor]
   50 |         delete swingTest;
      |         ^~~~~~~~~~~~~~~~
/home/kan/lab/course/unitree_go2_ros2_jazzy1/unitree_go2_ros2_jazzy/unitree_guide2/include/FSM/FSM.h:51:9: warning: deleting object of polymorphic class type ‘State_StepTest’ which has non-virtual destructor might cause undefined behavior [-Wdelete-non-virtual-dtor]
   51 |         delete stepTest;
      |         ^~~~~~~~~~~~~~~
/home/kan/lab/course/unitree_go2_ros2_jazzy1/unitree_go2_ros2_jazzy/unitree_guide2/include/FSM/FSM.h:56:9: warning: deleting object of polymorphic class type ‘State_move_base’ which has non-virtual destructor might cause undefined behavior [-Wdelete-non-virtual-dtor]
   56 |         delete moveBase;
      |         ^~~~~~~~~~~~~~~
In file included from /home/kan/lab/course/unitree_go2_ros2_jazzy1/unitree_go2_ros2_jazzy/unitree_guide2/include/message/LowlevelCmd.h:8,
                 from /home/kan/lab/course/unitree_go2_ros2_jazzy1/unitree_go2_ros2_jazzy/unitree_guide2/include/control/CtrlComponents.h:7,
                 from /home/kan/lab/course/unitree_go2_ros2_jazzy1/unitree_go2_ros2_jazzy/unitree_guide2/include/FSM/FSMState.h:10,
                 from /home/kan/lab/course/unitree_go2_ros2_jazzy1/unitree_go2_ros2_jazzy/unitree_guide2/include/FSM/State_Passive.h:7,
                 from /home/kan/lab/course/unitree_go2_ros2_jazzy1/unitree_go2_ros2_jazzy/unitree_guide2/src/FSM/State_Passive.cpp:4:
/home/kan/lab/course/unitree_go2_ros2_jazzy1/unitree_go2_ros2_jazzy/unitree_guide2/include/common/mathTools.h: In constructor ‘AvgCov::AvgCov(unsigned int, std::string, bool, unsigned int, unsigned int, double)’:
/home/kan/lab/course/unitree_go2_ros2_jazzy1/unitree_go2_ros2_jazzy/unitree_guide2/include/common/mathTools.h:278:17: warning: ‘AvgCov::_valueName’ will be initialized after [-Wreorder]
  278 |     std::string _valueName;
      |                 ^~~~~~~~~~
/home/kan/lab/course/unitree_go2_ros2_jazzy1/unitree_go2_ros2_jazzy/unitree_guide2/include/common/mathTools.h:272:10: warning:   ‘bool AvgCov::_avgOnly’ [-Wreorder]
  272 |     bool _avgOnly;
      |          ^~~~~~~~
In file included from /home/kan/lab/course/unitree_go2_ros2_jazzy1/unitree_go2_ros2_jazzy/unitree_guide2/include/message/LowlevelCmd.h:8,
                 from /home/kan/lab/course/unitree_go2_ros2_jazzy1/unitree_go2_ros2_jazzy/unitree_guide2/include/control/CtrlComponents.h:7,
                 from /home/kan/lab/course/unitree_go2_ros2_jazzy1/unitree_go2_ros2_jazzy/unitree_guide2/include/FSM/FSMState.h:10,
                 from /home/kan/lab/course/unitree_go2_ros2_jazzy1/unitree_go2_ros2_jazzy/unitree_guide2/include/FSM/State_Passive.h:7,
                 from /home/kan/lab/course/unitree_go2_ros2_jazzy1/unitree_go2_ros2_jazzy/unitree_guide2/src/FSM/State_Passive.cpp:4:
/home/kan/lab/course/unitree_go2_ros2_jazzy1/unitree_go2_ros2_jazzy/unitree_guide2/include/common/mathTools.h:246:5: warning:   when initialized here [-Wreorder]
  246 |     AvgCov(unsigned int size, std::string name, bool avgOnly=false, unsigned int showPeriod=1000, unsigned int waitCount=5000, double zoomFactor=10000)
      |     ^~~~~~
In file included from /home/kan/lab/course/unitree_go2_ros2_jazzy1/unitree_go2_ros2_jazzy/unitree_guide2/include/message/LowlevelState.h:10,
                 from /home/kan/lab/course/unitree_go2_ros2_jazzy1/unitree_go2_ros2_jazzy/unitree_guide2/include/control/CtrlComponents.h:8,
                 from /home/kan/lab/course/unitree_go2_ros2_jazzy1/unitree_go2_ros2_jazzy/unitree_guide2/include/FSM/FSMState.h:10,
                 from /home/kan/lab/course/unitree_go2_ros2_jazzy1/unitree_go2_ros2_jazzy/unitree_guide2/include/FSM/State_Passive.h:7,
                 from /home/kan/lab/course/unitree_go2_ros2_jazzy1/unitree_go2_ros2_jazzy/unitree_guide2/src/FSM/State_Passive.cpp:4:
/home/kan/lab/course/unitree_go2_ros2_jazzy1/unitree_go2_ros2_jazzy/unitree_guide2/include/interface/CmdPanel.h: In member function ‘virtual void* CmdPanel::run(void*)’:
/home/kan/lab/course/unitree_go2_ros2_jazzy1/unitree_go2_ros2_jazzy/unitree_guide2/include/interface/CmdPanel.h:50:29: warning: unused parameter ‘arg’ [-Wunused-parameter]
   50 |     virtual void* run(void *arg){return NULL;}
      |                       ~~~~~~^~~
In file included from /home/kan/lab/course/unitree_go2_ros2_jazzy1/unitree_go2_ros2_jazzy/unitree_guide2/include/FSM/FSMState.h:10,
                 from /home/kan/lab/course/unitree_go2_ros2_jazzy1/unitree_go2_ros2_jazzy/unitree_guide2/include/FSM/State_Passive.h:7,
                 from /home/kan/lab/course/unitree_go2_ros2_jazzy1/unitree_go2_ros2_jazzy/unitree_guide2/src/FSM/State_Passive.cpp:4:
/home/kan/lab/course/unitree_go2_ros2_jazzy1/unitree_go2_ros2_jazzy/unitree_guide2/include/control/CtrlComponents.h: In destructor ‘CtrlComponents::~CtrlComponents()’:
/home/kan/lab/course/unitree_go2_ros2_jazzy1/unitree_go2_ros2_jazzy/unitree_guide2/include/control/CtrlComponents.h:35:9: warning: deleting object of abstract class type ‘IOInterface’ which has non-virtual destructor will cause undefined behavior [-Wdelete-non-virtual-dtor]
   35 |         delete ioInter;
      |         ^~~~~~~~~~~~~~
In file included from /home/kan/lab/course/unitree_go2_ros2_jazzy1/unitree_go2_ros2_jazzy/unitree_guide2/include/message/LowlevelCmd.h:8,
                 from /home/kan/lab/course/unitree_go2_ros2_jazzy1/unitree_go2_ros2_jazzy/unitree_guide2/include/control/CtrlComponents.h:7,
                 from /home/kan/lab/course/unitree_go2_ros2_jazzy1/unitree_go2_ros2_jazzy/unitree_guide2/include/FSM/FSMState.h:10,
                 from /home/kan/lab/course/unitree_go2_ros2_jazzy1/unitree_go2_ros2_jazzy/unitree_guide2/include/FSM/State_FreeStand.h:7,
                 from /home/kan/lab/course/unitree_go2_ros2_jazzy1/unitree_go2_ros2_jazzy/unitree_guide2/src/FSM/State_FreeStand.cpp:4:
/home/kan/lab/course/unitree_go2_ros2_jazzy1/unitree_go2_ros2_jazzy/unitree_guide2/include/common/mathTools.h: In constructor ‘AvgCov::AvgCov(unsigned int, std::string, bool, unsigned int, unsigned int, double)’:
/home/kan/lab/course/unitree_go2_ros2_jazzy1/unitree_go2_ros2_jazzy/unitree_guide2/include/common/mathTools.h:278:17: warning: ‘AvgCov::_valueName’ will be initialized after [-Wreorder]
  278 |     std::string _valueName;
      |                 ^~~~~~~~~~
/home/kan/lab/course/unitree_go2_ros2_jazzy1/unitree_go2_ros2_jazzy/unitree_guide2/include/common/mathTools.h:272:10: warning:   ‘bool AvgCov::_avgOnly’ [-Wreorder]
  272 |     bool _avgOnly;
      |          ^~~~~~~~
In file included from /home/kan/lab/course/unitree_go2_ros2_jazzy1/unitree_go2_ros2_jazzy/unitree_guide2/include/message/LowlevelCmd.h:8,
                 from /home/kan/lab/course/unitree_go2_ros2_jazzy1/unitree_go2_ros2_jazzy/unitree_guide2/include/control/CtrlComponents.h:7,
                 from /home/kan/lab/course/unitree_go2_ros2_jazzy1/unitree_go2_ros2_jazzy/unitree_guide2/include/FSM/FSMState.h:10,
                 from /home/kan/lab/course/unitree_go2_ros2_jazzy1/unitree_go2_ros2_jazzy/unitree_guide2/include/FSM/State_FreeStand.h:7,
                 from /home/kan/lab/course/unitree_go2_ros2_jazzy1/unitree_go2_ros2_jazzy/unitree_guide2/src/FSM/State_FreeStand.cpp:4:
/home/kan/lab/course/unitree_go2_ros2_jazzy1/unitree_go2_ros2_jazzy/unitree_guide2/include/common/mathTools.h:246:5: warning:   when initialized here [-Wreorder]
  246 |     AvgCov(unsigned int size, std::string name, bool avgOnly=false, unsigned int showPeriod=1000, unsigned int waitCount=5000, double zoomFactor=10000)
      |     ^~~~~~
In file included from /home/kan/lab/course/unitree_go2_ros2_jazzy1/unitree_go2_ros2_jazzy/unitree_guide2/include/message/LowlevelState.h:10,
                 from /home/kan/lab/course/unitree_go2_ros2_jazzy1/unitree_go2_ros2_jazzy/unitree_guide2/include/control/CtrlComponents.h:8,
                 from /home/kan/lab/course/unitree_go2_ros2_jazzy1/unitree_go2_ros2_jazzy/unitree_guide2/include/FSM/FSMState.h:10,
                 from /home/kan/lab/course/unitree_go2_ros2_jazzy1/unitree_go2_ros2_jazzy/unitree_guide2/include/FSM/State_FreeStand.h:7,
                 from /home/kan/lab/course/unitree_go2_ros2_jazzy1/unitree_go2_ros2_jazzy/unitree_guide2/src/FSM/State_FreeStand.cpp:4:
/home/kan/lab/course/unitree_go2_ros2_jazzy1/unitree_go2_ros2_jazzy/unitree_guide2/include/interface/CmdPanel.h: In member function ‘virtual void* CmdPanel::run(void*)’:
/home/kan/lab/course/unitree_go2_ros2_jazzy1/unitree_go2_ros2_jazzy/unitree_guide2/include/interface/CmdPanel.h:50:29: warning: unused parameter ‘arg’ [-Wunused-parameter]
   50 |     virtual void* run(void *arg){return NULL;}
      |                       ~~~~~~^~~
In file included from /home/kan/lab/course/unitree_go2_ros2_jazzy1/unitree_go2_ros2_jazzy/unitree_guide2/include/FSM/FSMState.h:10,
                 from /home/kan/lab/course/unitree_go2_ros2_jazzy1/unitree_go2_ros2_jazzy/unitree_guide2/include/FSM/State_FreeStand.h:7,
                 from /home/kan/lab/course/unitree_go2_ros2_jazzy1/unitree_go2_ros2_jazzy/unitree_guide2/src/FSM/State_FreeStand.cpp:4:
/home/kan/lab/course/unitree_go2_ros2_jazzy1/unitree_go2_ros2_jazzy/unitree_guide2/include/control/CtrlComponents.h: In destructor ‘CtrlComponents::~CtrlComponents()’:
/home/kan/lab/course/unitree_go2_ros2_jazzy1/unitree_go2_ros2_jazzy/unitree_guide2/include/control/CtrlComponents.h:35:9: warning: deleting object of abstract class type ‘IOInterface’ which has non-virtual destructor will cause undefined behavior [-Wdelete-non-virtual-dtor]
   35 |         delete ioInter;
      |         ^~~~~~~~~~~~~~
In file included from /home/kan/lab/course/unitree_go2_ros2_jazzy1/unitree_go2_ros2_jazzy/unitree_guide2/include/message/LowlevelCmd.h:8,
                 from /home/kan/lab/course/unitree_go2_ros2_jazzy1/unitree_go2_ros2_jazzy/unitree_guide2/include/control/CtrlComponents.h:7,
                 from /home/kan/lab/course/unitree_go2_ros2_jazzy1/unitree_go2_ros2_jazzy/unitree_guide2/include/FSM/FSMState.h:10,
                 from /home/kan/lab/course/unitree_go2_ros2_jazzy1/unitree_go2_ros2_jazzy/unitree_guide2/include/FSM/State_BalanceTest.h:7,
                 from /home/kan/lab/course/unitree_go2_ros2_jazzy1/unitree_go2_ros2_jazzy/unitree_guide2/src/FSM/State_BalanceTest.cpp:4:
/home/kan/lab/course/unitree_go2_ros2_jazzy1/unitree_go2_ros2_jazzy/unitree_guide2/include/common/mathTools.h: In constructor ‘AvgCov::AvgCov(unsigned int, std::string, bool, unsigned int, unsigned int, double)’:
/home/kan/lab/course/unitree_go2_ros2_jazzy1/unitree_go2_ros2_jazzy/unitree_guide2/include/common/mathTools.h:278:17: warning: ‘AvgCov::_valueName’ will be initialized after [-Wreorder]
  278 |     std::string _valueName;
      |                 ^~~~~~~~~~
/home/kan/lab/course/unitree_go2_ros2_jazzy1/unitree_go2_ros2_jazzy/unitree_guide2/include/common/mathTools.h:272:10: warning:   ‘bool AvgCov::_avgOnly’ [-Wreorder]
  272 |     bool _avgOnly;
      |          ^~~~~~~~
In file included from /home/kan/lab/course/unitree_go2_ros2_jazzy1/unitree_go2_ros2_jazzy/unitree_guide2/include/message/LowlevelCmd.h:8,
                 from /home/kan/lab/course/unitree_go2_ros2_jazzy1/unitree_go2_ros2_jazzy/unitree_guide2/include/control/CtrlComponents.h:7,
                 from /home/kan/lab/course/unitree_go2_ros2_jazzy1/unitree_go2_ros2_jazzy/unitree_guide2/include/FSM/FSMState.h:10,
                 from /home/kan/lab/course/unitree_go2_ros2_jazzy1/unitree_go2_ros2_jazzy/unitree_guide2/include/FSM/State_BalanceTest.h:7,
                 from /home/kan/lab/course/unitree_go2_ros2_jazzy1/unitree_go2_ros2_jazzy/unitree_guide2/src/FSM/State_BalanceTest.cpp:4:
/home/kan/lab/course/unitree_go2_ros2_jazzy1/unitree_go2_ros2_jazzy/unitree_guide2/include/common/mathTools.h:246:5: warning:   when initialized here [-Wreorder]
  246 |     AvgCov(unsigned int size, std::string name, bool avgOnly=false, unsigned int showPeriod=1000, unsigned int waitCount=5000, double zoomFactor=10000)
      |     ^~~~~~
In file included from /home/kan/lab/course/unitree_go2_ros2_jazzy1/unitree_go2_ros2_jazzy/unitree_guide2/include/message/LowlevelState.h:10,
                 from /home/kan/lab/course/unitree_go2_ros2_jazzy1/unitree_go2_ros2_jazzy/unitree_guide2/include/control/CtrlComponents.h:8,
                 from /home/kan/lab/course/unitree_go2_ros2_jazzy1/unitree_go2_ros2_jazzy/unitree_guide2/include/FSM/FSMState.h:10,
                 from /home/kan/lab/course/unitree_go2_ros2_jazzy1/unitree_go2_ros2_jazzy/unitree_guide2/include/FSM/State_BalanceTest.h:7,
                 from /home/kan/lab/course/unitree_go2_ros2_jazzy1/unitree_go2_ros2_jazzy/unitree_guide2/src/FSM/State_BalanceTest.cpp:4:
/home/kan/lab/course/unitree_go2_ros2_jazzy1/unitree_go2_ros2_jazzy/unitree_guide2/include/interface/CmdPanel.h: In member function ‘virtual void* CmdPanel::run(void*)’:
/home/kan/lab/course/unitree_go2_ros2_jazzy1/unitree_go2_ros2_jazzy/unitree_guide2/include/interface/CmdPanel.h:50:29: warning: unused parameter ‘arg’ [-Wunused-parameter]
   50 |     virtual void* run(void *arg){return NULL;}
      |                       ~~~~~~^~~
In file included from /home/kan/lab/course/unitree_go2_ros2_jazzy1/unitree_go2_ros2_jazzy/unitree_guide2/include/FSM/FSMState.h:10,
                 from /home/kan/lab/course/unitree_go2_ros2_jazzy1/unitree_go2_ros2_jazzy/unitree_guide2/include/FSM/State_BalanceTest.h:7,
                 from /home/kan/lab/course/unitree_go2_ros2_jazzy1/unitree_go2_ros2_jazzy/unitree_guide2/src/FSM/State_BalanceTest.cpp:4:
/home/kan/lab/course/unitree_go2_ros2_jazzy1/unitree_go2_ros2_jazzy/unitree_guide2/include/control/CtrlComponents.h: In destructor ‘CtrlComponents::~CtrlComponents()’:
/home/kan/lab/course/unitree_go2_ros2_jazzy1/unitree_go2_ros2_jazzy/unitree_guide2/include/control/CtrlComponents.h:35:9: warning: deleting object of abstract class type ‘IOInterface’ which has non-virtual destructor will cause undefined behavior [-Wdelete-non-virtual-dtor]
   35 |         delete ioInter;
      |         ^~~~~~~~~~~~~~
In file included from /home/kan/lab/course/unitree_go2_ros2_jazzy1/unitree_go2_ros2_jazzy/unitree_guide2/include/message/LowlevelCmd.h:8,
                 from /home/kan/lab/course/unitree_go2_ros2_jazzy1/unitree_go2_ros2_jazzy/unitree_guide2/include/control/CtrlComponents.h:7,
                 from /home/kan/lab/course/unitree_go2_ros2_jazzy1/unitree_go2_ros2_jazzy/unitree_guide2/include/FSM/FSMState.h:10,
                 from /home/kan/lab/course/unitree_go2_ros2_jazzy1/unitree_go2_ros2_jazzy/unitree_guide2/include/FSM/State_StepTest.h:7,
                 from /home/kan/lab/course/unitree_go2_ros2_jazzy1/unitree_go2_ros2_jazzy/unitree_guide2/src/FSM/State_StepTest.cpp:4:
/home/kan/lab/course/unitree_go2_ros2_jazzy1/unitree_go2_ros2_jazzy/unitree_guide2/include/common/mathTools.h: In constructor ‘AvgCov::AvgCov(unsigned int, std::string, bool, unsigned int, unsigned int, double)’:
/home/kan/lab/course/unitree_go2_ros2_jazzy1/unitree_go2_ros2_jazzy/unitree_guide2/include/common/mathTools.h:278:17: warning: ‘AvgCov::_valueName’ will be initialized after [-Wreorder]
  278 |     std::string _valueName;
      |                 ^~~~~~~~~~
/home/kan/lab/course/unitree_go2_ros2_jazzy1/unitree_go2_ros2_jazzy/unitree_guide2/include/common/mathTools.h:272:10: warning:   ‘bool AvgCov::_avgOnly’ [-Wreorder]
  272 |     bool _avgOnly;
      |          ^~~~~~~~
In file included from /home/kan/lab/course/unitree_go2_ros2_jazzy1/unitree_go2_ros2_jazzy/unitree_guide2/include/message/LowlevelCmd.h:8,
                 from /home/kan/lab/course/unitree_go2_ros2_jazzy1/unitree_go2_ros2_jazzy/unitree_guide2/include/control/CtrlComponents.h:7,
                 from /home/kan/lab/course/unitree_go2_ros2_jazzy1/unitree_go2_ros2_jazzy/unitree_guide2/include/FSM/FSMState.h:10,
                 from /home/kan/lab/course/unitree_go2_ros2_jazzy1/unitree_go2_ros2_jazzy/unitree_guide2/include/FSM/State_StepTest.h:7,
                 from /home/kan/lab/course/unitree_go2_ros2_jazzy1/unitree_go2_ros2_jazzy/unitree_guide2/src/FSM/State_StepTest.cpp:4:
/home/kan/lab/course/unitree_go2_ros2_jazzy1/unitree_go2_ros2_jazzy/unitree_guide2/include/common/mathTools.h:246:5: warning:   when initialized here [-Wreorder]
  246 |     AvgCov(unsigned int size, std::string name, bool avgOnly=false, unsigned int showPeriod=1000, unsigned int waitCount=5000, double zoomFactor=10000)
      |     ^~~~~~
In file included from /home/kan/lab/course/unitree_go2_ros2_jazzy1/unitree_go2_ros2_jazzy/unitree_guide2/include/message/LowlevelState.h:10,
                 from /home/kan/lab/course/unitree_go2_ros2_jazzy1/unitree_go2_ros2_jazzy/unitree_guide2/include/control/CtrlComponents.h:8,
                 from /home/kan/lab/course/unitree_go2_ros2_jazzy1/unitree_go2_ros2_jazzy/unitree_guide2/include/FSM/FSMState.h:10,
                 from /home/kan/lab/course/unitree_go2_ros2_jazzy1/unitree_go2_ros2_jazzy/unitree_guide2/include/FSM/State_StepTest.h:7,
                 from /home/kan/lab/course/unitree_go2_ros2_jazzy1/unitree_go2_ros2_jazzy/unitree_guide2/src/FSM/State_StepTest.cpp:4:
/home/kan/lab/course/unitree_go2_ros2_jazzy1/unitree_go2_ros2_jazzy/unitree_guide2/include/interface/CmdPanel.h: In member function ‘virtual void* CmdPanel::run(void*)’:
/home/kan/lab/course/unitree_go2_ros2_jazzy1/unitree_go2_ros2_jazzy/unitree_guide2/include/interface/CmdPanel.h:50:29: warning: unused parameter ‘arg’ [-Wunused-parameter]
   50 |     virtual void* run(void *arg){return NULL;}
      |                       ~~~~~~^~~
In file included from /home/kan/lab/course/unitree_go2_ros2_jazzy1/unitree_go2_ros2_jazzy/unitree_guide2/include/FSM/FSMState.h:10,
                 from /home/kan/lab/course/unitree_go2_ros2_jazzy1/unitree_go2_ros2_jazzy/unitree_guide2/include/FSM/State_StepTest.h:7,
                 from /home/kan/lab/course/unitree_go2_ros2_jazzy1/unitree_go2_ros2_jazzy/unitree_guide2/src/FSM/State_StepTest.cpp:4:
/home/kan/lab/course/unitree_go2_ros2_jazzy1/unitree_go2_ros2_jazzy/unitree_guide2/include/control/CtrlComponents.h: In destructor ‘CtrlComponents::~CtrlComponents()’:
/home/kan/lab/course/unitree_go2_ros2_jazzy1/unitree_go2_ros2_jazzy/unitree_guide2/include/control/CtrlComponents.h:35:9: warning: deleting object of abstract class type ‘IOInterface’ which has non-virtual destructor will cause undefined behavior [-Wdelete-non-virtual-dtor]
   35 |         delete ioInter;
      |         ^~~~~~~~~~~~~~
In file included from /home/kan/lab/course/unitree_go2_ros2_jazzy1/unitree_go2_ros2_jazzy/unitree_guide2/include/message/LowlevelCmd.h:8,
                 from /home/kan/lab/course/unitree_go2_ros2_jazzy1/unitree_go2_ros2_jazzy/unitree_guide2/include/control/CtrlComponents.h:7,
                 from /home/kan/lab/course/unitree_go2_ros2_jazzy1/unitree_go2_ros2_jazzy/unitree_guide2/include/FSM/FSMState.h:10,
                 from /home/kan/lab/course/unitree_go2_ros2_jazzy1/unitree_go2_ros2_jazzy/unitree_guide2/include/FSM/FSM.h:8,
                 from /home/kan/lab/course/unitree_go2_ros2_jazzy1/unitree_go2_ros2_jazzy/unitree_guide2/include/control/ControlFrame.h:7,
                 from /home/kan/lab/course/unitree_go2_ros2_jazzy1/unitree_go2_ros2_jazzy/unitree_guide2/src/main.cpp:9:
/home/kan/lab/course/unitree_go2_ros2_jazzy1/unitree_go2_ros2_jazzy/unitree_guide2/include/common/mathTools.h: In constructor ‘AvgCov::AvgCov(unsigned int, std::string, bool, unsigned int, unsigned int, double)’:
/home/kan/lab/course/unitree_go2_ros2_jazzy1/unitree_go2_ros2_jazzy/unitree_guide2/include/common/mathTools.h:278:17: warning: ‘AvgCov::_valueName’ will be initialized after [-Wreorder]
  278 |     std::string _valueName;
      |                 ^~~~~~~~~~
/home/kan/lab/course/unitree_go2_ros2_jazzy1/unitree_go2_ros2_jazzy/unitree_guide2/include/common/mathTools.h:272:10: warning:   ‘bool AvgCov::_avgOnly’ [-Wreorder]
  272 |     bool _avgOnly;
      |          ^~~~~~~~
In file included from /home/kan/lab/course/unitree_go2_ros2_jazzy1/unitree_go2_ros2_jazzy/unitree_guide2/include/message/LowlevelCmd.h:8,
                 from /home/kan/lab/course/unitree_go2_ros2_jazzy1/unitree_go2_ros2_jazzy/unitree_guide2/include/control/CtrlComponents.h:7,
                 from /home/kan/lab/course/unitree_go2_ros2_jazzy1/unitree_go2_ros2_jazzy/unitree_guide2/include/FSM/FSMState.h:10,
                 from /home/kan/lab/course/unitree_go2_ros2_jazzy1/unitree_go2_ros2_jazzy/unitree_guide2/include/FSM/FSM.h:8,
                 from /home/kan/lab/course/unitree_go2_ros2_jazzy1/unitree_go2_ros2_jazzy/unitree_guide2/include/control/ControlFrame.h:7,
                 from /home/kan/lab/course/unitree_go2_ros2_jazzy1/unitree_go2_ros2_jazzy/unitree_guide2/src/main.cpp:9:
/home/kan/lab/course/unitree_go2_ros2_jazzy1/unitree_go2_ros2_jazzy/unitree_guide2/include/common/mathTools.h:246:5: warning:   when initialized here [-Wreorder]
  246 |     AvgCov(unsigned int size, std::string name, bool avgOnly=false, unsigned int showPeriod=1000, unsigned int waitCount=5000, double zoomFactor=10000)
      |     ^~~~~~
In file included from /home/kan/lab/course/unitree_go2_ros2_jazzy1/unitree_go2_ros2_jazzy/unitree_guide2/include/message/LowlevelState.h:10,
                 from /home/kan/lab/course/unitree_go2_ros2_jazzy1/unitree_go2_ros2_jazzy/unitree_guide2/include/control/CtrlComponents.h:8,
                 from /home/kan/lab/course/unitree_go2_ros2_jazzy1/unitree_go2_ros2_jazzy/unitree_guide2/include/FSM/FSMState.h:10,
                 from /home/kan/lab/course/unitree_go2_ros2_jazzy1/unitree_go2_ros2_jazzy/unitree_guide2/include/FSM/FSM.h:8,
                 from /home/kan/lab/course/unitree_go2_ros2_jazzy1/unitree_go2_ros2_jazzy/unitree_guide2/include/control/ControlFrame.h:7,
                 from /home/kan/lab/course/unitree_go2_ros2_jazzy1/unitree_go2_ros2_jazzy/unitree_guide2/src/main.cpp:9:
/home/kan/lab/course/unitree_go2_ros2_jazzy1/unitree_go2_ros2_jazzy/unitree_guide2/include/interface/CmdPanel.h: In member function ‘virtual void* CmdPanel::run(void*)’:
/home/kan/lab/course/unitree_go2_ros2_jazzy1/unitree_go2_ros2_jazzy/unitree_guide2/include/interface/CmdPanel.h:50:29: warning: unused parameter ‘arg’ [-Wunused-parameter]
   50 |     virtual void* run(void *arg){return NULL;}
      |                       ~~~~~~^~~
In file included from /home/kan/lab/course/unitree_go2_ros2_jazzy1/unitree_go2_ros2_jazzy/unitree_guide2/include/FSM/FSMState.h:10,
                 from /home/kan/lab/course/unitree_go2_ros2_jazzy1/unitree_go2_ros2_jazzy/unitree_guide2/include/FSM/FSM.h:8,
                 from /home/kan/lab/course/unitree_go2_ros2_jazzy1/unitree_go2_ros2_jazzy/unitree_guide2/include/control/ControlFrame.h:7,
                 from /home/kan/lab/course/unitree_go2_ros2_jazzy1/unitree_go2_ros2_jazzy/unitree_guide2/src/main.cpp:9:
/home/kan/lab/course/unitree_go2_ros2_jazzy1/unitree_go2_ros2_jazzy/unitree_guide2/include/control/CtrlComponents.h: In destructor ‘CtrlComponents::~CtrlComponents()’:
/home/kan/lab/course/unitree_go2_ros2_jazzy1/unitree_go2_ros2_jazzy/unitree_guide2/include/control/CtrlComponents.h:35:9: warning: deleting object of abstract class type ‘IOInterface’ which has non-virtual destructor will cause undefined behavior [-Wdelete-non-virtual-dtor]
   35 |         delete ioInter;
      |         ^~~~~~~~~~~~~~
In file included from /home/kan/lab/course/unitree_go2_ros2_jazzy1/unitree_go2_ros2_jazzy/unitree_guide2/include/control/ControlFrame.h:7,
                 from /home/kan/lab/course/unitree_go2_ros2_jazzy1/unitree_go2_ros2_jazzy/unitree_guide2/src/main.cpp:9:
/home/kan/lab/course/unitree_go2_ros2_jazzy1/unitree_go2_ros2_jazzy/unitree_guide2/include/FSM/FSM.h: In member function ‘void FSMStateList::deletePtr()’:
/home/kan/lab/course/unitree_go2_ros2_jazzy1/unitree_go2_ros2_jazzy/unitree_guide2/include/FSM/FSM.h:44:9: warning: deleting object of abstract class type ‘FSMState’ which has non-virtual destructor will cause undefined behavior [-Wdelete-non-virtual-dtor]
   44 |         delete invalid;
      |         ^~~~~~~~~~~~~~
/home/kan/lab/course/unitree_go2_ros2_jazzy1/unitree_go2_ros2_jazzy/unitree_guide2/include/FSM/FSM.h:45:9: warning: deleting object of polymorphic class type ‘State_Passive’ which has non-virtual destructor might cause undefined behavior [-Wdelete-non-virtual-dtor]
   45 |         delete passive;
      |         ^~~~~~~~~~~~~~
/home/kan/lab/course/unitree_go2_ros2_jazzy1/unitree_go2_ros2_jazzy/unitree_guide2/include/FSM/FSM.h:46:9: warning: deleting object of polymorphic class type ‘State_FixedStand’ which has non-virtual destructor might cause undefined behavior [-Wdelete-non-virtual-dtor]
   46 |         delete fixedStand;
      |         ^~~~~~~~~~~~~~~~~
/home/kan/lab/course/unitree_go2_ros2_jazzy1/unitree_go2_ros2_jazzy/unitree_guide2/include/FSM/FSM.h:47:9: warning: deleting object of polymorphic class type ‘State_FreeStand’ which has non-virtual destructor might cause undefined behavior [-Wdelete-non-virtual-dtor]
   47 |         delete freeStand;
      |         ^~~~~~~~~~~~~~~~
/home/kan/lab/course/unitree_go2_ros2_jazzy1/unitree_go2_ros2_jazzy/unitree_guide2/include/FSM/FSM.h:48:9: warning: deleting object of polymorphic class type ‘State_Trotting’ which has non-virtual destructor might cause undefined behavior [-Wdelete-non-virtual-dtor]
   48 |         delete trotting;
      |         ^~~~~~~~~~~~~~~
/home/kan/lab/course/unitree_go2_ros2_jazzy1/unitree_go2_ros2_jazzy/unitree_guide2/include/FSM/FSM.h:49:9: warning: deleting object of polymorphic class type ‘State_BalanceTest’ which has non-virtual destructor might cause undefined behavior [-Wdelete-non-virtual-dtor]
   49 |         delete balanceTest;
      |         ^~~~~~~~~~~~~~~~~~
/home/kan/lab/course/unitree_go2_ros2_jazzy1/unitree_go2_ros2_jazzy/unitree_guide2/include/FSM/FSM.h:50:9: warning: deleting object of polymorphic class type ‘State_SwingTest’ which has non-virtual destructor might cause undefined behavior [-Wdelete-non-virtual-dtor]
   50 |         delete swingTest;
      |         ^~~~~~~~~~~~~~~~
/home/kan/lab/course/unitree_go2_ros2_jazzy1/unitree_go2_ros2_jazzy/unitree_guide2/include/FSM/FSM.h:51:9: warning: deleting object of polymorphic class type ‘State_StepTest’ which has non-virtual destructor might cause undefined behavior [-Wdelete-non-virtual-dtor]
   51 |         delete stepTest;
      |         ^~~~~~~~~~~~~~~
/home/kan/lab/course/unitree_go2_ros2_jazzy1/unitree_go2_ros2_jazzy/unitree_guide2/include/FSM/FSM.h:56:9: warning: deleting object of polymorphic class type ‘State_move_base’ which has non-virtual destructor might cause undefined behavior [-Wdelete-non-virtual-dtor]
   56 |         delete moveBase;
      |         ^~~~~~~~~~~~~~~
/home/kan/lab/course/unitree_go2_ros2_jazzy1/unitree_go2_ros2_jazzy/unitree_guide2/src/main.cpp: In function ‘void ShutDown(int)’:
/home/kan/lab/course/unitree_go2_ros2_jazzy1/unitree_go2_ros2_jazzy/unitree_guide2/src/main.cpp:31:19: warning: unused parameter ‘sig’ [-Wunused-parameter]
   31 | void ShutDown(int sig)
      |               ~~~~^~~
In file included from /home/kan/lab/course/unitree_go2_ros2_jazzy1/unitree_go2_ros2_jazzy/unitree_guide2/include/message/LowlevelCmd.h:8,
                 from /home/kan/lab/course/unitree_go2_ros2_jazzy1/unitree_go2_ros2_jazzy/unitree_guide2/include/control/CtrlComponents.h:7,
                 from /home/kan/lab/course/unitree_go2_ros2_jazzy1/unitree_go2_ros2_jazzy/unitree_guide2/include/Gait/FeetEndCal.h:7,
                 from /home/kan/lab/course/unitree_go2_ros2_jazzy1/unitree_go2_ros2_jazzy/unitree_guide2/src/Gait/FeetEndCal.cpp:4:
/home/kan/lab/course/unitree_go2_ros2_jazzy1/unitree_go2_ros2_jazzy/unitree_guide2/include/common/mathTools.h: In constructor ‘AvgCov::AvgCov(unsigned int, std::string, bool, unsigned int, unsigned int, double)’:
/home/kan/lab/course/unitree_go2_ros2_jazzy1/unitree_go2_ros2_jazzy/unitree_guide2/include/common/mathTools.h:278:17: warning: ‘AvgCov::_valueName’ will be initialized after [-Wreorder]
  278 |     std::string _valueName;
      |                 ^~~~~~~~~~
/home/kan/lab/course/unitree_go2_ros2_jazzy1/unitree_go2_ros2_jazzy/unitree_guide2/include/common/mathTools.h:272:10: warning:   ‘bool AvgCov::_avgOnly’ [-Wreorder]
  272 |     bool _avgOnly;
      |          ^~~~~~~~
In file included from /home/kan/lab/course/unitree_go2_ros2_jazzy1/unitree_go2_ros2_jazzy/unitree_guide2/include/message/LowlevelCmd.h:8,
                 from /home/kan/lab/course/unitree_go2_ros2_jazzy1/unitree_go2_ros2_jazzy/unitree_guide2/include/control/CtrlComponents.h:7,
                 from /home/kan/lab/course/unitree_go2_ros2_jazzy1/unitree_go2_ros2_jazzy/unitree_guide2/include/Gait/FeetEndCal.h:7,
                 from /home/kan/lab/course/unitree_go2_ros2_jazzy1/unitree_go2_ros2_jazzy/unitree_guide2/src/Gait/FeetEndCal.cpp:4:
/home/kan/lab/course/unitree_go2_ros2_jazzy1/unitree_go2_ros2_jazzy/unitree_guide2/include/common/mathTools.h:246:5: warning:   when initialized here [-Wreorder]
  246 |     AvgCov(unsigned int size, std::string name, bool avgOnly=false, unsigned int showPeriod=1000, unsigned int waitCount=5000, double zoomFactor=10000)
      |     ^~~~~~
In file included from /home/kan/lab/course/unitree_go2_ros2_jazzy1/unitree_go2_ros2_jazzy/unitree_guide2/include/message/LowlevelState.h:10,
                 from /home/kan/lab/course/unitree_go2_ros2_jazzy1/unitree_go2_ros2_jazzy/unitree_guide2/include/control/CtrlComponents.h:8,
                 from /home/kan/lab/course/unitree_go2_ros2_jazzy1/unitree_go2_ros2_jazzy/unitree_guide2/include/Gait/FeetEndCal.h:7,
                 from /home/kan/lab/course/unitree_go2_ros2_jazzy1/unitree_go2_ros2_jazzy/unitree_guide2/src/Gait/FeetEndCal.cpp:4:
/home/kan/lab/course/unitree_go2_ros2_jazzy1/unitree_go2_ros2_jazzy/unitree_guide2/include/interface/CmdPanel.h: In member function ‘virtual void* CmdPanel::run(void*)’:
/home/kan/lab/course/unitree_go2_ros2_jazzy1/unitree_go2_ros2_jazzy/unitree_guide2/include/interface/CmdPanel.h:50:29: warning: unused parameter ‘arg’ [-Wunused-parameter]
   50 |     virtual void* run(void *arg){return NULL;}
      |                       ~~~~~~^~~
In file included from /home/kan/lab/course/unitree_go2_ros2_jazzy1/unitree_go2_ros2_jazzy/unitree_guide2/include/Gait/FeetEndCal.h:7,
                 from /home/kan/lab/course/unitree_go2_ros2_jazzy1/unitree_go2_ros2_jazzy/unitree_guide2/src/Gait/FeetEndCal.cpp:4:
/home/kan/lab/course/unitree_go2_ros2_jazzy1/unitree_go2_ros2_jazzy/unitree_guide2/include/control/CtrlComponents.h: In destructor ‘CtrlComponents::~CtrlComponents()’:
/home/kan/lab/course/unitree_go2_ros2_jazzy1/unitree_go2_ros2_jazzy/unitree_guide2/include/control/CtrlComponents.h:35:9: warning: deleting object of abstract class type ‘IOInterface’ which has non-virtual destructor will cause undefined behavior [-Wdelete-non-virtual-dtor]
   35 |         delete ioInter;
      |         ^~~~~~~~~~~~~~
In file included from /home/kan/lab/course/unitree_go2_ros2_jazzy1/unitree_go2_ros2_jazzy/unitree_guide2/src/Gait/FeetEndCal.cpp:4:
/home/kan/lab/course/unitree_go2_ros2_jazzy1/unitree_go2_ros2_jazzy/unitree_guide2/include/Gait/FeetEndCal.h: In constructor ‘FeetEndCal::FeetEndCal(CtrlComponents*)’:
/home/kan/lab/course/unitree_go2_ros2_jazzy1/unitree_go2_ros2_jazzy/unitree_guide2/include/Gait/FeetEndCal.h:17:16: warning: ‘FeetEndCal::_est’ will be initialized after [-Wreorder]
   17 |     Estimator *_est;
      |                ^~~~
/home/kan/lab/course/unitree_go2_ros2_jazzy1/unitree_go2_ros2_jazzy/unitree_guide2/include/Gait/FeetEndCal.h:16:20: warning:   ‘LowlevelState* FeetEndCal::_lowState’ [-Wreorder]
   16 |     LowlevelState *_lowState;
      |                    ^~~~~~~~~
/home/kan/lab/course/unitree_go2_ros2_jazzy1/unitree_go2_ros2_jazzy/unitree_guide2/src/Gait/FeetEndCal.cpp:6:1: warning:   when initialized here [-Wreorder]
    6 | FeetEndCal::FeetEndCal(CtrlComponents *ctrlComp)
      | ^~~~~~~~~~
In file included from /home/kan/lab/course/unitree_go2_ros2_jazzy1/unitree_go2_ros2_jazzy/unitree_guide2/include/message/LowlevelCmd.h:8,
                 from /home/kan/lab/course/unitree_go2_ros2_jazzy1/unitree_go2_ros2_jazzy/unitree_guide2/include/control/CtrlComponents.h:7,
                 from /home/kan/lab/course/unitree_go2_ros2_jazzy1/unitree_go2_ros2_jazzy/unitree_guide2/include/FSM/FSMState.h:10,
                 from /home/kan/lab/course/unitree_go2_ros2_jazzy1/unitree_go2_ros2_jazzy/unitree_guide2/include/FSM/State_Trotting.h:7,
                 from /home/kan/lab/course/unitree_go2_ros2_jazzy1/unitree_go2_ros2_jazzy/unitree_guide2/include/FSM/State_move_base.h:37,
                 from /home/kan/lab/course/unitree_go2_ros2_jazzy1/unitree_go2_ros2_jazzy/unitree_guide2/src/FSM/State_move_base.cpp:59:
/home/kan/lab/course/unitree_go2_ros2_jazzy1/unitree_go2_ros2_jazzy/unitree_guide2/include/common/mathTools.h: In constructor ‘AvgCov::AvgCov(unsigned int, std::string, bool, unsigned int, unsigned int, double)’:
/home/kan/lab/course/unitree_go2_ros2_jazzy1/unitree_go2_ros2_jazzy/unitree_guide2/include/common/mathTools.h:278:17: warning: ‘AvgCov::_valueName’ will be initialized after [-Wreorder]
  278 |     std::string _valueName;
      |                 ^~~~~~~~~~
/home/kan/lab/course/unitree_go2_ros2_jazzy1/unitree_go2_ros2_jazzy/unitree_guide2/include/common/mathTools.h:272:10: warning:   ‘bool AvgCov::_avgOnly’ [-Wreorder]
  272 |     bool _avgOnly;
      |          ^~~~~~~~
In file included from /home/kan/lab/course/unitree_go2_ros2_jazzy1/unitree_go2_ros2_jazzy/unitree_guide2/include/message/LowlevelCmd.h:8,
                 from /home/kan/lab/course/unitree_go2_ros2_jazzy1/unitree_go2_ros2_jazzy/unitree_guide2/include/control/CtrlComponents.h:7,
                 from /home/kan/lab/course/unitree_go2_ros2_jazzy1/unitree_go2_ros2_jazzy/unitree_guide2/include/FSM/FSMState.h:10,
                 from /home/kan/lab/course/unitree_go2_ros2_jazzy1/unitree_go2_ros2_jazzy/unitree_guide2/include/FSM/State_Trotting.h:7,
                 from /home/kan/lab/course/unitree_go2_ros2_jazzy1/unitree_go2_ros2_jazzy/unitree_guide2/include/FSM/State_move_base.h:37,
                 from /home/kan/lab/course/unitree_go2_ros2_jazzy1/unitree_go2_ros2_jazzy/unitree_guide2/src/FSM/State_move_base.cpp:59:
/home/kan/lab/course/unitree_go2_ros2_jazzy1/unitree_go2_ros2_jazzy/unitree_guide2/include/common/mathTools.h:246:5: warning:   when initialized here [-Wreorder]
  246 |     AvgCov(unsigned int size, std::string name, bool avgOnly=false, unsigned int showPeriod=1000, unsigned int waitCount=5000, double zoomFactor=10000)
      |     ^~~~~~
In file included from /home/kan/lab/course/unitree_go2_ros2_jazzy1/unitree_go2_ros2_jazzy/unitree_guide2/include/message/LowlevelState.h:10,
                 from /home/kan/lab/course/unitree_go2_ros2_jazzy1/unitree_go2_ros2_jazzy/unitree_guide2/include/control/CtrlComponents.h:8,
                 from /home/kan/lab/course/unitree_go2_ros2_jazzy1/unitree_go2_ros2_jazzy/unitree_guide2/include/FSM/FSMState.h:10,
                 from /home/kan/lab/course/unitree_go2_ros2_jazzy1/unitree_go2_ros2_jazzy/unitree_guide2/include/FSM/State_Trotting.h:7,
                 from /home/kan/lab/course/unitree_go2_ros2_jazzy1/unitree_go2_ros2_jazzy/unitree_guide2/include/FSM/State_move_base.h:37,
                 from /home/kan/lab/course/unitree_go2_ros2_jazzy1/unitree_go2_ros2_jazzy/unitree_guide2/src/FSM/State_move_base.cpp:59:
/home/kan/lab/course/unitree_go2_ros2_jazzy1/unitree_go2_ros2_jazzy/unitree_guide2/include/interface/CmdPanel.h: In member function ‘virtual void* CmdPanel::run(void*)’:
/home/kan/lab/course/unitree_go2_ros2_jazzy1/unitree_go2_ros2_jazzy/unitree_guide2/include/interface/CmdPanel.h:50:29: warning: unused parameter ‘arg’ [-Wunused-parameter]
   50 |     virtual void* run(void *arg){return NULL;}
      |                       ~~~~~~^~~
In file included from /home/kan/lab/course/unitree_go2_ros2_jazzy1/unitree_go2_ros2_jazzy/unitree_guide2/include/FSM/FSMState.h:10,
                 from /home/kan/lab/course/unitree_go2_ros2_jazzy1/unitree_go2_ros2_jazzy/unitree_guide2/include/FSM/State_Trotting.h:7,
                 from /home/kan/lab/course/unitree_go2_ros2_jazzy1/unitree_go2_ros2_jazzy/unitree_guide2/include/FSM/State_move_base.h:37,
                 from /home/kan/lab/course/unitree_go2_ros2_jazzy1/unitree_go2_ros2_jazzy/unitree_guide2/src/FSM/State_move_base.cpp:59:
/home/kan/lab/course/unitree_go2_ros2_jazzy1/unitree_go2_ros2_jazzy/unitree_guide2/include/control/CtrlComponents.h: In destructor ‘CtrlComponents::~CtrlComponents()’:
/home/kan/lab/course/unitree_go2_ros2_jazzy1/unitree_go2_ros2_jazzy/unitree_guide2/include/control/CtrlComponents.h:35:9: warning: deleting object of abstract class type ‘IOInterface’ which has non-virtual destructor will cause undefined behavior [-Wdelete-non-virtual-dtor]
   35 |         delete ioInter;
      |         ^~~~~~~~~~~~~~
In file included from /home/kan/lab/course/unitree_go2_ros2_jazzy1/unitree_go2_ros2_jazzy/unitree_guide2/include/message/LowlevelCmd.h:8,
                 from /home/kan/lab/course/unitree_go2_ros2_jazzy1/unitree_go2_ros2_jazzy/unitree_guide2/include/control/CtrlComponents.h:7,
                 from /home/kan/lab/course/unitree_go2_ros2_jazzy1/unitree_go2_ros2_jazzy/unitree_guide2/include/FSM/FSMState.h:10,
                 from /home/kan/lab/course/unitree_go2_ros2_jazzy1/unitree_go2_ros2_jazzy/unitree_guide2/include/FSM/State_SwingTest.h:7,
                 from /home/kan/lab/course/unitree_go2_ros2_jazzy1/unitree_go2_ros2_jazzy/unitree_guide2/src/FSM/State_SwingTest.cpp:4:
/home/kan/lab/course/unitree_go2_ros2_jazzy1/unitree_go2_ros2_jazzy/unitree_guide2/include/common/mathTools.h: In constructor ‘AvgCov::AvgCov(unsigned int, std::string, bool, unsigned int, unsigned int, double)’:
/home/kan/lab/course/unitree_go2_ros2_jazzy1/unitree_go2_ros2_jazzy/unitree_guide2/include/common/mathTools.h:278:17: warning: ‘AvgCov::_valueName’ will be initialized after [-Wreorder]
  278 |     std::string _valueName;
      |                 ^~~~~~~~~~
/home/kan/lab/course/unitree_go2_ros2_jazzy1/unitree_go2_ros2_jazzy/unitree_guide2/include/common/mathTools.h:272:10: warning:   ‘bool AvgCov::_avgOnly’ [-Wreorder]
  272 |     bool _avgOnly;
      |          ^~~~~~~~
In file included from /home/kan/lab/course/unitree_go2_ros2_jazzy1/unitree_go2_ros2_jazzy/unitree_guide2/include/message/LowlevelCmd.h:8,
                 from /home/kan/lab/course/unitree_go2_ros2_jazzy1/unitree_go2_ros2_jazzy/unitree_guide2/include/control/CtrlComponents.h:7,
                 from /home/kan/lab/course/unitree_go2_ros2_jazzy1/unitree_go2_ros2_jazzy/unitree_guide2/include/FSM/FSMState.h:10,
                 from /home/kan/lab/course/unitree_go2_ros2_jazzy1/unitree_go2_ros2_jazzy/unitree_guide2/include/FSM/State_SwingTest.h:7,
                 from /home/kan/lab/course/unitree_go2_ros2_jazzy1/unitree_go2_ros2_jazzy/unitree_guide2/src/FSM/State_SwingTest.cpp:4:
/home/kan/lab/course/unitree_go2_ros2_jazzy1/unitree_go2_ros2_jazzy/unitree_guide2/include/common/mathTools.h:246:5: warning:   when initialized here [-Wreorder]
  246 |     AvgCov(unsigned int size, std::string name, bool avgOnly=false, unsigned int showPeriod=1000, unsigned int waitCount=5000, double zoomFactor=10000)
      |     ^~~~~~
In file included from /home/kan/lab/course/unitree_go2_ros2_jazzy1/unitree_go2_ros2_jazzy/unitree_guide2/include/message/LowlevelState.h:10,
                 from /home/kan/lab/course/unitree_go2_ros2_jazzy1/unitree_go2_ros2_jazzy/unitree_guide2/include/control/CtrlComponents.h:8,
                 from /home/kan/lab/course/unitree_go2_ros2_jazzy1/unitree_go2_ros2_jazzy/unitree_guide2/include/FSM/FSMState.h:10,
                 from /home/kan/lab/course/unitree_go2_ros2_jazzy1/unitree_go2_ros2_jazzy/unitree_guide2/include/FSM/State_SwingTest.h:7,
                 from /home/kan/lab/course/unitree_go2_ros2_jazzy1/unitree_go2_ros2_jazzy/unitree_guide2/src/FSM/State_SwingTest.cpp:4:
/home/kan/lab/course/unitree_go2_ros2_jazzy1/unitree_go2_ros2_jazzy/unitree_guide2/include/interface/CmdPanel.h: In member function ‘virtual void* CmdPanel::run(void*)’:
/home/kan/lab/course/unitree_go2_ros2_jazzy1/unitree_go2_ros2_jazzy/unitree_guide2/include/interface/CmdPanel.h:50:29: warning: unused parameter ‘arg’ [-Wunused-parameter]
   50 |     virtual void* run(void *arg){return NULL;}
      |                       ~~~~~~^~~
In file included from /home/kan/lab/course/unitree_go2_ros2_jazzy1/unitree_go2_ros2_jazzy/unitree_guide2/include/FSM/FSMState.h:10,
                 from /home/kan/lab/course/unitree_go2_ros2_jazzy1/unitree_go2_ros2_jazzy/unitree_guide2/include/FSM/State_SwingTest.h:7,
                 from /home/kan/lab/course/unitree_go2_ros2_jazzy1/unitree_go2_ros2_jazzy/unitree_guide2/src/FSM/State_SwingTest.cpp:4:
/home/kan/lab/course/unitree_go2_ros2_jazzy1/unitree_go2_ros2_jazzy/unitree_guide2/include/control/CtrlComponents.h: In destructor ‘CtrlComponents::~CtrlComponents()’:
/home/kan/lab/course/unitree_go2_ros2_jazzy1/unitree_go2_ros2_jazzy/unitree_guide2/include/control/CtrlComponents.h:35:9: warning: deleting object of abstract class type ‘IOInterface’ which has non-virtual destructor will cause undefined behavior [-Wdelete-non-virtual-dtor]
   35 |         delete ioInter;
      |         ^~~~~~~~~~~~~~
In file included from /home/kan/lab/course/unitree_go2_ros2_jazzy1/unitree_go2_ros2_jazzy/unitree_guide2/include/message/LowlevelCmd.h:8,
                 from /home/kan/lab/course/unitree_go2_ros2_jazzy1/unitree_go2_ros2_jazzy/unitree_guide2/include/control/CtrlComponents.h:7,
                 from /home/kan/lab/course/unitree_go2_ros2_jazzy1/unitree_go2_ros2_jazzy/unitree_guide2/include/FSM/FSMState.h:10,
                 from /home/kan/lab/course/unitree_go2_ros2_jazzy1/unitree_go2_ros2_jazzy/unitree_guide2/include/FSM/State_Trotting.h:7,
                 from /home/kan/lab/course/unitree_go2_ros2_jazzy1/unitree_go2_ros2_jazzy/unitree_guide2/src/FSM/State_Trotting.cpp:4:
/home/kan/lab/course/unitree_go2_ros2_jazzy1/unitree_go2_ros2_jazzy/unitree_guide2/include/common/mathTools.h: In constructor ‘AvgCov::AvgCov(unsigned int, std::string, bool, unsigned int, unsigned int, double)’:
/home/kan/lab/course/unitree_go2_ros2_jazzy1/unitree_go2_ros2_jazzy/unitree_guide2/include/common/mathTools.h:278:17: warning: ‘AvgCov::_valueName’ will be initialized after [-Wreorder]
  278 |     std::string _valueName;
      |                 ^~~~~~~~~~
/home/kan/lab/course/unitree_go2_ros2_jazzy1/unitree_go2_ros2_jazzy/unitree_guide2/include/common/mathTools.h:272:10: warning:   ‘bool AvgCov::_avgOnly’ [-Wreorder]
  272 |     bool _avgOnly;
      |          ^~~~~~~~
In file included from /home/kan/lab/course/unitree_go2_ros2_jazzy1/unitree_go2_ros2_jazzy/unitree_guide2/include/message/LowlevelCmd.h:8,
                 from /home/kan/lab/course/unitree_go2_ros2_jazzy1/unitree_go2_ros2_jazzy/unitree_guide2/include/control/CtrlComponents.h:7,
                 from /home/kan/lab/course/unitree_go2_ros2_jazzy1/unitree_go2_ros2_jazzy/unitree_guide2/include/FSM/FSMState.h:10,
                 from /home/kan/lab/course/unitree_go2_ros2_jazzy1/unitree_go2_ros2_jazzy/unitree_guide2/include/FSM/State_Trotting.h:7,
                 from /home/kan/lab/course/unitree_go2_ros2_jazzy1/unitree_go2_ros2_jazzy/unitree_guide2/src/FSM/State_Trotting.cpp:4:
/home/kan/lab/course/unitree_go2_ros2_jazzy1/unitree_go2_ros2_jazzy/unitree_guide2/include/common/mathTools.h:246:5: warning:   when initialized here [-Wreorder]
  246 |     AvgCov(unsigned int size, std::string name, bool avgOnly=false, unsigned int showPeriod=1000, unsigned int waitCount=5000, double zoomFactor=10000)
      |     ^~~~~~
In file included from /home/kan/lab/course/unitree_go2_ros2_jazzy1/unitree_go2_ros2_jazzy/unitree_guide2/include/message/LowlevelState.h:10,
                 from /home/kan/lab/course/unitree_go2_ros2_jazzy1/unitree_go2_ros2_jazzy/unitree_guide2/include/control/CtrlComponents.h:8,
                 from /home/kan/lab/course/unitree_go2_ros2_jazzy1/unitree_go2_ros2_jazzy/unitree_guide2/include/FSM/FSMState.h:10,
                 from /home/kan/lab/course/unitree_go2_ros2_jazzy1/unitree_go2_ros2_jazzy/unitree_guide2/include/FSM/State_Trotting.h:7,
                 from /home/kan/lab/course/unitree_go2_ros2_jazzy1/unitree_go2_ros2_jazzy/unitree_guide2/src/FSM/State_Trotting.cpp:4:
/home/kan/lab/course/unitree_go2_ros2_jazzy1/unitree_go2_ros2_jazzy/unitree_guide2/include/interface/CmdPanel.h: In member function ‘virtual void* CmdPanel::run(void*)’:
/home/kan/lab/course/unitree_go2_ros2_jazzy1/unitree_go2_ros2_jazzy/unitree_guide2/include/interface/CmdPanel.h:50:29: warning: unused parameter ‘arg’ [-Wunused-parameter]
   50 |     virtual void* run(void *arg){return NULL;}
      |                       ~~~~~~^~~
In file included from /home/kan/lab/course/unitree_go2_ros2_jazzy1/unitree_go2_ros2_jazzy/unitree_guide2/include/FSM/FSMState.h:10,
                 from /home/kan/lab/course/unitree_go2_ros2_jazzy1/unitree_go2_ros2_jazzy/unitree_guide2/include/FSM/State_Trotting.h:7,
                 from /home/kan/lab/course/unitree_go2_ros2_jazzy1/unitree_go2_ros2_jazzy/unitree_guide2/src/FSM/State_Trotting.cpp:4:
/home/kan/lab/course/unitree_go2_ros2_jazzy1/unitree_go2_ros2_jazzy/unitree_guide2/include/control/CtrlComponents.h: In destructor ‘CtrlComponents::~CtrlComponents()’:
/home/kan/lab/course/unitree_go2_ros2_jazzy1/unitree_go2_ros2_jazzy/unitree_guide2/include/control/CtrlComponents.h:35:9: warning: deleting object of abstract class type ‘IOInterface’ which has non-virtual destructor will cause undefined behavior [-Wdelete-non-virtual-dtor]
   35 |         delete ioInter;
      |         ^~~~~~~~~~~~~~
In file included from /home/kan/lab/course/unitree_go2_ros2_jazzy1/unitree_go2_ros2_jazzy/unitree_guide2/src/FSM/State_Trotting.cpp:4:
/home/kan/lab/course/unitree_go2_ros2_jazzy1/unitree_go2_ros2_jazzy/unitree_guide2/include/FSM/State_Trotting.h: In constructor ‘State_Trotting::State_Trotting(CtrlComponents*)’:
/home/kan/lab/course/unitree_go2_ros2_jazzy1/unitree_go2_ros2_jazzy/unitree_guide2/include/FSM/State_Trotting.h:63:14: warning: ‘State_Trotting::_contact’ will be initialized after [-Wreorder]
   63 |     VecInt4 *_contact;
      |              ^~~~~~~~
/home/kan/lab/course/unitree_go2_ros2_jazzy1/unitree_go2_ros2_jazzy/unitree_guide2/include/FSM/State_Trotting.h:30:21: warning:   ‘QuadrupedRobot* State_Trotting::_robModel’ [-Wreorder]
   30 |     QuadrupedRobot *_robModel;
      |                     ^~~~~~~~~
/home/kan/lab/course/unitree_go2_ros2_jazzy1/unitree_go2_ros2_jazzy/unitree_guide2/src/FSM/State_Trotting.cpp:7:1: warning:   when initialized here [-Wreorder]
    7 | State_Trotting::State_Trotting(CtrlComponents *ctrlComp)
      | ^~~~~~~~~~~~~~
In file included from /home/kan/lab/course/unitree_go2_ros2_jazzy1/unitree_go2_ros2_jazzy/unitree_guide2/include/message/LowlevelCmd.h:8,
                 from /home/kan/lab/course/unitree_go2_ros2_jazzy1/unitree_go2_ros2_jazzy/unitree_guide2/include/control/CtrlComponents.h:7,
                 from /home/kan/lab/course/unitree_go2_ros2_jazzy1/unitree_go2_ros2_jazzy/unitree_guide2/include/Gait/FeetEndCal.h:7,
                 from /home/kan/lab/course/unitree_go2_ros2_jazzy1/unitree_go2_ros2_jazzy/unitree_guide2/include/Gait/GaitGenerator.h:8,
                 from /home/kan/lab/course/unitree_go2_ros2_jazzy1/unitree_go2_ros2_jazzy/unitree_guide2/src/Gait/GaitGenerator.cpp:4:
/home/kan/lab/course/unitree_go2_ros2_jazzy1/unitree_go2_ros2_jazzy/unitree_guide2/include/common/mathTools.h: In constructor ‘AvgCov::AvgCov(unsigned int, std::string, bool, unsigned int, unsigned int, double)’:
/home/kan/lab/course/unitree_go2_ros2_jazzy1/unitree_go2_ros2_jazzy/unitree_guide2/include/common/mathTools.h:278:17: warning: ‘AvgCov::_valueName’ will be initialized after [-Wreorder]
  278 |     std::string _valueName;
      |                 ^~~~~~~~~~
/home/kan/lab/course/unitree_go2_ros2_jazzy1/unitree_go2_ros2_jazzy/unitree_guide2/include/common/mathTools.h:272:10: warning:   ‘bool AvgCov::_avgOnly’ [-Wreorder]
  272 |     bool _avgOnly;
      |          ^~~~~~~~
In file included from /home/kan/lab/course/unitree_go2_ros2_jazzy1/unitree_go2_ros2_jazzy/unitree_guide2/include/message/LowlevelCmd.h:8,
                 from /home/kan/lab/course/unitree_go2_ros2_jazzy1/unitree_go2_ros2_jazzy/unitree_guide2/include/control/CtrlComponents.h:7,
                 from /home/kan/lab/course/unitree_go2_ros2_jazzy1/unitree_go2_ros2_jazzy/unitree_guide2/include/Gait/FeetEndCal.h:7,
                 from /home/kan/lab/course/unitree_go2_ros2_jazzy1/unitree_go2_ros2_jazzy/unitree_guide2/include/Gait/GaitGenerator.h:8,
                 from /home/kan/lab/course/unitree_go2_ros2_jazzy1/unitree_go2_ros2_jazzy/unitree_guide2/src/Gait/GaitGenerator.cpp:4:
/home/kan/lab/course/unitree_go2_ros2_jazzy1/unitree_go2_ros2_jazzy/unitree_guide2/include/common/mathTools.h:246:5: warning:   when initialized here [-Wreorder]
  246 |     AvgCov(unsigned int size, std::string name, bool avgOnly=false, unsigned int showPeriod=1000, unsigned int waitCount=5000, double zoomFactor=10000)
      |     ^~~~~~
In file included from /home/kan/lab/course/unitree_go2_ros2_jazzy1/unitree_go2_ros2_jazzy/unitree_guide2/include/message/LowlevelState.h:10,
                 from /home/kan/lab/course/unitree_go2_ros2_jazzy1/unitree_go2_ros2_jazzy/unitree_guide2/include/control/CtrlComponents.h:8,
                 from /home/kan/lab/course/unitree_go2_ros2_jazzy1/unitree_go2_ros2_jazzy/unitree_guide2/include/Gait/FeetEndCal.h:7,
                 from /home/kan/lab/course/unitree_go2_ros2_jazzy1/unitree_go2_ros2_jazzy/unitree_guide2/include/Gait/GaitGenerator.h:8,
                 from /home/kan/lab/course/unitree_go2_ros2_jazzy1/unitree_go2_ros2_jazzy/unitree_guide2/src/Gait/GaitGenerator.cpp:4:
/home/kan/lab/course/unitree_go2_ros2_jazzy1/unitree_go2_ros2_jazzy/unitree_guide2/include/interface/CmdPanel.h: In member function ‘virtual void* CmdPanel::run(void*)’:
/home/kan/lab/course/unitree_go2_ros2_jazzy1/unitree_go2_ros2_jazzy/unitree_guide2/include/interface/CmdPanel.h:50:29: warning: unused parameter ‘arg’ [-Wunused-parameter]
   50 |     virtual void* run(void *arg){return NULL;}
      |                       ~~~~~~^~~
In file included from /home/kan/lab/course/unitree_go2_ros2_jazzy1/unitree_go2_ros2_jazzy/unitree_guide2/include/Gait/FeetEndCal.h:7,
                 from /home/kan/lab/course/unitree_go2_ros2_jazzy1/unitree_go2_ros2_jazzy/unitree_guide2/include/Gait/GaitGenerator.h:8,
                 from /home/kan/lab/course/unitree_go2_ros2_jazzy1/unitree_go2_ros2_jazzy/unitree_guide2/src/Gait/GaitGenerator.cpp:4:
/home/kan/lab/course/unitree_go2_ros2_jazzy1/unitree_go2_ros2_jazzy/unitree_guide2/include/control/CtrlComponents.h: In destructor ‘CtrlComponents::~CtrlComponents()’:
/home/kan/lab/course/unitree_go2_ros2_jazzy1/unitree_go2_ros2_jazzy/unitree_guide2/include/control/CtrlComponents.h:35:9: warning: deleting object of abstract class type ‘IOInterface’ which has non-virtual destructor will cause undefined behavior [-Wdelete-non-virtual-dtor]
   35 |         delete ioInter;
      |         ^~~~~~~~~~~~~~
In file included from /home/kan/lab/course/unitree_go2_ros2_jazzy1/unitree_go2_ros2_jazzy/unitree_guide2/src/Gait/GaitGenerator.cpp:4:
/home/kan/lab/course/unitree_go2_ros2_jazzy1/unitree_go2_ros2_jazzy/unitree_guide2/include/Gait/GaitGenerator.h: In constructor ‘GaitGenerator::GaitGenerator(CtrlComponents*)’:
/home/kan/lab/course/unitree_go2_ros2_jazzy1/unitree_go2_ros2_jazzy/unitree_guide2/include/Gait/GaitGenerator.h:39:14: warning: ‘GaitGenerator::_contact’ will be initialized after [-Wreorder]
   39 |     VecInt4 *_contact;
      |              ^~~~~~~~
/home/kan/lab/course/unitree_go2_ros2_jazzy1/unitree_go2_ros2_jazzy/unitree_guide2/include/Gait/GaitGenerator.h:33:21: warning:   ‘QuadrupedRobot* GaitGenerator::_robModel’ [-Wreorder]
   33 |     QuadrupedRobot *_robModel;
      |                     ^~~~~~~~~
/home/kan/lab/course/unitree_go2_ros2_jazzy1/unitree_go2_ros2_jazzy/unitree_guide2/src/Gait/GaitGenerator.cpp:6:1: warning:   when initialized here [-Wreorder]
    6 | GaitGenerator::GaitGenerator(CtrlComponents *ctrlComp)
      | ^~~~~~~~~~~~~
In file included from /home/kan/lab/course/unitree_go2_ros2_jazzy1/unitree_go2_ros2_jazzy/unitree_guide2/include/message/LowlevelState.h:9,
                 from /home/kan/lab/course/unitree_go2_ros2_jazzy1/unitree_go2_ros2_jazzy/unitree_guide2/include/common/unitreeRobot.h:8,
                 from /home/kan/lab/course/unitree_go2_ros2_jazzy1/unitree_go2_ros2_jazzy/unitree_guide2/src/common/unitreeRobot.cpp:4:
/home/kan/lab/course/unitree_go2_ros2_jazzy1/unitree_go2_ros2_jazzy/unitree_guide2/include/common/mathTools.h: In constructor ‘AvgCov::AvgCov(unsigned int, std::string, bool, unsigned int, unsigned int, double)’:
/home/kan/lab/course/unitree_go2_ros2_jazzy1/unitree_go2_ros2_jazzy/unitree_guide2/include/common/mathTools.h:278:17: warning: ‘AvgCov::_valueName’ will be initialized after [-Wreorder]
  278 |     std::string _valueName;
      |                 ^~~~~~~~~~
/home/kan/lab/course/unitree_go2_ros2_jazzy1/unitree_go2_ros2_jazzy/unitree_guide2/include/common/mathTools.h:272:10: warning:   ‘bool AvgCov::_avgOnly’ [-Wreorder]
  272 |     bool _avgOnly;
      |          ^~~~~~~~
In file included from /home/kan/lab/course/unitree_go2_ros2_jazzy1/unitree_go2_ros2_jazzy/unitree_guide2/include/message/LowlevelState.h:9,
                 from /home/kan/lab/course/unitree_go2_ros2_jazzy1/unitree_go2_ros2_jazzy/unitree_guide2/include/common/unitreeRobot.h:8,
                 from /home/kan/lab/course/unitree_go2_ros2_jazzy1/unitree_go2_ros2_jazzy/unitree_guide2/src/common/unitreeRobot.cpp:4:
/home/kan/lab/course/unitree_go2_ros2_jazzy1/unitree_go2_ros2_jazzy/unitree_guide2/include/common/mathTools.h:246:5: warning:   when initialized here [-Wreorder]
  246 |     AvgCov(unsigned int size, std::string name, bool avgOnly=false, unsigned int showPeriod=1000, unsigned int waitCount=5000, double zoomFactor=10000)
      |     ^~~~~~
In file included from /home/kan/lab/course/unitree_go2_ros2_jazzy1/unitree_go2_ros2_jazzy/unitree_guide2/include/message/LowlevelState.h:10,
                 from /home/kan/lab/course/unitree_go2_ros2_jazzy1/unitree_go2_ros2_jazzy/unitree_guide2/include/common/unitreeRobot.h:8,
                 from /home/kan/lab/course/unitree_go2_ros2_jazzy1/unitree_go2_ros2_jazzy/unitree_guide2/src/common/unitreeRobot.cpp:4:
/home/kan/lab/course/unitree_go2_ros2_jazzy1/unitree_go2_ros2_jazzy/unitree_guide2/include/interface/CmdPanel.h: In member function ‘virtual void* CmdPanel::run(void*)’:
/home/kan/lab/course/unitree_go2_ros2_jazzy1/unitree_go2_ros2_jazzy/unitree_guide2/include/interface/CmdPanel.h:50:29: warning: unused parameter ‘arg’ [-Wunused-parameter]
   50 |     virtual void* run(void *arg){return NULL;}
      |                       ~~~~~~^~~
In file included from /home/kan/lab/course/unitree_go2_ros2_jazzy1/unitree_go2_ros2_jazzy/unitree_guide2/include/message/LowlevelState.h:9,
                 from /home/kan/lab/course/unitree_go2_ros2_jazzy1/unitree_go2_ros2_jazzy/unitree_guide2/include/common/unitreeRobot.h:8,
                 from /home/kan/lab/course/unitree_go2_ros2_jazzy1/unitree_go2_ros2_jazzy/unitree_guide2/include/control/BalanceCtrl.h:9,
                 from /home/kan/lab/course/unitree_go2_ros2_jazzy1/unitree_go2_ros2_jazzy/unitree_guide2/src/control/BalanceCtrl.cpp:4:
/home/kan/lab/course/unitree_go2_ros2_jazzy1/unitree_go2_ros2_jazzy/unitree_guide2/include/common/mathTools.h: In constructor ‘AvgCov::AvgCov(unsigned int, std::string, bool, unsigned int, unsigned int, double)’:
/home/kan/lab/course/unitree_go2_ros2_jazzy1/unitree_go2_ros2_jazzy/unitree_guide2/include/common/mathTools.h:278:17: warning: ‘AvgCov::_valueName’ will be initialized after [-Wreorder]
  278 |     std::string _valueName;
      |                 ^~~~~~~~~~
/home/kan/lab/course/unitree_go2_ros2_jazzy1/unitree_go2_ros2_jazzy/unitree_guide2/include/common/mathTools.h:272:10: warning:   ‘bool AvgCov::_avgOnly’ [-Wreorder]
  272 |     bool _avgOnly;
      |          ^~~~~~~~
In file included from /home/kan/lab/course/unitree_go2_ros2_jazzy1/unitree_go2_ros2_jazzy/unitree_guide2/include/message/LowlevelState.h:9,
                 from /home/kan/lab/course/unitree_go2_ros2_jazzy1/unitree_go2_ros2_jazzy/unitree_guide2/include/common/unitreeRobot.h:8,
                 from /home/kan/lab/course/unitree_go2_ros2_jazzy1/unitree_go2_ros2_jazzy/unitree_guide2/include/control/BalanceCtrl.h:9,
                 from /home/kan/lab/course/unitree_go2_ros2_jazzy1/unitree_go2_ros2_jazzy/unitree_guide2/src/control/BalanceCtrl.cpp:4:
/home/kan/lab/course/unitree_go2_ros2_jazzy1/unitree_go2_ros2_jazzy/unitree_guide2/include/common/mathTools.h:246:5: warning:   when initialized here [-Wreorder]
  246 |     AvgCov(unsigned int size, std::string name, bool avgOnly=false, unsigned int showPeriod=1000, unsigned int waitCount=5000, double zoomFactor=10000)
      |     ^~~~~~
In file included from /home/kan/lab/course/unitree_go2_ros2_jazzy1/unitree_go2_ros2_jazzy/unitree_guide2/include/message/LowlevelState.h:10,
                 from /home/kan/lab/course/unitree_go2_ros2_jazzy1/unitree_go2_ros2_jazzy/unitree_guide2/include/common/unitreeRobot.h:8,
                 from /home/kan/lab/course/unitree_go2_ros2_jazzy1/unitree_go2_ros2_jazzy/unitree_guide2/include/control/BalanceCtrl.h:9,
                 from /home/kan/lab/course/unitree_go2_ros2_jazzy1/unitree_go2_ros2_jazzy/unitree_guide2/src/control/BalanceCtrl.cpp:4:
/home/kan/lab/course/unitree_go2_ros2_jazzy1/unitree_go2_ros2_jazzy/unitree_guide2/include/interface/CmdPanel.h: In member function ‘virtual void* CmdPanel::run(void*)’:
/home/kan/lab/course/unitree_go2_ros2_jazzy1/unitree_go2_ros2_jazzy/unitree_guide2/include/interface/CmdPanel.h:50:29: warning: unused parameter ‘arg’ [-Wunused-parameter]
   50 |     virtual void* run(void *arg){return NULL;}
      |                       ~~~~~~^~~
In file included from /home/kan/lab/course/unitree_go2_ros2_jazzy1/unitree_go2_ros2_jazzy/unitree_guide2/src/control/BalanceCtrl.cpp:4:
/home/kan/lab/course/unitree_go2_ros2_jazzy1/unitree_go2_ros2_jazzy/unitree_guide2/include/control/BalanceCtrl.h: In constructor ‘BalanceCtrl::BalanceCtrl(double, Mat3, Mat6, double, double)’:
/home/kan/lab/course/unitree_go2_ros2_jazzy1/unitree_go2_ros2_jazzy/unitree_guide2/include/control/BalanceCtrl.h:36:12: warning: ‘BalanceCtrl::_mass’ will be initialized after [-Wreorder]
   36 |     double _mass, _alpha, _beta, _fricRatio;
      |            ^~~~~
/home/kan/lab/course/unitree_go2_ros2_jazzy1/unitree_go2_ros2_jazzy/unitree_guide2/include/control/BalanceCtrl.h:31:10: warning:   ‘Mat3 BalanceCtrl::_Ib’ [-Wreorder]
   31 |     Mat3 _Ib;
      |          ^~~
/home/kan/lab/course/unitree_go2_ros2_jazzy1/unitree_go2_ros2_jazzy/unitree_guide2/src/control/BalanceCtrl.cpp:8:1: warning:   when initialized here [-Wreorder]
    8 | BalanceCtrl::BalanceCtrl(double mass, Mat3 Ib, Mat6 S, double alpha, double beta)
      | ^~~~~~~~~~~
In file included from /home/kan/lab/course/unitree_go2_ros2_jazzy1/unitree_go2_ros2_jazzy/unitree_guide2/src/control/BalanceCtrl.cpp:4:
/home/kan/lab/course/unitree_go2_ros2_jazzy1/unitree_go2_ros2_jazzy/unitree_guide2/include/control/BalanceCtrl.h:31:10: warning: ‘BalanceCtrl::_Ib’ will be initialized after [-Wreorder]
   31 |     Mat3 _Ib;
      |          ^~~
/home/kan/lab/course/unitree_go2_ros2_jazzy1/unitree_go2_ros2_jazzy/unitree_guide2/include/control/BalanceCtrl.h:30:10: warning:   ‘Mat6 BalanceCtrl::_S’ [-Wreorder]
   30 |     Mat6 _S;
      |          ^~
/home/kan/lab/course/unitree_go2_ros2_jazzy1/unitree_go2_ros2_jazzy/unitree_guide2/src/control/BalanceCtrl.cpp:8:1: warning:   when initialized here [-Wreorder]
    8 | BalanceCtrl::BalanceCtrl(double mass, Mat3 Ib, Mat6 S, double alpha, double beta)
      | ^~~~~~~~~~~
/home/kan/lab/course/unitree_go2_ros2_jazzy1/unitree_go2_ros2_jazzy/unitree_guide2/src/control/BalanceCtrl.cpp: In member function ‘void BalanceCtrl::calMatrixA(Vec34, RotMat, VecInt4)’:
/home/kan/lab/course/unitree_go2_ros2_jazzy1/unitree_go2_ros2_jazzy/unitree_guide2/src/control/BalanceCtrl.cpp:63:68: warning: unused parameter ‘contact’ [-Wunused-parameter]
   63 | void BalanceCtrl::calMatrixA(Vec34 feetPos2B, RotMat rotM, VecInt4 contact){
      |                                                            ~~~~~~~~^~~~~~~
/home/kan/lab/course/unitree_go2_ros2_jazzy1/unitree_go2_ros2_jazzy/unitree_guide2/src/control/BalanceCtrl.cpp: In member function ‘void BalanceCtrl::solveQP()’:
/home/kan/lab/course/unitree_go2_ros2_jazzy1/unitree_go2_ros2_jazzy/unitree_guide2/src/control/BalanceCtrl.cpp:149:12: warning: unused variable ‘value’ [-Wunused-variable]
  149 |     double value = solve_quadprog(G, g0, CE, ce0, CI, ci0, x);
      |            ^~~~~
In file included from /home/kan/lab/course/unitree_go2_ros2_jazzy1/unitree_go2_ros2_jazzy/unitree_guide2/include/interface/KeyBoard.h:14,
                 from /home/kan/lab/course/unitree_go2_ros2_jazzy1/unitree_go2_ros2_jazzy/unitree_guide2/src/interface/KeyBoard.cpp:4:
/home/kan/lab/course/unitree_go2_ros2_jazzy1/unitree_go2_ros2_jazzy/unitree_guide2/include/interface/CmdPanel.h: In member function ‘virtual void* CmdPanel::run(void*)’:
/home/kan/lab/course/unitree_go2_ros2_jazzy1/unitree_go2_ros2_jazzy/unitree_guide2/include/interface/CmdPanel.h:50:29: warning: unused parameter ‘arg’ [-Wunused-parameter]
   50 |     virtual void* run(void *arg){return NULL;}
      |                       ~~~~~~^~~
In file included from /home/kan/lab/course/unitree_go2_ros2_jazzy1/unitree_go2_ros2_jazzy/unitree_guide2/include/interface/KeyBoard.h:15,
                 from /home/kan/lab/course/unitree_go2_ros2_jazzy1/unitree_go2_ros2_jazzy/unitree_guide2/src/interface/KeyBoard.cpp:4:
/home/kan/lab/course/unitree_go2_ros2_jazzy1/unitree_go2_ros2_jazzy/unitree_guide2/include/common/mathTools.h: In constructor ‘AvgCov::AvgCov(unsigned int, std::string, bool, unsigned int, unsigned int, double)’:
/home/kan/lab/course/unitree_go2_ros2_jazzy1/unitree_go2_ros2_jazzy/unitree_guide2/include/common/mathTools.h:278:17: warning: ‘AvgCov::_valueName’ will be initialized after [-Wreorder]
  278 |     std::string _valueName;
      |                 ^~~~~~~~~~
/home/kan/lab/course/unitree_go2_ros2_jazzy1/unitree_go2_ros2_jazzy/unitree_guide2/include/common/mathTools.h:272:10: warning:   ‘bool AvgCov::_avgOnly’ [-Wreorder]
  272 |     bool _avgOnly;
      |          ^~~~~~~~
In file included from /home/kan/lab/course/unitree_go2_ros2_jazzy1/unitree_go2_ros2_jazzy/unitree_guide2/include/interface/KeyBoard.h:15,
                 from /home/kan/lab/course/unitree_go2_ros2_jazzy1/unitree_go2_ros2_jazzy/unitree_guide2/src/interface/KeyBoard.cpp:4:
/home/kan/lab/course/unitree_go2_ros2_jazzy1/unitree_go2_ros2_jazzy/unitree_guide2/include/common/mathTools.h:246:5: warning:   when initialized here [-Wreorder]
  246 |     AvgCov(unsigned int size, std::string name, bool avgOnly=false, unsigned int showPeriod=1000, unsigned int waitCount=5000, double zoomFactor=10000)
      |     ^~~~~~
/home/kan/lab/course/unitree_go2_ros2_jazzy1/unitree_go2_ros2_jazzy/unitree_guide2/src/interface/KeyBoard.cpp: In member function ‘virtual void* KeyBoard::run(void*)’:
/home/kan/lab/course/unitree_go2_ros2_jazzy1/unitree_go2_ros2_jazzy/unitree_guide2/src/interface/KeyBoard.cpp:94:27: warning: unused parameter ‘arg’ [-Wunused-parameter]
   94 | void* KeyBoard::run(void *arg){
      |                     ~~~~~~^~~
In file included from /home/kan/lab/course/unitree_go2_ros2_jazzy1/unitree_go2_ros2_jazzy/unitree_guide2/include/message/LowlevelState.h:9,
                 from /home/kan/lab/course/unitree_go2_ros2_jazzy1/unitree_go2_ros2_jazzy/unitree_guide2/include/common/unitreeRobot.h:8,
                 from /home/kan/lab/course/unitree_go2_ros2_jazzy1/unitree_go2_ros2_jazzy/unitree_guide2/include/control/Estimator.h:8,
                 from /home/kan/lab/course/unitree_go2_ros2_jazzy1/unitree_go2_ros2_jazzy/unitree_guide2/src/control/Estimator.cpp:4:
/home/kan/lab/course/unitree_go2_ros2_jazzy1/unitree_go2_ros2_jazzy/unitree_guide2/include/common/mathTools.h: In constructor ‘AvgCov::AvgCov(unsigned int, std::string, bool, unsigned int, unsigned int, double)’:
/home/kan/lab/course/unitree_go2_ros2_jazzy1/unitree_go2_ros2_jazzy/unitree_guide2/include/common/mathTools.h:278:17: warning: ‘AvgCov::_valueName’ will be initialized after [-Wreorder]
  278 |     std::string _valueName;
      |                 ^~~~~~~~~~
/home/kan/lab/course/unitree_go2_ros2_jazzy1/unitree_go2_ros2_jazzy/unitree_guide2/include/common/mathTools.h:272:10: warning:   ‘bool AvgCov::_avgOnly’ [-Wreorder]
  272 |     bool _avgOnly;
      |          ^~~~~~~~
In file included from /home/kan/lab/course/unitree_go2_ros2_jazzy1/unitree_go2_ros2_jazzy/unitree_guide2/include/message/LowlevelState.h:9,
                 from /home/kan/lab/course/unitree_go2_ros2_jazzy1/unitree_go2_ros2_jazzy/unitree_guide2/include/common/unitreeRobot.h:8,
                 from /home/kan/lab/course/unitree_go2_ros2_jazzy1/unitree_go2_ros2_jazzy/unitree_guide2/include/control/Estimator.h:8,
                 from /home/kan/lab/course/unitree_go2_ros2_jazzy1/unitree_go2_ros2_jazzy/unitree_guide2/src/control/Estimator.cpp:4:
/home/kan/lab/course/unitree_go2_ros2_jazzy1/unitree_go2_ros2_jazzy/unitree_guide2/include/common/mathTools.h:246:5: warning:   when initialized here [-Wreorder]
  246 |     AvgCov(unsigned int size, std::string name, bool avgOnly=false, unsigned int showPeriod=1000, unsigned int waitCount=5000, double zoomFactor=10000)
      |     ^~~~~~
In file included from /home/kan/lab/course/unitree_go2_ros2_jazzy1/unitree_go2_ros2_jazzy/unitree_guide2/include/message/LowlevelState.h:10,
                 from /home/kan/lab/course/unitree_go2_ros2_jazzy1/unitree_go2_ros2_jazzy/unitree_guide2/include/common/unitreeRobot.h:8,
                 from /home/kan/lab/course/unitree_go2_ros2_jazzy1/unitree_go2_ros2_jazzy/unitree_guide2/include/control/Estimator.h:8,
                 from /home/kan/lab/course/unitree_go2_ros2_jazzy1/unitree_go2_ros2_jazzy/unitree_guide2/src/control/Estimator.cpp:4:
/home/kan/lab/course/unitree_go2_ros2_jazzy1/unitree_go2_ros2_jazzy/unitree_guide2/include/interface/CmdPanel.h: In member function ‘virtual void* CmdPanel::run(void*)’:
/home/kan/lab/course/unitree_go2_ros2_jazzy1/unitree_go2_ros2_jazzy/unitree_guide2/include/interface/CmdPanel.h:50:29: warning: unused parameter ‘arg’ [-Wunused-parameter]
   50 |     virtual void* run(void *arg){return NULL;}
      |                       ~~~~~~^~~
In file included from /home/kan/lab/course/unitree_go2_ros2_jazzy1/unitree_go2_ros2_jazzy/unitree_guide2/src/control/Estimator.cpp:4:
/home/kan/lab/course/unitree_go2_ros2_jazzy1/unitree_go2_ros2_jazzy/unitree_guide2/include/control/Estimator.h: In constructor ‘Estimator::Estimator(QuadrupedRobot*, LowlevelState*, VecInt4*, Vec4*, double, Vec18, std::string)’:
/home/kan/lab/course/unitree_go2_ros2_jazzy1/unitree_go2_ros2_jazzy/unitree_guide2/include/control/Estimator.h:90:21: warning: ‘Estimator::_robModel’ will be initialized after [-Wreorder]
   90 |     QuadrupedRobot *_robModel;
      |                     ^~~~~~~~~
/home/kan/lab/course/unitree_go2_ros2_jazzy1/unitree_go2_ros2_jazzy/unitree_guide2/include/control/Estimator.h:89:20: warning:   ‘LowlevelState* Estimator::_lowState’ [-Wreorder]
   89 |     LowlevelState* _lowState;
      |                    ^~~~~~~~~
/home/kan/lab/course/unitree_go2_ros2_jazzy1/unitree_go2_ros2_jazzy/unitree_guide2/src/control/Estimator.cpp:8:1: warning:   when initialized here [-Wreorder]
    8 | Estimator::Estimator(QuadrupedRobot *robotModel, LowlevelState* lowState,
      | ^~~~~~~~~
In file included from /home/kan/lab/course/unitree_go2_ros2_jazzy1/unitree_go2_ros2_jazzy/unitree_guide2/src/control/Estimator.cpp:4:
/home/kan/lab/course/unitree_go2_ros2_jazzy1/unitree_go2_ros2_jazzy/unitree_guide2/include/control/Estimator.h:92:14: warning: ‘Estimator::_contact’ will be initialized after [-Wreorder]
   92 |     VecInt4 *_contact;
      |              ^~~~~~~~
/home/kan/lab/course/unitree_go2_ros2_jazzy1/unitree_go2_ros2_jazzy/unitree_guide2/include/control/Estimator.h:91:11: warning:   ‘Vec4* Estimator::_phase’ [-Wreorder]
   91 |     Vec4 *_phase;
      |           ^~~~~~
/home/kan/lab/course/unitree_go2_ros2_jazzy1/unitree_go2_ros2_jazzy/unitree_guide2/src/control/Estimator.cpp:8:1: warning:   when initialized here [-Wreorder]
    8 | Estimator::Estimator(QuadrupedRobot *robotModel, LowlevelState* lowState,
      | ^~~~~~~~~
In file included from /home/kan/lab/course/unitree_go2_ros2_jazzy1/unitree_go2_ros2_jazzy/unitree_guide2/src/control/Estimator.cpp:4:
/home/kan/lab/course/unitree_go2_ros2_jazzy1/unitree_go2_ros2_jazzy/unitree_guide2/include/control/Estimator.h:93:12: warning: ‘Estimator::_dt’ will be initialized after [-Wreorder]
   93 |     double _dt;
      |            ^~~
/home/kan/lab/course/unitree_go2_ros2_jazzy1/unitree_go2_ros2_jazzy/unitree_guide2/include/control/Estimator.h:71:11: warning:   ‘Vec18 Estimator::_Qdig’ [-Wreorder]
   71 |     Vec18 _Qdig;                                    // adjustable process noise covariance
      |           ^~~~~
/home/kan/lab/course/unitree_go2_ros2_jazzy1/unitree_go2_ros2_jazzy/unitree_guide2/src/control/Estimator.cpp:8:1: warning:   when initialized here [-Wreorder]
    8 | Estimator::Estimator(QuadrupedRobot *robotModel, LowlevelState* lowState,
      | ^~~~~~~~~
In file included from /home/kan/lab/course/unitree_go2_ros2_jazzy1/unitree_go2_ros2_jazzy/unitree_guide2/src/control/Estimator.cpp:4:
/home/kan/lab/course/unitree_go2_ros2_jazzy1/unitree_go2_ros2_jazzy/unitree_guide2/include/control/Estimator.h: In constructor ‘Estimator::Estimator(QuadrupedRobot*, LowlevelState*, VecInt4*, Vec4*, double)’:
/home/kan/lab/course/unitree_go2_ros2_jazzy1/unitree_go2_ros2_jazzy/unitree_guide2/include/control/Estimator.h:90:21: warning: ‘Estimator::_robModel’ will be initialized after [-Wreorder]
   90 |     QuadrupedRobot *_robModel;
      |                     ^~~~~~~~~
/home/kan/lab/course/unitree_go2_ros2_jazzy1/unitree_go2_ros2_jazzy/unitree_guide2/include/control/Estimator.h:89:20: warning:   ‘LowlevelState* Estimator::_lowState’ [-Wreorder]
   89 |     LowlevelState* _lowState;
      |                    ^~~~~~~~~
/home/kan/lab/course/unitree_go2_ros2_jazzy1/unitree_go2_ros2_jazzy/unitree_guide2/src/control/Estimator.cpp:17:1: warning:   when initialized here [-Wreorder]
   17 | Estimator::Estimator(QuadrupedRobot *robotModel, LowlevelState* lowState,
      | ^~~~~~~~~
In file included from /home/kan/lab/course/unitree_go2_ros2_jazzy1/unitree_go2_ros2_jazzy/unitree_guide2/src/control/Estimator.cpp:4:
/home/kan/lab/course/unitree_go2_ros2_jazzy1/unitree_go2_ros2_jazzy/unitree_guide2/include/control/Estimator.h:92:14: warning: ‘Estimator::_contact’ will be initialized after [-Wreorder]
   92 |     VecInt4 *_contact;
      |              ^~~~~~~~
/home/kan/lab/course/unitree_go2_ros2_jazzy1/unitree_go2_ros2_jazzy/unitree_guide2/include/control/Estimator.h:91:11: warning:   ‘Vec4* Estimator::_phase’ [-Wreorder]
   91 |     Vec4 *_phase;
      |           ^~~~~~
/home/kan/lab/course/unitree_go2_ros2_jazzy1/unitree_go2_ros2_jazzy/unitree_guide2/src/control/Estimator.cpp:17:1: warning:   when initialized here [-Wreorder]
   17 | Estimator::Estimator(QuadrupedRobot *robotModel, LowlevelState* lowState,
      | ^~~~~~~~~
In file included from /home/kan/lab/course/unitree_go2_ros2_jazzy1/unitree_go2_ros2_jazzy/unitree_guide2/include/message/LowlevelCmd.h:8,
                 from /home/kan/lab/course/unitree_go2_ros2_jazzy1/unitree_go2_ros2_jazzy/unitree_guide2/include/control/CtrlComponents.h:7,
                 from /home/kan/lab/course/unitree_go2_ros2_jazzy1/unitree_go2_ros2_jazzy/unitree_guide2/include/FSM/FSMState.h:10,
                 from /home/kan/lab/course/unitree_go2_ros2_jazzy1/unitree_go2_ros2_jazzy/unitree_guide2/include/FSM/FSM.h:8,
                 from /home/kan/lab/course/unitree_go2_ros2_jazzy1/unitree_go2_ros2_jazzy/unitree_guide2/include/control/ControlFrame.h:7,
                 from /home/kan/lab/course/unitree_go2_ros2_jazzy1/unitree_go2_ros2_jazzy/unitree_guide2/src/control/ControlFrame.cpp:4:
/home/kan/lab/course/unitree_go2_ros2_jazzy1/unitree_go2_ros2_jazzy/unitree_guide2/include/common/mathTools.h: In constructor ‘AvgCov::AvgCov(unsigned int, std::string, bool, unsigned int, unsigned int, double)’:
/home/kan/lab/course/unitree_go2_ros2_jazzy1/unitree_go2_ros2_jazzy/unitree_guide2/include/common/mathTools.h:278:17: warning: ‘AvgCov::_valueName’ will be initialized after [-Wreorder]
  278 |     std::string _valueName;
      |                 ^~~~~~~~~~
/home/kan/lab/course/unitree_go2_ros2_jazzy1/unitree_go2_ros2_jazzy/unitree_guide2/include/common/mathTools.h:272:10: warning:   ‘bool AvgCov::_avgOnly’ [-Wreorder]
  272 |     bool _avgOnly;
      |          ^~~~~~~~
In file included from /home/kan/lab/course/unitree_go2_ros2_jazzy1/unitree_go2_ros2_jazzy/unitree_guide2/include/message/LowlevelCmd.h:8,
                 from /home/kan/lab/course/unitree_go2_ros2_jazzy1/unitree_go2_ros2_jazzy/unitree_guide2/include/control/CtrlComponents.h:7,
                 from /home/kan/lab/course/unitree_go2_ros2_jazzy1/unitree_go2_ros2_jazzy/unitree_guide2/include/FSM/FSMState.h:10,
                 from /home/kan/lab/course/unitree_go2_ros2_jazzy1/unitree_go2_ros2_jazzy/unitree_guide2/include/FSM/FSM.h:8,
                 from /home/kan/lab/course/unitree_go2_ros2_jazzy1/unitree_go2_ros2_jazzy/unitree_guide2/include/control/ControlFrame.h:7,
                 from /home/kan/lab/course/unitree_go2_ros2_jazzy1/unitree_go2_ros2_jazzy/unitree_guide2/src/control/ControlFrame.cpp:4:
/home/kan/lab/course/unitree_go2_ros2_jazzy1/unitree_go2_ros2_jazzy/unitree_guide2/include/common/mathTools.h:246:5: warning:   when initialized here [-Wreorder]
  246 |     AvgCov(unsigned int size, std::string name, bool avgOnly=false, unsigned int showPeriod=1000, unsigned int waitCount=5000, double zoomFactor=10000)
      |     ^~~~~~
In file included from /home/kan/lab/course/unitree_go2_ros2_jazzy1/unitree_go2_ros2_jazzy/unitree_guide2/include/message/LowlevelState.h:10,
                 from /home/kan/lab/course/unitree_go2_ros2_jazzy1/unitree_go2_ros2_jazzy/unitree_guide2/include/control/CtrlComponents.h:8,
                 from /home/kan/lab/course/unitree_go2_ros2_jazzy1/unitree_go2_ros2_jazzy/unitree_guide2/include/FSM/FSMState.h:10,
                 from /home/kan/lab/course/unitree_go2_ros2_jazzy1/unitree_go2_ros2_jazzy/unitree_guide2/include/FSM/FSM.h:8,
                 from /home/kan/lab/course/unitree_go2_ros2_jazzy1/unitree_go2_ros2_jazzy/unitree_guide2/include/control/ControlFrame.h:7,
                 from /home/kan/lab/course/unitree_go2_ros2_jazzy1/unitree_go2_ros2_jazzy/unitree_guide2/src/control/ControlFrame.cpp:4:
/home/kan/lab/course/unitree_go2_ros2_jazzy1/unitree_go2_ros2_jazzy/unitree_guide2/include/interface/CmdPanel.h: In member function ‘virtual void* CmdPanel::run(void*)’:
/home/kan/lab/course/unitree_go2_ros2_jazzy1/unitree_go2_ros2_jazzy/unitree_guide2/include/interface/CmdPanel.h:50:29: warning: unused parameter ‘arg’ [-Wunused-parameter]
   50 |     virtual void* run(void *arg){return NULL;}
      |                       ~~~~~~^~~
In file included from /home/kan/lab/course/unitree_go2_ros2_jazzy1/unitree_go2_ros2_jazzy/unitree_guide2/include/FSM/FSMState.h:10,
                 from /home/kan/lab/course/unitree_go2_ros2_jazzy1/unitree_go2_ros2_jazzy/unitree_guide2/include/FSM/FSM.h:8,
                 from /home/kan/lab/course/unitree_go2_ros2_jazzy1/unitree_go2_ros2_jazzy/unitree_guide2/include/control/ControlFrame.h:7,
                 from /home/kan/lab/course/unitree_go2_ros2_jazzy1/unitree_go2_ros2_jazzy/unitree_guide2/src/control/ControlFrame.cpp:4:
/home/kan/lab/course/unitree_go2_ros2_jazzy1/unitree_go2_ros2_jazzy/unitree_guide2/include/control/CtrlComponents.h: In destructor ‘CtrlComponents::~CtrlComponents()’:
/home/kan/lab/course/unitree_go2_ros2_jazzy1/unitree_go2_ros2_jazzy/unitree_guide2/include/control/CtrlComponents.h:35:9: warning: deleting object of abstract class type ‘IOInterface’ which has non-virtual destructor will cause undefined behavior [-Wdelete-non-virtual-dtor]
   35 |         delete ioInter;
      |         ^~~~~~~~~~~~~~
In file included from /home/kan/lab/course/unitree_go2_ros2_jazzy1/unitree_go2_ros2_jazzy/unitree_guide2/include/control/ControlFrame.h:7,
                 from /home/kan/lab/course/unitree_go2_ros2_jazzy1/unitree_go2_ros2_jazzy/unitree_guide2/src/control/ControlFrame.cpp:4:
/home/kan/lab/course/unitree_go2_ros2_jazzy1/unitree_go2_ros2_jazzy/unitree_guide2/include/FSM/FSM.h: In member function ‘void FSMStateList::deletePtr()’:
/home/kan/lab/course/unitree_go2_ros2_jazzy1/unitree_go2_ros2_jazzy/unitree_guide2/include/FSM/FSM.h:44:9: warning: deleting object of abstract class type ‘FSMState’ which has non-virtual destructor will cause undefined behavior [-Wdelete-non-virtual-dtor]
   44 |         delete invalid;
      |         ^~~~~~~~~~~~~~
/home/kan/lab/course/unitree_go2_ros2_jazzy1/unitree_go2_ros2_jazzy/unitree_guide2/include/FSM/FSM.h:45:9: warning: deleting object of polymorphic class type ‘State_Passive’ which has non-virtual destructor might cause undefined behavior [-Wdelete-non-virtual-dtor]
   45 |         delete passive;
      |         ^~~~~~~~~~~~~~
/home/kan/lab/course/unitree_go2_ros2_jazzy1/unitree_go2_ros2_jazzy/unitree_guide2/include/FSM/FSM.h:46:9: warning: deleting object of polymorphic class type ‘State_FixedStand’ which has non-virtual destructor might cause undefined behavior [-Wdelete-non-virtual-dtor]
   46 |         delete fixedStand;
      |         ^~~~~~~~~~~~~~~~~
/home/kan/lab/course/unitree_go2_ros2_jazzy1/unitree_go2_ros2_jazzy/unitree_guide2/include/FSM/FSM.h:47:9: warning: deleting object of polymorphic class type ‘State_FreeStand’ which has non-virtual destructor might cause undefined behavior [-Wdelete-non-virtual-dtor]
   47 |         delete freeStand;
      |         ^~~~~~~~~~~~~~~~
/home/kan/lab/course/unitree_go2_ros2_jazzy1/unitree_go2_ros2_jazzy/unitree_guide2/include/FSM/FSM.h:48:9: warning: deleting object of polymorphic class type ‘State_Trotting’ which has non-virtual destructor might cause undefined behavior [-Wdelete-non-virtual-dtor]
   48 |         delete trotting;
      |         ^~~~~~~~~~~~~~~
/home/kan/lab/course/unitree_go2_ros2_jazzy1/unitree_go2_ros2_jazzy/unitree_guide2/include/FSM/FSM.h:49:9: warning: deleting object of polymorphic class type ‘State_BalanceTest’ which has non-virtual destructor might cause undefined behavior [-Wdelete-non-virtual-dtor]
   49 |         delete balanceTest;
      |         ^~~~~~~~~~~~~~~~~~
/home/kan/lab/course/unitree_go2_ros2_jazzy1/unitree_go2_ros2_jazzy/unitree_guide2/include/FSM/FSM.h:50:9: warning: deleting object of polymorphic class type ‘State_SwingTest’ which has non-virtual destructor might cause undefined behavior [-Wdelete-non-virtual-dtor]
   50 |         delete swingTest;
      |         ^~~~~~~~~~~~~~~~
/home/kan/lab/course/unitree_go2_ros2_jazzy1/unitree_go2_ros2_jazzy/unitree_guide2/include/FSM/FSM.h:51:9: warning: deleting object of polymorphic class type ‘State_StepTest’ which has non-virtual destructor might cause undefined behavior [-Wdelete-non-virtual-dtor]
   51 |         delete stepTest;
      |         ^~~~~~~~~~~~~~~
/home/kan/lab/course/unitree_go2_ros2_jazzy1/unitree_go2_ros2_jazzy/unitree_guide2/include/FSM/FSM.h:56:9: warning: deleting object of polymorphic class type ‘State_move_base’ which has non-virtual destructor might cause undefined behavior [-Wdelete-non-virtual-dtor]
   56 |         delete moveBase;
      |         ^~~~~~~~~~~~~~~
In file included from /home/kan/lab/course/unitree_go2_ros2_jazzy1/unitree_go2_ros2_jazzy/unitree_guide2/include/message/LowlevelCmd.h:8,
                 from /home/kan/lab/course/unitree_go2_ros2_jazzy1/unitree_go2_ros2_jazzy/unitree_guide2/include/interface/IOInterface.h:7,
                 from /home/kan/lab/course/unitree_go2_ros2_jazzy1/unitree_go2_ros2_jazzy/unitree_guide2/include/interface/IOROS.h:68,
                 from /home/kan/lab/course/unitree_go2_ros2_jazzy1/unitree_go2_ros2_jazzy/unitree_guide2/src/interface/IOROS.cpp:227:
/home/kan/lab/course/unitree_go2_ros2_jazzy1/unitree_go2_ros2_jazzy/unitree_guide2/include/common/mathTools.h: In constructor ‘AvgCov::AvgCov(unsigned int, std::string, bool, unsigned int, unsigned int, double)’:
/home/kan/lab/course/unitree_go2_ros2_jazzy1/unitree_go2_ros2_jazzy/unitree_guide2/include/common/mathTools.h:278:17: warning: ‘AvgCov::_valueName’ will be initialized after [-Wreorder]
  278 |     std::string _valueName;
      |                 ^~~~~~~~~~
/home/kan/lab/course/unitree_go2_ros2_jazzy1/unitree_go2_ros2_jazzy/unitree_guide2/include/common/mathTools.h:272:10: warning:   ‘bool AvgCov::_avgOnly’ [-Wreorder]
  272 |     bool _avgOnly;
      |          ^~~~~~~~
In file included from /home/kan/lab/course/unitree_go2_ros2_jazzy1/unitree_go2_ros2_jazzy/unitree_guide2/include/message/LowlevelCmd.h:8,
                 from /home/kan/lab/course/unitree_go2_ros2_jazzy1/unitree_go2_ros2_jazzy/unitree_guide2/include/interface/IOInterface.h:7,
                 from /home/kan/lab/course/unitree_go2_ros2_jazzy1/unitree_go2_ros2_jazzy/unitree_guide2/include/interface/IOROS.h:68,
                 from /home/kan/lab/course/unitree_go2_ros2_jazzy1/unitree_go2_ros2_jazzy/unitree_guide2/src/interface/IOROS.cpp:227:
/home/kan/lab/course/unitree_go2_ros2_jazzy1/unitree_go2_ros2_jazzy/unitree_guide2/include/common/mathTools.h:246:5: warning:   when initialized here [-Wreorder]
  246 |     AvgCov(unsigned int size, std::string name, bool avgOnly=false, unsigned int showPeriod=1000, unsigned int waitCount=5000, double zoomFactor=10000)
      |     ^~~~~~
In file included from /home/kan/lab/course/unitree_go2_ros2_jazzy1/unitree_go2_ros2_jazzy/unitree_guide2/include/message/LowlevelState.h:10,
                 from /home/kan/lab/course/unitree_go2_ros2_jazzy1/unitree_go2_ros2_jazzy/unitree_guide2/include/interface/IOInterface.h:8,
                 from /home/kan/lab/course/unitree_go2_ros2_jazzy1/unitree_go2_ros2_jazzy/unitree_guide2/include/interface/IOROS.h:68,
                 from /home/kan/lab/course/unitree_go2_ros2_jazzy1/unitree_go2_ros2_jazzy/unitree_guide2/src/interface/IOROS.cpp:227:
/home/kan/lab/course/unitree_go2_ros2_jazzy1/unitree_go2_ros2_jazzy/unitree_guide2/include/interface/CmdPanel.h: In member function ‘virtual void* CmdPanel::run(void*)’:
/home/kan/lab/course/unitree_go2_ros2_jazzy1/unitree_go2_ros2_jazzy/unitree_guide2/include/interface/CmdPanel.h:50:29: warning: unused parameter ‘arg’ [-Wunused-parameter]
   50 |     virtual void* run(void *arg){return NULL;}
      |                       ~~~~~~^~~
/home/kan/lab/course/unitree_go2_ros2_jazzy1/unitree_go2_ros2_jazzy/unitree_guide2/src/interface/IOROS.cpp: In static member function ‘static void IOROS::RosShutDown(int)’:
/home/kan/lab/course/unitree_go2_ros2_jazzy1/unitree_go2_ros2_jazzy/unitree_guide2/src/interface/IOROS.cpp:236:29: warning: unused parameter ‘sig’ [-Wunused-parameter]
  236 | void IOROS::RosShutDown(int sig){
      |                         ~~~~^~~
/home/kan/lab/course/unitree_go2_ros2_jazzy1/unitree_go2_ros2_jazzy/unitree_guide2/src/quadProgpp/QuadProg++.cc: In function ‘double quadprogpp::solve_quadprog(quadprogpp::Matrix<double>&, quadprogpp::Vector<double>&, const quadprogpp::Matrix<double>&, const quadprogpp::Vector<double>&, const quadprogpp::Matrix<double>&, const quadprogpp::Vector<double>&, quadprogpp::Vector<double>&)’:
/home/kan/lab/course/unitree_go2_ros2_jazzy1/unitree_go2_ros2_jazzy/unitree_guide2/src/quadProgpp/QuadProg++.cc:84:25: warning: ISO C++17 does not allow ‘register’ storage class specifier [-Wregister]
   84 |   register unsigned int i, j, k, l; /* indices */
      |                         ^
/home/kan/lab/course/unitree_go2_ros2_jazzy1/unitree_go2_ros2_jazzy/unitree_guide2/src/quadProgpp/QuadProg++.cc:84:28: warning: ISO C++17 does not allow ‘register’ storage class specifier [-Wregister]
   84 |   register unsigned int i, j, k, l; /* indices */
      |                            ^
/home/kan/lab/course/unitree_go2_ros2_jazzy1/unitree_go2_ros2_jazzy/unitree_guide2/src/quadProgpp/QuadProg++.cc:84:31: warning: ISO C++17 does not allow ‘register’ storage class specifier [-Wregister]
   84 |   register unsigned int i, j, k, l; /* indices */
      |                               ^
/home/kan/lab/course/unitree_go2_ros2_jazzy1/unitree_go2_ros2_jazzy/unitree_guide2/src/quadProgpp/QuadProg++.cc:84:34: warning: ISO C++17 does not allow ‘register’ storage class specifier [-Wregister]
   84 |   register unsigned int i, j, k, l; /* indices */
      |                                  ^
/home/kan/lab/course/unitree_go2_ros2_jazzy1/unitree_go2_ros2_jazzy/unitree_guide2/src/quadProgpp/QuadProg++.cc:120:14: warning: address requested for ‘i’, which is declared ‘register’ [-Wextra]
  120 |     c1 += G[i][i];
      |              ^
/home/kan/lab/course/unitree_go2_ros2_jazzy1/unitree_go2_ros2_jazzy/unitree_guide2/src/quadProgpp/QuadProg++.cc:143:20: warning: address requested for ‘j’, which is declared ‘register’ [-Wextra]
  143 |       J[i][j] = z[j];
      |                    ^
/home/kan/lab/course/unitree_go2_ros2_jazzy1/unitree_go2_ros2_jazzy/unitree_guide2/src/quadProgpp/QuadProg++.cc:192:10: warning: address requested for ‘k’, which is declared ‘register’ [-Wextra]
  192 |       x[k] += t2 * z[k];
      |          ^
/home/kan/lab/course/unitree_go2_ros2_jazzy1/unitree_go2_ros2_jazzy/unitree_guide2/src/quadProgpp/QuadProg++.cc:351:10: warning: address requested for ‘l’, which is declared ‘register’ [-Wextra]
  351 |     iai[l] = l;
      |          ^
/home/kan/lab/course/unitree_go2_ros2_jazzy1/unitree_go2_ros2_jazzy/unitree_guide2/src/quadProgpp/QuadProg++.cc: In function ‘void quadprogpp::compute_d(quadprogpp::Vector<double>&, const quadprogpp::Matrix<double>&, const quadprogpp::Vector<double>&)’:
/home/kan/lab/course/unitree_go2_ros2_jazzy1/unitree_go2_ros2_jazzy/unitree_guide2/src/quadProgpp/QuadProg++.cc:449:16: warning: ISO C++17 does not allow ‘register’ storage class specifier [-Wregister]
  449 |   register int i, j, n = d.size();
      |                ^
/home/kan/lab/course/unitree_go2_ros2_jazzy1/unitree_go2_ros2_jazzy/unitree_guide2/src/quadProgpp/QuadProg++.cc:449:19: warning: ISO C++17 does not allow ‘register’ storage class specifier [-Wregister]
  449 |   register int i, j, n = d.size();
      |                   ^
/home/kan/lab/course/unitree_go2_ros2_jazzy1/unitree_go2_ros2_jazzy/unitree_guide2/src/quadProgpp/QuadProg++.cc:449:22: warning: ISO C++17 does not allow ‘register’ storage class specifier [-Wregister]
  449 |   register int i, j, n = d.size();
      |                      ^
/home/kan/lab/course/unitree_go2_ros2_jazzy1/unitree_go2_ros2_jazzy/unitree_guide2/src/quadProgpp/QuadProg++.cc:450:19: warning: ISO C++17 does not allow ‘register’ storage class specifier [-Wregister]
  450 |   register double sum;
      |                   ^~~
/home/kan/lab/course/unitree_go2_ros2_jazzy1/unitree_go2_ros2_jazzy/unitree_guide2/src/quadProgpp/QuadProg++.cc: In function ‘void quadprogpp::update_z(quadprogpp::Vector<double>&, const quadprogpp::Matrix<double>&, const quadprogpp::Vector<double>&, int)’:
/home/kan/lab/course/unitree_go2_ros2_jazzy1/unitree_go2_ros2_jazzy/unitree_guide2/src/quadProgpp/QuadProg++.cc:464:16: warning: ISO C++17 does not allow ‘register’ storage class specifier [-Wregister]
  464 |   register int i, j, n = z.size();
      |                ^
/home/kan/lab/course/unitree_go2_ros2_jazzy1/unitree_go2_ros2_jazzy/unitree_guide2/src/quadProgpp/QuadProg++.cc:464:19: warning: ISO C++17 does not allow ‘register’ storage class specifier [-Wregister]
  464 |   register int i, j, n = z.size();
      |                   ^
/home/kan/lab/course/unitree_go2_ros2_jazzy1/unitree_go2_ros2_jazzy/unitree_guide2/src/quadProgpp/QuadProg++.cc:464:22: warning: ISO C++17 does not allow ‘register’ storage class specifier [-Wregister]
  464 |   register int i, j, n = z.size();
      |                      ^
/home/kan/lab/course/unitree_go2_ros2_jazzy1/unitree_go2_ros2_jazzy/unitree_guide2/src/quadProgpp/QuadProg++.cc: In function ‘void quadprogpp::update_r(const quadprogpp::Matrix<double>&, quadprogpp::Vector<double>&, const quadprogpp::Vector<double>&, int)’:
/home/kan/lab/course/unitree_go2_ros2_jazzy1/unitree_go2_ros2_jazzy/unitree_guide2/src/quadProgpp/QuadProg++.cc:477:16: warning: ISO C++17 does not allow ‘register’ storage class specifier [-Wregister]
  477 |   register int i, j;
      |                ^
/home/kan/lab/course/unitree_go2_ros2_jazzy1/unitree_go2_ros2_jazzy/unitree_guide2/src/quadProgpp/QuadProg++.cc:477:19: warning: ISO C++17 does not allow ‘register’ storage class specifier [-Wregister]
  477 |   register int i, j;
      |                   ^
/home/kan/lab/course/unitree_go2_ros2_jazzy1/unitree_go2_ros2_jazzy/unitree_guide2/src/quadProgpp/QuadProg++.cc:478:19: warning: ISO C++17 does not allow ‘register’ storage class specifier [-Wregister]
  478 |   register double sum;
      |                   ^~~
/home/kan/lab/course/unitree_go2_ros2_jazzy1/unitree_go2_ros2_jazzy/unitree_guide2/src/quadProgpp/QuadProg++.cc: In function ‘bool quadprogpp::add_constraint(quadprogpp::Matrix<double>&, quadprogpp::Matrix<double>&, quadprogpp::Vector<double>&, unsigned int&, double&)’:
/home/kan/lab/course/unitree_go2_ros2_jazzy1/unitree_go2_ros2_jazzy/unitree_guide2/src/quadProgpp/QuadProg++.cc:496:25: warning: ISO C++17 does not allow ‘register’ storage class specifier [-Wregister]
  496 |   register unsigned int i, j, k;
      |                         ^
/home/kan/lab/course/unitree_go2_ros2_jazzy1/unitree_go2_ros2_jazzy/unitree_guide2/src/quadProgpp/QuadProg++.cc:496:28: warning: ISO C++17 does not allow ‘register’ storage class specifier [-Wregister]
  496 |   register unsigned int i, j, k;
      |                            ^
/home/kan/lab/course/unitree_go2_ros2_jazzy1/unitree_go2_ros2_jazzy/unitree_guide2/src/quadProgpp/QuadProg++.cc:496:31: warning: ISO C++17 does not allow ‘register’ storage class specifier [-Wregister]
  496 |   register unsigned int i, j, k;
      |                               ^
/home/kan/lab/course/unitree_go2_ros2_jazzy1/unitree_go2_ros2_jazzy/unitree_guide2/src/quadProgpp/QuadProg++.cc:514:13: warning: address requested for ‘j’, which is declared ‘register’ [-Wextra]
  514 |     ss = d[j];
      |             ^
/home/kan/lab/course/unitree_go2_ros2_jazzy1/unitree_go2_ros2_jazzy/unitree_guide2/src/quadProgpp/QuadProg++.cc:532:15: warning: address requested for ‘k’, which is declared ‘register’ [-Wextra]
  532 |       t1 = J[k][j - 1];
      |               ^
/home/kan/lab/course/unitree_go2_ros2_jazzy1/unitree_go2_ros2_jazzy/unitree_guide2/src/quadProgpp/QuadProg++.cc:544:8: warning: address requested for ‘i’, which is declared ‘register’ [-Wextra]
  544 |     R[i][iq - 1] = d[i];
      |        ^
/home/kan/lab/course/unitree_go2_ros2_jazzy1/unitree_go2_ros2_jazzy/unitree_guide2/src/quadProgpp/QuadProg++.cc: In function ‘void quadprogpp::delete_constraint(quadprogpp::Matrix<double>&, quadprogpp::Matrix<double>&, quadprogpp::Vector<int>&, quadprogpp::Vector<double>&, unsigned int, int, unsigned int&, int)’:
/home/kan/lab/course/unitree_go2_ros2_jazzy1/unitree_go2_ros2_jazzy/unitree_guide2/src/quadProgpp/QuadProg++.cc:566:25: warning: ISO C++17 does not allow ‘register’ storage class specifier [-Wregister]
  566 |   register unsigned int i, j, k, qq = 0; // just to prevent warnings from smart compilers
      |                         ^
/home/kan/lab/course/unitree_go2_ros2_jazzy1/unitree_go2_ros2_jazzy/unitree_guide2/src/quadProgpp/QuadProg++.cc:566:28: warning: ISO C++17 does not allow ‘register’ storage class specifier [-Wregister]
  566 |   register unsigned int i, j, k, qq = 0; // just to prevent warnings from smart compilers
      |                            ^
/home/kan/lab/course/unitree_go2_ros2_jazzy1/unitree_go2_ros2_jazzy/unitree_guide2/src/quadProgpp/QuadProg++.cc:566:31: warning: ISO C++17 does not allow ‘register’ storage class specifier [-Wregister]
  566 |   register unsigned int i, j, k, qq = 0; // just to prevent warnings from smart compilers
      |                               ^
/home/kan/lab/course/unitree_go2_ros2_jazzy1/unitree_go2_ros2_jazzy/unitree_guide2/src/quadProgpp/QuadProg++.cc:566:34: warning: ISO C++17 does not allow ‘register’ storage class specifier [-Wregister]
  566 |   register unsigned int i, j, k, qq = 0; // just to prevent warnings from smart compilers
      |                                  ^~
/home/kan/lab/course/unitree_go2_ros2_jazzy1/unitree_go2_ros2_jazzy/unitree_guide2/src/quadProgpp/QuadProg++.cc:572:12: warning: address requested for ‘i’, which is declared ‘register’ [-Wextra]
  572 |     if (A[i] == l)
      |            ^
/home/kan/lab/course/unitree_go2_ros2_jazzy1/unitree_go2_ros2_jazzy/unitree_guide2/src/quadProgpp/QuadProg++.cc:591:12: warning: address requested for ‘j’, which is declared ‘register’ [-Wextra]
  591 |         R[j][i] = R[j][i + 1];
      |            ^
/home/kan/lab/course/unitree_go2_ros2_jazzy1/unitree_go2_ros2_jazzy/unitree_guide2/src/quadProgpp/QuadProg++.cc:638:15: warning: address requested for ‘k’, which is declared ‘register’ [-Wextra]
  638 |       t1 = J[k][j];
      |               ^
/home/kan/lab/course/unitree_go2_ros2_jazzy1/unitree_go2_ros2_jazzy/unitree_guide2/src/quadProgpp/QuadProg++.cc: In function ‘double quadprogpp::distance(double, double)’:
/home/kan/lab/course/unitree_go2_ros2_jazzy1/unitree_go2_ros2_jazzy/unitree_guide2/src/quadProgpp/QuadProg++.cc:648:19: warning: ISO C++17 does not allow ‘register’ storage class specifier [-Wregister]
  648 |   register double a1, b1, t;
      |                   ^~
/home/kan/lab/course/unitree_go2_ros2_jazzy1/unitree_go2_ros2_jazzy/unitree_guide2/src/quadProgpp/QuadProg++.cc:648:23: warning: ISO C++17 does not allow ‘register’ storage class specifier [-Wregister]
  648 |   register double a1, b1, t;
      |                       ^~
/home/kan/lab/course/unitree_go2_ros2_jazzy1/unitree_go2_ros2_jazzy/unitree_guide2/src/quadProgpp/QuadProg++.cc:648:27: warning: ISO C++17 does not allow ‘register’ storage class specifier [-Wregister]
  648 |   register double a1, b1, t;
      |                           ^
/home/kan/lab/course/unitree_go2_ros2_jazzy1/unitree_go2_ros2_jazzy/unitree_guide2/src/quadProgpp/QuadProg++.cc: In function ‘double quadprogpp::scalar_product(const quadprogpp::Vector<double>&, const quadprogpp::Vector<double>&)’:
/home/kan/lab/course/unitree_go2_ros2_jazzy1/unitree_go2_ros2_jazzy/unitree_guide2/src/quadProgpp/QuadProg++.cc:668:16: warning: ISO C++17 does not allow ‘register’ storage class specifier [-Wregister]
  668 |   register int i, n = x.size();
      |                ^
/home/kan/lab/course/unitree_go2_ros2_jazzy1/unitree_go2_ros2_jazzy/unitree_guide2/src/quadProgpp/QuadProg++.cc:668:19: warning: ISO C++17 does not allow ‘register’ storage class specifier [-Wregister]
  668 |   register int i, n = x.size();
      |                   ^
/home/kan/lab/course/unitree_go2_ros2_jazzy1/unitree_go2_ros2_jazzy/unitree_guide2/src/quadProgpp/QuadProg++.cc:669:19: warning: ISO C++17 does not allow ‘register’ storage class specifier [-Wregister]
  669 |   register double sum;
      |                   ^~~
/home/kan/lab/course/unitree_go2_ros2_jazzy1/unitree_go2_ros2_jazzy/unitree_guide2/src/quadProgpp/QuadProg++.cc: In function ‘void quadprogpp::cholesky_decomposition(quadprogpp::Matrix<double>&)’:
/home/kan/lab/course/unitree_go2_ros2_jazzy1/unitree_go2_ros2_jazzy/unitree_guide2/src/quadProgpp/QuadProg++.cc:679:16: warning: ISO C++17 does not allow ‘register’ storage class specifier [-Wregister]
  679 |   register int i, j, k, n = A.nrows();
      |                ^
/home/kan/lab/course/unitree_go2_ros2_jazzy1/unitree_go2_ros2_jazzy/unitree_guide2/src/quadProgpp/QuadProg++.cc:679:19: warning: ISO C++17 does not allow ‘register’ storage class specifier [-Wregister]
  679 |   register int i, j, k, n = A.nrows();
      |                   ^
/home/kan/lab/course/unitree_go2_ros2_jazzy1/unitree_go2_ros2_jazzy/unitree_guide2/src/quadProgpp/QuadProg++.cc:679:22: warning: ISO C++17 does not allow ‘register’ storage class specifier [-Wregister]
  679 |   register int i, j, k, n = A.nrows();
      |                      ^
/home/kan/lab/course/unitree_go2_ros2_jazzy1/unitree_go2_ros2_jazzy/unitree_guide2/src/quadProgpp/QuadProg++.cc:679:25: warning: ISO C++17 does not allow ‘register’ storage class specifier [-Wregister]
  679 |   register int i, j, k, n = A.nrows();
      |                         ^
/home/kan/lab/course/unitree_go2_ros2_jazzy1/unitree_go2_ros2_jazzy/unitree_guide2/src/quadProgpp/QuadProg++.cc:680:19: warning: ISO C++17 does not allow ‘register’ storage class specifier [-Wregister]
  680 |   register double sum;
      |                   ^~~
/home/kan/lab/course/unitree_go2_ros2_jazzy1/unitree_go2_ros2_jazzy/unitree_guide2/src/quadProgpp/QuadProg++.cc: In function ‘void quadprogpp::forward_elimination(const quadprogpp::Matrix<double>&, quadprogpp::Vector<double>&, const quadprogpp::Vector<double>&)’:
/home/kan/lab/course/unitree_go2_ros2_jazzy1/unitree_go2_ros2_jazzy/unitree_guide2/src/quadProgpp/QuadProg++.cc:723:16: warning: ISO C++17 does not allow ‘register’ storage class specifier [-Wregister]
  723 |   register int i, j, n = L.nrows();
      |                ^
/home/kan/lab/course/unitree_go2_ros2_jazzy1/unitree_go2_ros2_jazzy/unitree_guide2/src/quadProgpp/QuadProg++.cc:723:19: warning: ISO C++17 does not allow ‘register’ storage class specifier [-Wregister]
  723 |   register int i, j, n = L.nrows();
      |                   ^
/home/kan/lab/course/unitree_go2_ros2_jazzy1/unitree_go2_ros2_jazzy/unitree_guide2/src/quadProgpp/QuadProg++.cc:723:22: warning: ISO C++17 does not allow ‘register’ storage class specifier [-Wregister]
  723 |   register int i, j, n = L.nrows();
      |                      ^
/home/kan/lab/course/unitree_go2_ros2_jazzy1/unitree_go2_ros2_jazzy/unitree_guide2/src/quadProgpp/QuadProg++.cc: In function ‘void quadprogpp::backward_elimination(const quadprogpp::Matrix<double>&, quadprogpp::Vector<double>&, const quadprogpp::Vector<double>&)’:
/home/kan/lab/course/unitree_go2_ros2_jazzy1/unitree_go2_ros2_jazzy/unitree_guide2/src/quadProgpp/QuadProg++.cc:737:16: warning: ISO C++17 does not allow ‘register’ storage class specifier [-Wregister]
  737 |   register int i, j, n = U.nrows();
      |                ^
/home/kan/lab/course/unitree_go2_ros2_jazzy1/unitree_go2_ros2_jazzy/unitree_guide2/src/quadProgpp/QuadProg++.cc:737:19: warning: ISO C++17 does not allow ‘register’ storage class specifier [-Wregister]
  737 |   register int i, j, n = U.nrows();
      |                   ^
/home/kan/lab/course/unitree_go2_ros2_jazzy1/unitree_go2_ros2_jazzy/unitree_guide2/src/quadProgpp/QuadProg++.cc:737:22: warning: ISO C++17 does not allow ‘register’ storage class specifier [-Wregister]
  737 |   register int i, j, n = U.nrows();
      |                      ^
