[0.007s] Invoking command in '/home/kan/lab/course/unitree_go2_ros2_jazzy1/build/unitree_guide2': AMENT_PREFIX_PATH=/home/kan/lab/course/unitree_go2_ros2_jazzy1/install/ros2_unitree_legged_msgs:${AMENT_PREFIX_PATH} CMAKE_PREFIX_PATH=/home/kan/lab/course/unitree_go2_ros2_jazzy1/install/ros2_unitree_legged_msgs:/opt/ros/humble LD_LIBRARY_PATH=/home/kan/lab/course/unitree_go2_ros2_jazzy1/install/ros2_unitree_legged_msgs/lib:${LD_LIBRARY_PATH} PYTHONPATH=/home/kan/lab/course/unitree_go2_ros2_jazzy1/install/ros2_unitree_legged_msgs/local/lib/python3.10/dist-packages:${PYTHONPATH} /usr/bin/cmake /home/kan/lab/course/unitree_go2_ros2_jazzy1/unitree_go2_ros2_jazzy/unitree_guide2 -DCMAKE_INSTALL_PREFIX=/home/kan/lab/course/unitree_go2_ros2_jazzy1/install/unitree_guide2
[0.048s] -- The C compiler identification is GNU 11.4.0
[0.097s] -- The CXX compiler identification is GNU 11.4.0
[0.106s] -- Detecting C compiler ABI info
[0.152s] -- Detecting C compiler ABI info - done
[0.158s] -- Check for working C compiler: /usr/lib/ccache/cc - skipped
[0.159s] -- Detecting C compile features
[0.159s] -- Detecting C compile features - done
[0.161s] -- Detecting CXX compiler ABI info
[0.239s] -- Detecting CXX compiler ABI info - done
[0.251s] -- Check for working CXX compiler: /usr/lib/ccache/c++ - skipped
[0.251s] -- Detecting CXX compile features
[0.252s] -- Detecting CXX compile features - done
[0.255s] -- Found ament_cmake: 1.3.12 (/opt/ros/humble/share/ament_cmake/cmake)
[0.615s] -- Found Python3: /usr/bin/python3 (found version "3.10.12") found components: Interpreter 
[0.690s] -- Found rclpy: 3.3.19 (/opt/ros/humble/share/rclpy/cmake)
[0.691s] -- Found ament_lint_auto: 0.12.14 (/opt/ros/humble/share/ament_lint_auto/cmake)
[0.769s] -- Found Boost: /usr/lib/x86_64-linux-gnu/cmake/Boost-1.74.0/BoostConfig.cmake (found version "1.74.0")  
[0.772s] -- Found controller_manager: 2.54.0 (/opt/ros/humble/share/controller_manager/cmake)
[0.817s] -- Found rosidl_generator_c: 3.1.7 (/opt/ros/humble/share/rosidl_generator_c/cmake)
[0.827s] -- Found rosidl_adapter: 3.1.7 (/opt/ros/humble/share/rosidl_adapter/cmake)
[0.828s] -- Found rosidl_generator_cpp: 3.1.7 (/opt/ros/humble/share/rosidl_generator_cpp/cmake)
[0.838s] -- Using all available rosidl_typesupport_c: rosidl_typesupport_fastrtps_c;rosidl_typesupport_introspection_c
[0.851s] -- Using all available rosidl_typesupport_cpp: rosidl_typesupport_fastrtps_cpp;rosidl_typesupport_introspection_cpp
[1.081s] -- Found rmw_implementation_cmake: 6.1.2 (/opt/ros/humble/share/rmw_implementation_cmake/cmake)
[1.083s] -- Found rmw_fastrtps_cpp: 6.2.9 (/opt/ros/humble/share/rmw_fastrtps_cpp/cmake)
[1.104s] -- Found TinyXML2 via Config file: TinyXML2_DIR-NOTFOUND
[1.141s] -- Found OpenSSL: /usr/lib/x86_64-linux-gnu/libcrypto.so (found version "3.0.2")  
[1.144s] -- Found TinyXML2 via Config file: TinyXML2_DIR-NOTFOUND
[1.157s] -- Found FastRTPS: /opt/ros/humble/include  
[1.160s] -- Found TinyXML2 via Config file: TinyXML2_DIR-NOTFOUND
[1.168s] -- Found TinyXML2 via Config file: TinyXML2_DIR-NOTFOUND
[1.176s] -- Using RMW implementation 'rmw_fastrtps_cpp' as default
[1.184s] -- Looking for pthread.h
[1.229s] -- Looking for pthread.h - found
[1.229s] -- Performing Test CMAKE_HAVE_LIBC_PTHREAD
[1.277s] -- Performing Test CMAKE_HAVE_LIBC_PTHREAD - Success
[1.278s] -- Found Threads: TRUE  
[1.357s] -- Found joint_trajectory_controller: 2.53.3 (/opt/ros/humble/share/joint_trajectory_controller/cmake)
[1.411s] -- Found robot_state_publisher: 3.0.3 (/opt/ros/humble/share/robot_state_publisher/cmake)
[1.425s] -- Found eigen3_cmake_module: 0.1.1 (/opt/ros/humble/share/eigen3_cmake_module/cmake)
[1.427s] -- Found Eigen3: TRUE (found version "3.4.0") 
[1.427s] -- Ensuring Eigen3 include directory is part of orocos-kdl CMake target
[1.534s] -- Found nav_msgs: 4.9.0 (/opt/ros/humble/share/nav_msgs/cmake)
[1.556s] -- Found ros2_unitree_legged_msgs: 0.4.0 (/home/kan/lab/course/unitree_go2_ros2_jazzy1/install/ros2_unitree_legged_msgs/share/ros2_unitree_legged_msgs/cmake)
[1.577s] -- Added test 'cppcheck' to perform static code analysis on C / C++ code
[1.577s] -- Configured cppcheck include dirs: /home/kan/lab/course/unitree_go2_ros2_jazzy1/unitree_go2_ros2_jazzy/unitree_guide2/include
[1.577s] -- Configured cppcheck exclude dirs and/or files: 
[1.578s] -- Added test 'lint_cmake' to check CMake code style
[1.581s] -- Added test 'uncrustify' to check C / C++ code style
[1.581s] -- Configured uncrustify additional arguments: 
[1.581s] -- Added test 'xmllint' to check XML markup files
[1.582s] -- Configuring done
[1.706s] -- Generating done
[1.710s] -- Build files have been written to: /home/kan/lab/course/unitree_go2_ros2_jazzy1/build/unitree_guide2
[1.722s] Invoked command in '/home/kan/lab/course/unitree_go2_ros2_jazzy1/build/unitree_guide2' returned '0': AMENT_PREFIX_PATH=/home/kan/lab/course/unitree_go2_ros2_jazzy1/install/ros2_unitree_legged_msgs:${AMENT_PREFIX_PATH} CMAKE_PREFIX_PATH=/home/kan/lab/course/unitree_go2_ros2_jazzy1/install/ros2_unitree_legged_msgs:/opt/ros/humble LD_LIBRARY_PATH=/home/kan/lab/course/unitree_go2_ros2_jazzy1/install/ros2_unitree_legged_msgs/lib:${LD_LIBRARY_PATH} PYTHONPATH=/home/kan/lab/course/unitree_go2_ros2_jazzy1/install/ros2_unitree_legged_msgs/local/lib/python3.10/dist-packages:${PYTHONPATH} /usr/bin/cmake /home/kan/lab/course/unitree_go2_ros2_jazzy1/unitree_go2_ros2_jazzy/unitree_guide2 -DCMAKE_INSTALL_PREFIX=/home/kan/lab/course/unitree_go2_ros2_jazzy1/install/unitree_guide2
[1.723s] Invoking command in '/home/kan/lab/course/unitree_go2_ros2_jazzy1/build/unitree_guide2': AMENT_PREFIX_PATH=/home/kan/lab/course/unitree_go2_ros2_jazzy1/install/ros2_unitree_legged_msgs:${AMENT_PREFIX_PATH} CMAKE_PREFIX_PATH=/home/kan/lab/course/unitree_go2_ros2_jazzy1/install/ros2_unitree_legged_msgs:/opt/ros/humble LD_LIBRARY_PATH=/home/kan/lab/course/unitree_go2_ros2_jazzy1/install/ros2_unitree_legged_msgs/lib:${LD_LIBRARY_PATH} PYTHONPATH=/home/kan/lab/course/unitree_go2_ros2_jazzy1/install/ros2_unitree_legged_msgs/local/lib/python3.10/dist-packages:${PYTHONPATH} /usr/bin/cmake --build /home/kan/lab/course/unitree_go2_ros2_jazzy1/build/unitree_guide2 -- -j8 -l8
[1.766s] [ 18%] Building CXX object CMakeFiles/junior_ctrl.dir/src/FSM/State_FreeStand.cpp.o
[1.766s] [ 18%] Building CXX object CMakeFiles/junior_ctrl.dir/src/FSM/FSM.cpp.o
[1.766s] [ 18%] Building CXX object CMakeFiles/junior_ctrl.dir/src/FSM/State_BalanceTest.cpp.o
[1.766s] [ 18%] Building CXX object CMakeFiles/junior_ctrl.dir/src/main.cpp.o
[1.766s] [ 18%] Building CXX object CMakeFiles/junior_ctrl.dir/src/FSM/State_FixedStand.cpp.o
[1.766s] [ 22%] Building CXX object CMakeFiles/junior_ctrl.dir/src/FSM/FSMState.cpp.o
[1.766s] [ 25%] Building CXX object CMakeFiles/junior_ctrl.dir/src/FSM/State_Passive.cpp.o
[1.771s] [ 29%] Building CXX object CMakeFiles/junior_ctrl.dir/src/FSM/State_StepTest.cpp.o
[1.948s] In file included from /home/kan/lab/course/unitree_go2_ros2_jazzy1/unitree_go2_ros2_jazzy/unitree_guide2/include/message/LowlevelCmd.h:8,
[1.948s]                  from /home/kan/lab/course/unitree_go2_ros2_jazzy1/unitree_go2_ros2_jazzy/unitree_guide2/include/control/CtrlComponents.h:7,
[1.948s]                  from /home/kan/lab/course/unitree_go2_ros2_jazzy1/unitree_go2_ros2_jazzy/unitree_guide2/include/FSM/FSMState.h:10,
[1.949s]                  from /home/kan/lab/course/unitree_go2_ros2_jazzy1/unitree_go2_ros2_jazzy/unitree_guide2/include/FSM/State_FixedStand.h:7,
[1.949s]                  from /home/kan/lab/course/unitree_go2_ros2_jazzy1/unitree_go2_ros2_jazzy/unitree_guide2/src/FSM/State_FixedStand.cpp:5:
[1.949s] /home/kan/lab/course/unitree_go2_ros2_jazzy1/unitree_go2_ros2_jazzy/unitree_guide2/include/common/mathTools.h: In constructor ‘AvgCov::AvgCov(unsigned int, std::string, bool, unsigned int, unsigned int, double)’:
[1.949s] /home/kan/lab/course/unitree_go2_ros2_jazzy1/unitree_go2_ros2_jazzy/unitree_guide2/include/common/mathTools.h:278:17: warning: ‘AvgCov::_valueName’ will be initialized after [-Wreorder]
[1.949s]   278 |     std::string _valueName;
[1.949s]       |                 ^~~~~~~~~~
[1.949s] /home/kan/lab/course/unitree_go2_ros2_jazzy1/unitree_go2_ros2_jazzy/unitree_guide2/include/common/mathTools.h:272:10: warning:   ‘bool AvgCov::_avgOnly’ [-Wreorder]
[1.949s]   272 |     bool _avgOnly;
[1.949s]       |          ^~~~~~~~
[1.949s] In file included from /home/kan/lab/course/unitree_go2_ros2_jazzy1/unitree_go2_ros2_jazzy/unitree_guide2/include/message/LowlevelCmd.h:8,
[1.949s]                  from /home/kan/lab/course/unitree_go2_ros2_jazzy1/unitree_go2_ros2_jazzy/unitree_guide2/include/control/CtrlComponents.h:7,
[1.949s]                  from /home/kan/lab/course/unitree_go2_ros2_jazzy1/unitree_go2_ros2_jazzy/unitree_guide2/include/FSM/FSMState.h:10,
[1.949s]                  from /home/kan/lab/course/unitree_go2_ros2_jazzy1/unitree_go2_ros2_jazzy/unitree_guide2/include/FSM/State_FixedStand.h:7,
[1.949s]                  from /home/kan/lab/course/unitree_go2_ros2_jazzy1/unitree_go2_ros2_jazzy/unitree_guide2/src/FSM/State_FixedStand.cpp:5:
[1.949s] /home/kan/lab/course/unitree_go2_ros2_jazzy1/unitree_go2_ros2_jazzy/unitree_guide2/include/common/mathTools.h:246:5: warning:   when initialized here [-Wreorder]
[1.950s]   246 |     AvgCov(unsigned int size, std::string name, bool avgOnly=false, unsigned int showPeriod=1000, unsigned int waitCount=5000, double zoomFactor=10000)
[1.950s]       |     ^~~~~~
[1.950s] In file included from /home/kan/lab/course/unitree_go2_ros2_jazzy1/unitree_go2_ros2_jazzy/unitree_guide2/include/message/LowlevelState.h:10,
[1.950s]                  from /home/kan/lab/course/unitree_go2_ros2_jazzy1/unitree_go2_ros2_jazzy/unitree_guide2/include/control/CtrlComponents.h:8,
[1.950s]                  from /home/kan/lab/course/unitree_go2_ros2_jazzy1/unitree_go2_ros2_jazzy/unitree_guide2/include/FSM/FSMState.h:10,
[1.950s]                  from /home/kan/lab/course/unitree_go2_ros2_jazzy1/unitree_go2_ros2_jazzy/unitree_guide2/include/FSM/State_FixedStand.h:7,
[1.950s]                  from /home/kan/lab/course/unitree_go2_ros2_jazzy1/unitree_go2_ros2_jazzy/unitree_guide2/src/FSM/State_FixedStand.cpp:5:
[1.950s] /home/kan/lab/course/unitree_go2_ros2_jazzy1/unitree_go2_ros2_jazzy/unitree_guide2/include/interface/CmdPanel.h: In member function ‘virtual void* CmdPanel::run(void*)’:
[1.950s] /home/kan/lab/course/unitree_go2_ros2_jazzy1/unitree_go2_ros2_jazzy/unitree_guide2/include/interface/CmdPanel.h:50:29: warning: unused parameter ‘arg’ [-Wunused-parameter]
[1.950s]    50 |     virtual void* run(void *arg){return NULL;}
[1.950s]       |                       ~~~~~~^~~
[1.950s] In file included from /home/kan/lab/course/unitree_go2_ros2_jazzy1/unitree_go2_ros2_jazzy/unitree_guide2/include/FSM/FSMState.h:10,
[1.950s]                  from /home/kan/lab/course/unitree_go2_ros2_jazzy1/unitree_go2_ros2_jazzy/unitree_guide2/include/FSM/State_FixedStand.h:7,
[1.950s]                  from /home/kan/lab/course/unitree_go2_ros2_jazzy1/unitree_go2_ros2_jazzy/unitree_guide2/src/FSM/State_FixedStand.cpp:5:
[1.951s] /home/kan/lab/course/unitree_go2_ros2_jazzy1/unitree_go2_ros2_jazzy/unitree_guide2/include/control/CtrlComponents.h: In destructor ‘CtrlComponents::~CtrlComponents()’:
[1.951s] /home/kan/lab/course/unitree_go2_ros2_jazzy1/unitree_go2_ros2_jazzy/unitree_guide2/include/control/CtrlComponents.h:35:9: warning: deleting object of abstract class type ‘IOInterface’ which has non-virtual destructor will cause undefined behavior [-Wdelete-non-virtual-dtor]
[1.951s]    35 |         delete ioInter;
[1.951s]       |         ^~~~~~~~~~~~~~
[1.951s] In file included from /home/kan/lab/course/unitree_go2_ros2_jazzy1/unitree_go2_ros2_jazzy/unitree_guide2/include/message/LowlevelCmd.h:8,
[1.951s]                  from /home/kan/lab/course/unitree_go2_ros2_jazzy1/unitree_go2_ros2_jazzy/unitree_guide2/include/control/CtrlComponents.h:7,
[1.951s]                  from /home/kan/lab/course/unitree_go2_ros2_jazzy1/unitree_go2_ros2_jazzy/unitree_guide2/include/FSM/FSMState.h:10,
[1.951s]                  from /home/kan/lab/course/unitree_go2_ros2_jazzy1/unitree_go2_ros2_jazzy/unitree_guide2/src/FSM/FSMState.cpp:4:
[1.951s] /home/kan/lab/course/unitree_go2_ros2_jazzy1/unitree_go2_ros2_jazzy/unitree_guide2/include/common/mathTools.h: In constructor ‘AvgCov::AvgCov(unsigned int, std::string, bool, unsigned int, unsigned int, double)’:
[1.951s] /home/kan/lab/course/unitree_go2_ros2_jazzy1/unitree_go2_ros2_jazzy/unitree_guide2/include/common/mathTools.h:278:17: warning: ‘AvgCov::_valueName’ will be initialized after [-Wreorder]
[1.951s]   278 |     std::string _valueName;
[1.953s]       |                 ^~~~~~~~~~
[1.954s] /home/kan/lab/course/unitree_go2_ros2_jazzy1/unitree_go2_ros2_jazzy/unitree_guide2/include/common/mathTools.h:272:10: warning:   ‘bool AvgCov::_avgOnly’ [-Wreorder]
[1.954s]   272 |     bool _avgOnly;
[1.954s]       |          ^~~~~~~~
[1.954s] In file included from /home/kan/lab/course/unitree_go2_ros2_jazzy1/unitree_go2_ros2_jazzy/unitree_guide2/include/message/LowlevelCmd.h:8,
[1.954s]                  from /home/kan/lab/course/unitree_go2_ros2_jazzy1/unitree_go2_ros2_jazzy/unitree_guide2/include/control/CtrlComponents.h:7,
[1.954s]                  from /home/kan/lab/course/unitree_go2_ros2_jazzy1/unitree_go2_ros2_jazzy/unitree_guide2/include/FSM/FSMState.h:10,
[1.954s]                  from /home/kan/lab/course/unitree_go2_ros2_jazzy1/unitree_go2_ros2_jazzy/unitree_guide2/src/FSM/FSMState.cpp:4:
[1.954s] /home/kan/lab/course/unitree_go2_ros2_jazzy1/unitree_go2_ros2_jazzy/unitree_guide2/include/common/mathTools.h:246:5: warning:   when initialized here [-Wreorder]
[1.954s]   246 |     AvgCov(unsigned int size, std::string name, bool avgOnly=false, unsigned int showPeriod=1000, unsigned int waitCount=5000, double zoomFactor=10000)
[1.954s]       |     ^~~~~~
[1.954s] In file included from /home/kan/lab/course/unitree_go2_ros2_jazzy1/unitree_go2_ros2_jazzy/unitree_guide2/include/message/LowlevelState.h:10,
[1.954s]                  from /home/kan/lab/course/unitree_go2_ros2_jazzy1/unitree_go2_ros2_jazzy/unitree_guide2/include/control/CtrlComponents.h:8,
[1.954s]                  from /home/kan/lab/course/unitree_go2_ros2_jazzy1/unitree_go2_ros2_jazzy/unitree_guide2/include/FSM/FSMState.h:10,
[1.954s]                  from /home/kan/lab/course/unitree_go2_ros2_jazzy1/unitree_go2_ros2_jazzy/unitree_guide2/src/FSM/FSMState.cpp:4:
[1.955s] /home/kan/lab/course/unitree_go2_ros2_jazzy1/unitree_go2_ros2_jazzy/unitree_guide2/include/interface/CmdPanel.h: In member function ‘virtual void* CmdPanel::run(void*)’:
[1.955s] /home/kan/lab/course/unitree_go2_ros2_jazzy1/unitree_go2_ros2_jazzy/unitree_guide2/include/interface/CmdPanel.h:50:29: warning: unused parameter ‘arg’ [-Wunused-parameter]
[1.955s]    50 |     virtual void* run(void *arg){return NULL;}
[1.955s]       |                       ~~~~~~^~~
[1.955s] In file included from /home/kan/lab/course/unitree_go2_ros2_jazzy1/unitree_go2_ros2_jazzy/unitree_guide2/include/FSM/FSMState.h:10,
[1.955s]                  from /home/kan/lab/course/unitree_go2_ros2_jazzy1/unitree_go2_ros2_jazzy/unitree_guide2/src/FSM/FSMState.cpp:4:
[1.955s] /home/kan/lab/course/unitree_go2_ros2_jazzy1/unitree_go2_ros2_jazzy/unitree_guide2/include/control/CtrlComponents.h: In destructor ‘CtrlComponents::~CtrlComponents()’:
[1.955s] /home/kan/lab/course/unitree_go2_ros2_jazzy1/unitree_go2_ros2_jazzy/unitree_guide2/include/control/CtrlComponents.h:35:9: warning: deleting object of abstract class type ‘IOInterface’ which has non-virtual destructor will cause undefined behavior [-Wdelete-non-virtual-dtor]
[1.955s]    35 |         delete ioInter;
[1.955s]       |         ^~~~~~~~~~~~~~
[1.955s] In file included from /home/kan/lab/course/unitree_go2_ros2_jazzy1/unitree_go2_ros2_jazzy/unitree_guide2/src/FSM/FSMState.cpp:4:
[1.955s] /home/kan/lab/course/unitree_go2_ros2_jazzy1/unitree_go2_ros2_jazzy/unitree_guide2/include/FSM/FSMState.h: In constructor ‘FSMState::FSMState(CtrlComponents*, FSMStateName, std::string)’:
[1.955s] /home/kan/lab/course/unitree_go2_ros2_jazzy1/unitree_go2_ros2_jazzy/unitree_guide2/include/FSM/FSMState.h:31:21: warning: ‘FSMState::_ctrlComp’ will be initialized after [-Wreorder]
[1.955s]    31 |     CtrlComponents *_ctrlComp;
[1.955s]       |                     ^~~~~~~~~
[1.956s] /home/kan/lab/course/unitree_go2_ros2_jazzy1/unitree_go2_ros2_jazzy/unitree_guide2/include/FSM/FSMState.h:28:18: warning:   ‘FSMStateName FSMState::_stateName’ [-Wreorder]
[1.956s]    28 |     FSMStateName _stateName;
[1.956s]       |                  ^~~~~~~~~~
[1.956s] /home/kan/lab/course/unitree_go2_ros2_jazzy1/unitree_go2_ros2_jazzy/unitree_guide2/src/FSM/FSMState.cpp:6:1: warning:   when initialized here [-Wreorder]
[1.956s]     6 | FSMState::FSMState(CtrlComponents *ctrlComp, FSMStateName stateName, std::string stateNameString)
[1.956s]       | ^~~~~~~~
[1.956s] In file included from /home/kan/lab/course/unitree_go2_ros2_jazzy1/unitree_go2_ros2_jazzy/unitree_guide2/include/message/LowlevelCmd.h:8,
[1.956s]                  from /home/kan/lab/course/unitree_go2_ros2_jazzy1/unitree_go2_ros2_jazzy/unitree_guide2/include/control/CtrlComponents.h:7,
[1.956s]                  from /home/kan/lab/course/unitree_go2_ros2_jazzy1/unitree_go2_ros2_jazzy/unitree_guide2/include/FSM/FSMState.h:10,
[1.956s]                  from /home/kan/lab/course/unitree_go2_ros2_jazzy1/unitree_go2_ros2_jazzy/unitree_guide2/include/FSM/FSM.h:8,
[1.956s]                  from /home/kan/lab/course/unitree_go2_ros2_jazzy1/unitree_go2_ros2_jazzy/unitree_guide2/src/FSM/FSM.cpp:4:
[1.957s] /home/kan/lab/course/unitree_go2_ros2_jazzy1/unitree_go2_ros2_jazzy/unitree_guide2/include/common/mathTools.h: In constructor ‘AvgCov::AvgCov(unsigned int, std::string, bool, unsigned int, unsigned int, double)’:
[1.957s] /home/kan/lab/course/unitree_go2_ros2_jazzy1/unitree_go2_ros2_jazzy/unitree_guide2/include/common/mathTools.h:278:17: warning: ‘AvgCov::_valueName’ will be initialized after [-Wreorder]
[1.957s]   278 |     std::string _valueName;
[1.957s]       |                 ^~~~~~~~~~
[1.957s] /home/kan/lab/course/unitree_go2_ros2_jazzy1/unitree_go2_ros2_jazzy/unitree_guide2/include/common/mathTools.h:272:10: warning:   ‘bool AvgCov::_avgOnly’ [-Wreorder]
[1.957s]   272 |     bool _avgOnly;
[1.957s]       |          ^~~~~~~~
[1.957s] In file included from /home/kan/lab/course/unitree_go2_ros2_jazzy1/unitree_go2_ros2_jazzy/unitree_guide2/include/message/LowlevelCmd.h:8,
[1.957s]                  from /home/kan/lab/course/unitree_go2_ros2_jazzy1/unitree_go2_ros2_jazzy/unitree_guide2/include/control/CtrlComponents.h:7,
[1.957s]                  from /home/kan/lab/course/unitree_go2_ros2_jazzy1/unitree_go2_ros2_jazzy/unitree_guide2/include/FSM/FSMState.h:10,
[1.958s]                  from /home/kan/lab/course/unitree_go2_ros2_jazzy1/unitree_go2_ros2_jazzy/unitree_guide2/include/FSM/FSM.h:8,
[1.958s]                  from /home/kan/lab/course/unitree_go2_ros2_jazzy1/unitree_go2_ros2_jazzy/unitree_guide2/src/FSM/FSM.cpp:4:
[1.958s] /home/kan/lab/course/unitree_go2_ros2_jazzy1/unitree_go2_ros2_jazzy/unitree_guide2/include/common/mathTools.h:246:5: warning:   when initialized here [-Wreorder]
[1.958s]   246 |     AvgCov(unsigned int size, std::string name, bool avgOnly=false, unsigned int showPeriod=1000, unsigned int waitCount=5000, double zoomFactor=10000)
[1.958s]       |     ^~~~~~
[1.958s] In file included from /home/kan/lab/course/unitree_go2_ros2_jazzy1/unitree_go2_ros2_jazzy/unitree_guide2/include/message/LowlevelState.h:10,
[1.958s]                  from /home/kan/lab/course/unitree_go2_ros2_jazzy1/unitree_go2_ros2_jazzy/unitree_guide2/include/control/CtrlComponents.h:8,
[1.958s]                  from /home/kan/lab/course/unitree_go2_ros2_jazzy1/unitree_go2_ros2_jazzy/unitree_guide2/include/FSM/FSMState.h:10,
[1.958s]                  from /home/kan/lab/course/unitree_go2_ros2_jazzy1/unitree_go2_ros2_jazzy/unitree_guide2/include/FSM/FSM.h:8,
[1.958s]                  from /home/kan/lab/course/unitree_go2_ros2_jazzy1/unitree_go2_ros2_jazzy/unitree_guide2/src/FSM/FSM.cpp:4:
[1.958s] /home/kan/lab/course/unitree_go2_ros2_jazzy1/unitree_go2_ros2_jazzy/unitree_guide2/include/interface/CmdPanel.h: In member function ‘virtual void* CmdPanel::run(void*)’:
[1.959s] /home/kan/lab/course/unitree_go2_ros2_jazzy1/unitree_go2_ros2_jazzy/unitree_guide2/include/interface/CmdPanel.h:50:29: warning: unused parameter ‘arg’ [-Wunused-parameter]
[1.959s]    50 |     virtual void* run(void *arg){return NULL;}
[1.959s]       |                       ~~~~~~^~~
[1.959s] In file included from /home/kan/lab/course/unitree_go2_ros2_jazzy1/unitree_go2_ros2_jazzy/unitree_guide2/include/FSM/FSMState.h:10,
[1.959s]                  from /home/kan/lab/course/unitree_go2_ros2_jazzy1/unitree_go2_ros2_jazzy/unitree_guide2/include/FSM/FSM.h:8,
[1.959s]                  from /home/kan/lab/course/unitree_go2_ros2_jazzy1/unitree_go2_ros2_jazzy/unitree_guide2/src/FSM/FSM.cpp:4:
[1.959s] /home/kan/lab/course/unitree_go2_ros2_jazzy1/unitree_go2_ros2_jazzy/unitree_guide2/include/control/CtrlComponents.h: In destructor ‘CtrlComponents::~CtrlComponents()’:
[1.959s] /home/kan/lab/course/unitree_go2_ros2_jazzy1/unitree_go2_ros2_jazzy/unitree_guide2/include/control/CtrlComponents.h:35:9: warning: deleting object of abstract class type ‘IOInterface’ which has non-virtual destructor will cause undefined behavior [-Wdelete-non-virtual-dtor]
[1.959s]    35 |         delete ioInter;
[1.959s]       |         ^~~~~~~~~~~~~~
[1.959s] In file included from /home/kan/lab/course/unitree_go2_ros2_jazzy1/unitree_go2_ros2_jazzy/unitree_guide2/src/FSM/FSM.cpp:4:
[1.959s] /home/kan/lab/course/unitree_go2_ros2_jazzy1/unitree_go2_ros2_jazzy/unitree_guide2/include/FSM/FSM.h: In member function ‘void FSMStateList::deletePtr()’:
[1.959s] /home/kan/lab/course/unitree_go2_ros2_jazzy1/unitree_go2_ros2_jazzy/unitree_guide2/include/FSM/FSM.h:44:9: warning: deleting object of abstract class type ‘FSMState’ which has non-virtual destructor will cause undefined behavior [-Wdelete-non-virtual-dtor]
[1.959s]    44 |         delete invalid;
[1.960s]       |         ^~~~~~~~~~~~~~
[1.960s] /home/kan/lab/course/unitree_go2_ros2_jazzy1/unitree_go2_ros2_jazzy/unitree_guide2/include/FSM/FSM.h:45:9: warning: deleting object of polymorphic class type ‘State_Passive’ which has non-virtual destructor might cause undefined behavior [-Wdelete-non-virtual-dtor]
[1.960s]    45 |         delete passive;
[1.960s]       |         ^~~~~~~~~~~~~~
[1.960s] /home/kan/lab/course/unitree_go2_ros2_jazzy1/unitree_go2_ros2_jazzy/unitree_guide2/include/FSM/FSM.h:46:9: warning: deleting object of polymorphic class type ‘State_FixedStand’ which has non-virtual destructor might cause undefined behavior [-Wdelete-non-virtual-dtor]
[1.960s]    46 |         delete fixedStand;
[1.960s]       |         ^~~~~~~~~~~~~~~~~
[1.960s] /home/kan/lab/course/unitree_go2_ros2_jazzy1/unitree_go2_ros2_jazzy/unitree_guide2/include/FSM/FSM.h:47:9: warning: deleting object of polymorphic class type ‘State_FreeStand’ which has non-virtual destructor might cause undefined behavior [-Wdelete-non-virtual-dtor]
[1.960s]    47 |         delete freeStand;
[1.960s]       |         ^~~~~~~~~~~~~~~~
[1.960s] /home/kan/lab/course/unitree_go2_ros2_jazzy1/unitree_go2_ros2_jazzy/unitree_guide2/include/FSM/FSM.h:48:9: warning: deleting object of polymorphic class type ‘State_Trotting’ which has non-virtual destructor might cause undefined behavior [-Wdelete-non-virtual-dtor]
[1.960s]    48 |         delete trotting;
[1.960s]       |         ^~~~~~~~~~~~~~~
[1.960s] /home/kan/lab/course/unitree_go2_ros2_jazzy1/unitree_go2_ros2_jazzy/unitree_guide2/include/FSM/FSM.h:49:9: warning: deleting object of polymorphic class type ‘State_BalanceTest’ which has non-virtual destructor might cause undefined behavior [-Wdelete-non-virtual-dtor]
[1.960s]    49 |         delete balanceTest;
[1.961s]       |         ^~~~~~~~~~~~~~~~~~
[1.961s] /home/kan/lab/course/unitree_go2_ros2_jazzy1/unitree_go2_ros2_jazzy/unitree_guide2/include/FSM/FSM.h:50:9: warning: deleting object of polymorphic class type ‘State_SwingTest’ which has non-virtual destructor might cause undefined behavior [-Wdelete-non-virtual-dtor]
[1.961s]    50 |         delete swingTest;
[1.961s]       |         ^~~~~~~~~~~~~~~~
[1.961s] /home/kan/lab/course/unitree_go2_ros2_jazzy1/unitree_go2_ros2_jazzy/unitree_guide2/include/FSM/FSM.h:51:9: warning: deleting object of polymorphic class type ‘State_StepTest’ which has non-virtual destructor might cause undefined behavior [-Wdelete-non-virtual-dtor]
[1.961s]    51 |         delete stepTest;
[1.961s]       |         ^~~~~~~~~~~~~~~
[1.961s] /home/kan/lab/course/unitree_go2_ros2_jazzy1/unitree_go2_ros2_jazzy/unitree_guide2/include/FSM/FSM.h:56:9: warning: deleting object of polymorphic class type ‘State_move_base’ which has non-virtual destructor might cause undefined behavior [-Wdelete-non-virtual-dtor]
[1.961s]    56 |         delete moveBase;
[1.961s]       |         ^~~~~~~~~~~~~~~
[1.961s] In file included from /home/kan/lab/course/unitree_go2_ros2_jazzy1/unitree_go2_ros2_jazzy/unitree_guide2/include/message/LowlevelCmd.h:8,
[1.961s]                  from /home/kan/lab/course/unitree_go2_ros2_jazzy1/unitree_go2_ros2_jazzy/unitree_guide2/include/control/CtrlComponents.h:7,
[1.961s]                  from /home/kan/lab/course/unitree_go2_ros2_jazzy1/unitree_go2_ros2_jazzy/unitree_guide2/include/FSM/FSMState.h:10,
[1.961s]                  from /home/kan/lab/course/unitree_go2_ros2_jazzy1/unitree_go2_ros2_jazzy/unitree_guide2/include/FSM/State_Passive.h:7,
[1.962s]                  from /home/kan/lab/course/unitree_go2_ros2_jazzy1/unitree_go2_ros2_jazzy/unitree_guide2/src/FSM/State_Passive.cpp:4:
[1.962s] /home/kan/lab/course/unitree_go2_ros2_jazzy1/unitree_go2_ros2_jazzy/unitree_guide2/include/common/mathTools.h: In constructor ‘AvgCov::AvgCov(unsigned int, std::string, bool, unsigned int, unsigned int, double)’:
[1.962s] /home/kan/lab/course/unitree_go2_ros2_jazzy1/unitree_go2_ros2_jazzy/unitree_guide2/include/common/mathTools.h:278:17: warning: ‘AvgCov::_valueName’ will be initialized after [-Wreorder]
[1.962s]   278 |     std::string _valueName;
[1.962s]       |                 ^~~~~~~~~~
[1.962s] /home/kan/lab/course/unitree_go2_ros2_jazzy1/unitree_go2_ros2_jazzy/unitree_guide2/include/common/mathTools.h:272:10: warning:   ‘bool AvgCov::_avgOnly’ [-Wreorder]
[1.962s]   272 |     bool _avgOnly;
[1.962s]       |          ^~~~~~~~
[1.962s] In file included from /home/kan/lab/course/unitree_go2_ros2_jazzy1/unitree_go2_ros2_jazzy/unitree_guide2/include/message/LowlevelCmd.h:8,
[1.962s]                  from /home/kan/lab/course/unitree_go2_ros2_jazzy1/unitree_go2_ros2_jazzy/unitree_guide2/include/control/CtrlComponents.h:7,
[1.962s]                  from /home/kan/lab/course/unitree_go2_ros2_jazzy1/unitree_go2_ros2_jazzy/unitree_guide2/include/FSM/FSMState.h:10,
[1.962s]                  from /home/kan/lab/course/unitree_go2_ros2_jazzy1/unitree_go2_ros2_jazzy/unitree_guide2/include/FSM/State_Passive.h:7,
[1.962s]                  from /home/kan/lab/course/unitree_go2_ros2_jazzy1/unitree_go2_ros2_jazzy/unitree_guide2/src/FSM/State_Passive.cpp:4:
[1.962s] /home/kan/lab/course/unitree_go2_ros2_jazzy1/unitree_go2_ros2_jazzy/unitree_guide2/include/common/mathTools.h:246:5: warning:   when initialized here [-Wreorder]
[1.962s]   246 |     AvgCov(unsigned int size, std::string name, bool avgOnly=false, unsigned int showPeriod=1000, unsigned int waitCount=5000, double zoomFactor=10000)
[1.963s]       |     ^~~~~~
[1.963s] In file included from /home/kan/lab/course/unitree_go2_ros2_jazzy1/unitree_go2_ros2_jazzy/unitree_guide2/include/message/LowlevelState.h:10,
[1.963s]                  from /home/kan/lab/course/unitree_go2_ros2_jazzy1/unitree_go2_ros2_jazzy/unitree_guide2/include/control/CtrlComponents.h:8,
[1.963s]                  from /home/kan/lab/course/unitree_go2_ros2_jazzy1/unitree_go2_ros2_jazzy/unitree_guide2/include/FSM/FSMState.h:10,
[1.963s]                  from /home/kan/lab/course/unitree_go2_ros2_jazzy1/unitree_go2_ros2_jazzy/unitree_guide2/include/FSM/State_Passive.h:7,
[1.963s]                  from /home/kan/lab/course/unitree_go2_ros2_jazzy1/unitree_go2_ros2_jazzy/unitree_guide2/src/FSM/State_Passive.cpp:4:
[1.963s] /home/kan/lab/course/unitree_go2_ros2_jazzy1/unitree_go2_ros2_jazzy/unitree_guide2/include/interface/CmdPanel.h: In member function ‘virtual void* CmdPanel::run(void*)’:
[1.963s] /home/kan/lab/course/unitree_go2_ros2_jazzy1/unitree_go2_ros2_jazzy/unitree_guide2/include/interface/CmdPanel.h:50:29: warning: unused parameter ‘arg’ [-Wunused-parameter]
[1.963s]    50 |     virtual void* run(void *arg){return NULL;}
[1.963s]       |                       ~~~~~~^~~
[1.963s] In file included from /home/kan/lab/course/unitree_go2_ros2_jazzy1/unitree_go2_ros2_jazzy/unitree_guide2/include/FSM/FSMState.h:10,
[1.963s]                  from /home/kan/lab/course/unitree_go2_ros2_jazzy1/unitree_go2_ros2_jazzy/unitree_guide2/include/FSM/State_Passive.h:7,
[1.964s]                  from /home/kan/lab/course/unitree_go2_ros2_jazzy1/unitree_go2_ros2_jazzy/unitree_guide2/src/FSM/State_Passive.cpp:4:
[1.964s] /home/kan/lab/course/unitree_go2_ros2_jazzy1/unitree_go2_ros2_jazzy/unitree_guide2/include/control/CtrlComponents.h: In destructor ‘CtrlComponents::~CtrlComponents()’:
[1.964s] /home/kan/lab/course/unitree_go2_ros2_jazzy1/unitree_go2_ros2_jazzy/unitree_guide2/include/control/CtrlComponents.h:35:9: warning: deleting object of abstract class type ‘IOInterface’ which has non-virtual destructor will cause undefined behavior [-Wdelete-non-virtual-dtor]
[1.964s]    35 |         delete ioInter;
[1.964s]       |         ^~~~~~~~~~~~~~
[1.964s] In file included from /home/kan/lab/course/unitree_go2_ros2_jazzy1/unitree_go2_ros2_jazzy/unitree_guide2/include/message/LowlevelCmd.h:8,
[1.964s]                  from /home/kan/lab/course/unitree_go2_ros2_jazzy1/unitree_go2_ros2_jazzy/unitree_guide2/include/control/CtrlComponents.h:7,
[1.964s]                  from /home/kan/lab/course/unitree_go2_ros2_jazzy1/unitree_go2_ros2_jazzy/unitree_guide2/include/FSM/FSMState.h:10,
[1.964s]                  from /home/kan/lab/course/unitree_go2_ros2_jazzy1/unitree_go2_ros2_jazzy/unitree_guide2/include/FSM/State_FreeStand.h:7,
[1.964s]                  from /home/kan/lab/course/unitree_go2_ros2_jazzy1/unitree_go2_ros2_jazzy/unitree_guide2/src/FSM/State_FreeStand.cpp:4:
[1.964s] /home/kan/lab/course/unitree_go2_ros2_jazzy1/unitree_go2_ros2_jazzy/unitree_guide2/include/common/mathTools.h: In constructor ‘AvgCov::AvgCov(unsigned int, std::string, bool, unsigned int, unsigned int, double)’:
[1.964s] /home/kan/lab/course/unitree_go2_ros2_jazzy1/unitree_go2_ros2_jazzy/unitree_guide2/include/common/mathTools.h:278:17: warning: ‘AvgCov::_valueName’ will be initialized after [-Wreorder]
[1.964s]   278 |     std::string _valueName;
[1.965s]       |                 ^~~~~~~~~~
[1.965s] /home/kan/lab/course/unitree_go2_ros2_jazzy1/unitree_go2_ros2_jazzy/unitree_guide2/include/common/mathTools.h:272:10: warning:   ‘bool AvgCov::_avgOnly’ [-Wreorder]
[1.965s]   272 |     bool _avgOnly;
[1.965s]       |          ^~~~~~~~
[1.965s] In file included from /home/kan/lab/course/unitree_go2_ros2_jazzy1/unitree_go2_ros2_jazzy/unitree_guide2/include/message/LowlevelCmd.h:8,
[1.965s]                  from /home/kan/lab/course/unitree_go2_ros2_jazzy1/unitree_go2_ros2_jazzy/unitree_guide2/include/control/CtrlComponents.h:7,
[1.965s]                  from /home/kan/lab/course/unitree_go2_ros2_jazzy1/unitree_go2_ros2_jazzy/unitree_guide2/include/FSM/FSMState.h:10,
[1.965s]                  from /home/kan/lab/course/unitree_go2_ros2_jazzy1/unitree_go2_ros2_jazzy/unitree_guide2/include/FSM/State_FreeStand.h:7,
[1.965s]                  from /home/kan/lab/course/unitree_go2_ros2_jazzy1/unitree_go2_ros2_jazzy/unitree_guide2/src/FSM/State_FreeStand.cpp:4:
[1.965s] /home/kan/lab/course/unitree_go2_ros2_jazzy1/unitree_go2_ros2_jazzy/unitree_guide2/include/common/mathTools.h:246:5: warning:   when initialized here [-Wreorder]
[1.965s]   246 |     AvgCov(unsigned int size, std::string name, bool avgOnly=false, unsigned int showPeriod=1000, unsigned int waitCount=5000, double zoomFactor=10000)
[1.965s]       |     ^~~~~~
[1.965s] In file included from /home/kan/lab/course/unitree_go2_ros2_jazzy1/unitree_go2_ros2_jazzy/unitree_guide2/include/message/LowlevelState.h:10,
[1.965s]                  from /home/kan/lab/course/unitree_go2_ros2_jazzy1/unitree_go2_ros2_jazzy/unitree_guide2/include/control/CtrlComponents.h:8,
[1.965s]                  from /home/kan/lab/course/unitree_go2_ros2_jazzy1/unitree_go2_ros2_jazzy/unitree_guide2/include/FSM/FSMState.h:10,
[1.966s]                  from /home/kan/lab/course/unitree_go2_ros2_jazzy1/unitree_go2_ros2_jazzy/unitree_guide2/include/FSM/State_FreeStand.h:7,
[1.966s]                  from /home/kan/lab/course/unitree_go2_ros2_jazzy1/unitree_go2_ros2_jazzy/unitree_guide2/src/FSM/State_FreeStand.cpp:4:
[1.966s] /home/kan/lab/course/unitree_go2_ros2_jazzy1/unitree_go2_ros2_jazzy/unitree_guide2/include/interface/CmdPanel.h: In member function ‘virtual void* CmdPanel::run(void*)’:
[1.966s] /home/kan/lab/course/unitree_go2_ros2_jazzy1/unitree_go2_ros2_jazzy/unitree_guide2/include/interface/CmdPanel.h:50:29: warning: unused parameter ‘arg’ [-Wunused-parameter]
[1.966s]    50 |     virtual void* run(void *arg){return NULL;}
[1.966s]       |                       ~~~~~~^~~
[1.966s] In file included from /home/kan/lab/course/unitree_go2_ros2_jazzy1/unitree_go2_ros2_jazzy/unitree_guide2/include/FSM/FSMState.h:10,
[1.966s]                  from /home/kan/lab/course/unitree_go2_ros2_jazzy1/unitree_go2_ros2_jazzy/unitree_guide2/include/FSM/State_FreeStand.h:7,
[1.966s]                  from /home/kan/lab/course/unitree_go2_ros2_jazzy1/unitree_go2_ros2_jazzy/unitree_guide2/src/FSM/State_FreeStand.cpp:4:
[1.966s] /home/kan/lab/course/unitree_go2_ros2_jazzy1/unitree_go2_ros2_jazzy/unitree_guide2/include/control/CtrlComponents.h: In destructor ‘CtrlComponents::~CtrlComponents()’:
[1.966s] /home/kan/lab/course/unitree_go2_ros2_jazzy1/unitree_go2_ros2_jazzy/unitree_guide2/include/control/CtrlComponents.h:35:9: warning: deleting object of abstract class type ‘IOInterface’ which has non-virtual destructor will cause undefined behavior [-Wdelete-non-virtual-dtor]
[1.966s]    35 |         delete ioInter;
[1.966s]       |         ^~~~~~~~~~~~~~
[1.966s] In file included from /home/kan/lab/course/unitree_go2_ros2_jazzy1/unitree_go2_ros2_jazzy/unitree_guide2/include/message/LowlevelCmd.h:8,
[1.966s]                  from /home/kan/lab/course/unitree_go2_ros2_jazzy1/unitree_go2_ros2_jazzy/unitree_guide2/include/control/CtrlComponents.h:7,
[1.968s]                  from /home/kan/lab/course/unitree_go2_ros2_jazzy1/unitree_go2_ros2_jazzy/unitree_guide2/include/FSM/FSMState.h:10,
[1.969s]                  from /home/kan/lab/course/unitree_go2_ros2_jazzy1/unitree_go2_ros2_jazzy/unitree_guide2/include/FSM/State_BalanceTest.h:7,
[1.969s]                  from /home/kan/lab/course/unitree_go2_ros2_jazzy1/unitree_go2_ros2_jazzy/unitree_guide2/src/FSM/State_BalanceTest.cpp:4:
[1.969s] /home/kan/lab/course/unitree_go2_ros2_jazzy1/unitree_go2_ros2_jazzy/unitree_guide2/include/common/mathTools.h: In constructor ‘AvgCov::AvgCov(unsigned int, std::string, bool, unsigned int, unsigned int, double)’:
[1.969s] /home/kan/lab/course/unitree_go2_ros2_jazzy1/unitree_go2_ros2_jazzy/unitree_guide2/include/common/mathTools.h:278:17: warning: ‘AvgCov::_valueName’ will be initialized after [-Wreorder]
[1.969s]   278 |     std::string _valueName;
[1.969s]       |                 ^~~~~~~~~~
[1.969s] /home/kan/lab/course/unitree_go2_ros2_jazzy1/unitree_go2_ros2_jazzy/unitree_guide2/include/common/mathTools.h:272:10: warning:   ‘bool AvgCov::_avgOnly’ [-Wreorder]
[1.969s]   272 |     bool _avgOnly;
[1.969s]       |          ^~~~~~~~
[1.969s] In file included from /home/kan/lab/course/unitree_go2_ros2_jazzy1/unitree_go2_ros2_jazzy/unitree_guide2/include/message/LowlevelCmd.h:8,
[1.969s]                  from /home/kan/lab/course/unitree_go2_ros2_jazzy1/unitree_go2_ros2_jazzy/unitree_guide2/include/control/CtrlComponents.h:7,
[1.969s]                  from /home/kan/lab/course/unitree_go2_ros2_jazzy1/unitree_go2_ros2_jazzy/unitree_guide2/include/FSM/FSMState.h:10,
[1.969s]                  from /home/kan/lab/course/unitree_go2_ros2_jazzy1/unitree_go2_ros2_jazzy/unitree_guide2/include/FSM/State_BalanceTest.h:7,
[1.970s]                  from /home/kan/lab/course/unitree_go2_ros2_jazzy1/unitree_go2_ros2_jazzy/unitree_guide2/src/FSM/State_BalanceTest.cpp:4:
[1.970s] /home/kan/lab/course/unitree_go2_ros2_jazzy1/unitree_go2_ros2_jazzy/unitree_guide2/include/common/mathTools.h:246:5: warning:   when initialized here [-Wreorder]
[1.970s]   246 |     AvgCov(unsigned int size, std::string name, bool avgOnly=false, unsigned int showPeriod=1000, unsigned int waitCount=5000, double zoomFactor=10000)
[1.970s]       |     ^~~~~~
[1.970s] In file included from /home/kan/lab/course/unitree_go2_ros2_jazzy1/unitree_go2_ros2_jazzy/unitree_guide2/include/message/LowlevelState.h:10,
[1.970s]                  from /home/kan/lab/course/unitree_go2_ros2_jazzy1/unitree_go2_ros2_jazzy/unitree_guide2/include/control/CtrlComponents.h:8,
[1.970s]                  from /home/kan/lab/course/unitree_go2_ros2_jazzy1/unitree_go2_ros2_jazzy/unitree_guide2/include/FSM/FSMState.h:10,
[1.970s]                  from /home/kan/lab/course/unitree_go2_ros2_jazzy1/unitree_go2_ros2_jazzy/unitree_guide2/include/FSM/State_BalanceTest.h:7,
[1.970s]                  from /home/kan/lab/course/unitree_go2_ros2_jazzy1/unitree_go2_ros2_jazzy/unitree_guide2/src/FSM/State_BalanceTest.cpp:4:
[1.970s] /home/kan/lab/course/unitree_go2_ros2_jazzy1/unitree_go2_ros2_jazzy/unitree_guide2/include/interface/CmdPanel.h: In member function ‘virtual void* CmdPanel::run(void*)’:
[1.970s] /home/kan/lab/course/unitree_go2_ros2_jazzy1/unitree_go2_ros2_jazzy/unitree_guide2/include/interface/CmdPanel.h:50:29: warning: unused parameter ‘arg’ [-Wunused-parameter]
[1.970s]    50 |     virtual void* run(void *arg){return NULL;}
[1.970s]       |                       ~~~~~~^~~
[1.970s] In file included from /home/kan/lab/course/unitree_go2_ros2_jazzy1/unitree_go2_ros2_jazzy/unitree_guide2/include/FSM/FSMState.h:10,
[1.970s]                  from /home/kan/lab/course/unitree_go2_ros2_jazzy1/unitree_go2_ros2_jazzy/unitree_guide2/include/FSM/State_BalanceTest.h:7,
[1.971s]                  from /home/kan/lab/course/unitree_go2_ros2_jazzy1/unitree_go2_ros2_jazzy/unitree_guide2/src/FSM/State_BalanceTest.cpp:4:
[1.971s] /home/kan/lab/course/unitree_go2_ros2_jazzy1/unitree_go2_ros2_jazzy/unitree_guide2/include/control/CtrlComponents.h: In destructor ‘CtrlComponents::~CtrlComponents()’:
[1.971s] /home/kan/lab/course/unitree_go2_ros2_jazzy1/unitree_go2_ros2_jazzy/unitree_guide2/include/control/CtrlComponents.h:35:9: warning: deleting object of abstract class type ‘IOInterface’ which has non-virtual destructor will cause undefined behavior [-Wdelete-non-virtual-dtor]
[1.971s]    35 |         delete ioInter;
[1.971s]       |         ^~~~~~~~~~~~~~
[1.971s] In file included from /home/kan/lab/course/unitree_go2_ros2_jazzy1/unitree_go2_ros2_jazzy/unitree_guide2/include/message/LowlevelCmd.h:8,
[1.971s]                  from /home/kan/lab/course/unitree_go2_ros2_jazzy1/unitree_go2_ros2_jazzy/unitree_guide2/include/control/CtrlComponents.h:7,
[1.971s]                  from /home/kan/lab/course/unitree_go2_ros2_jazzy1/unitree_go2_ros2_jazzy/unitree_guide2/include/FSM/FSMState.h:10,
[1.971s]                  from /home/kan/lab/course/unitree_go2_ros2_jazzy1/unitree_go2_ros2_jazzy/unitree_guide2/include/FSM/State_StepTest.h:7,
[1.971s]                  from /home/kan/lab/course/unitree_go2_ros2_jazzy1/unitree_go2_ros2_jazzy/unitree_guide2/src/FSM/State_StepTest.cpp:4:
[1.971s] /home/kan/lab/course/unitree_go2_ros2_jazzy1/unitree_go2_ros2_jazzy/unitree_guide2/include/common/mathTools.h: In constructor ‘AvgCov::AvgCov(unsigned int, std::string, bool, unsigned int, unsigned int, double)’:
[1.971s] /home/kan/lab/course/unitree_go2_ros2_jazzy1/unitree_go2_ros2_jazzy/unitree_guide2/include/common/mathTools.h:278:17: warning: ‘AvgCov::_valueName’ will be initialized after [-Wreorder]
[1.972s]   278 |     std::string _valueName;
[1.972s]       |                 ^~~~~~~~~~
[1.972s] /home/kan/lab/course/unitree_go2_ros2_jazzy1/unitree_go2_ros2_jazzy/unitree_guide2/include/common/mathTools.h:272:10: warning:   ‘bool AvgCov::_avgOnly’ [-Wreorder]
[1.972s]   272 |     bool _avgOnly;
[1.972s]       |          ^~~~~~~~
[1.972s] In file included from /home/kan/lab/course/unitree_go2_ros2_jazzy1/unitree_go2_ros2_jazzy/unitree_guide2/include/message/LowlevelCmd.h:8,
[1.972s]                  from /home/kan/lab/course/unitree_go2_ros2_jazzy1/unitree_go2_ros2_jazzy/unitree_guide2/include/control/CtrlComponents.h:7,
[1.972s]                  from /home/kan/lab/course/unitree_go2_ros2_jazzy1/unitree_go2_ros2_jazzy/unitree_guide2/include/FSM/FSMState.h:10,
[1.972s]                  from /home/kan/lab/course/unitree_go2_ros2_jazzy1/unitree_go2_ros2_jazzy/unitree_guide2/include/FSM/State_StepTest.h:7,
[1.972s]                  from /home/kan/lab/course/unitree_go2_ros2_jazzy1/unitree_go2_ros2_jazzy/unitree_guide2/src/FSM/State_StepTest.cpp:4:
[1.972s] /home/kan/lab/course/unitree_go2_ros2_jazzy1/unitree_go2_ros2_jazzy/unitree_guide2/include/common/mathTools.h:246:5: warning:   when initialized here [-Wreorder]
[1.972s]   246 |     AvgCov(unsigned int size, std::string name, bool avgOnly=false, unsigned int showPeriod=1000, unsigned int waitCount=5000, double zoomFactor=10000)
[1.972s]       |     ^~~~~~
[1.973s] In file included from /home/kan/lab/course/unitree_go2_ros2_jazzy1/unitree_go2_ros2_jazzy/unitree_guide2/include/message/LowlevelState.h:10,
[1.973s]                  from /home/kan/lab/course/unitree_go2_ros2_jazzy1/unitree_go2_ros2_jazzy/unitree_guide2/include/control/CtrlComponents.h:8,
[1.973s]                  from /home/kan/lab/course/unitree_go2_ros2_jazzy1/unitree_go2_ros2_jazzy/unitree_guide2/include/FSM/FSMState.h:10,
[1.973s]                  from /home/kan/lab/course/unitree_go2_ros2_jazzy1/unitree_go2_ros2_jazzy/unitree_guide2/include/FSM/State_StepTest.h:7,
[1.973s]                  from /home/kan/lab/course/unitree_go2_ros2_jazzy1/unitree_go2_ros2_jazzy/unitree_guide2/src/FSM/State_StepTest.cpp:4:
[1.973s] /home/kan/lab/course/unitree_go2_ros2_jazzy1/unitree_go2_ros2_jazzy/unitree_guide2/include/interface/CmdPanel.h: In member function ‘virtual void* CmdPanel::run(void*)’:
[1.973s] /home/kan/lab/course/unitree_go2_ros2_jazzy1/unitree_go2_ros2_jazzy/unitree_guide2/include/interface/CmdPanel.h:50:29: warning: unused parameter ‘arg’ [-Wunused-parameter]
[1.973s]    50 |     virtual void* run(void *arg){return NULL;}
[1.973s]       |                       ~~~~~~^~~
[1.973s] In file included from /home/kan/lab/course/unitree_go2_ros2_jazzy1/unitree_go2_ros2_jazzy/unitree_guide2/include/FSM/FSMState.h:10,
[1.973s]                  from /home/kan/lab/course/unitree_go2_ros2_jazzy1/unitree_go2_ros2_jazzy/unitree_guide2/include/FSM/State_StepTest.h:7,
[1.973s]                  from /home/kan/lab/course/unitree_go2_ros2_jazzy1/unitree_go2_ros2_jazzy/unitree_guide2/src/FSM/State_StepTest.cpp:4:
[1.973s] /home/kan/lab/course/unitree_go2_ros2_jazzy1/unitree_go2_ros2_jazzy/unitree_guide2/include/control/CtrlComponents.h: In destructor ‘CtrlComponents::~CtrlComponents()’:
[1.973s] /home/kan/lab/course/unitree_go2_ros2_jazzy1/unitree_go2_ros2_jazzy/unitree_guide2/include/control/CtrlComponents.h:35:9: warning: deleting object of abstract class type ‘IOInterface’ which has non-virtual destructor will cause undefined behavior [-Wdelete-non-virtual-dtor]
[1.973s]    35 |         delete ioInter;
[1.974s]       |         ^~~~~~~~~~~~~~
[1.974s] In file included from /home/kan/lab/course/unitree_go2_ros2_jazzy1/unitree_go2_ros2_jazzy/unitree_guide2/include/message/LowlevelCmd.h:8,
[1.974s]                  from /home/kan/lab/course/unitree_go2_ros2_jazzy1/unitree_go2_ros2_jazzy/unitree_guide2/include/control/CtrlComponents.h:7,
[1.974s]                  from /home/kan/lab/course/unitree_go2_ros2_jazzy1/unitree_go2_ros2_jazzy/unitree_guide2/include/FSM/FSMState.h:10,
[1.974s]                  from /home/kan/lab/course/unitree_go2_ros2_jazzy1/unitree_go2_ros2_jazzy/unitree_guide2/include/FSM/FSM.h:8,
[1.974s]                  from /home/kan/lab/course/unitree_go2_ros2_jazzy1/unitree_go2_ros2_jazzy/unitree_guide2/include/control/ControlFrame.h:7,
[1.974s]                  from /home/kan/lab/course/unitree_go2_ros2_jazzy1/unitree_go2_ros2_jazzy/unitree_guide2/src/main.cpp:9:
[1.974s] /home/kan/lab/course/unitree_go2_ros2_jazzy1/unitree_go2_ros2_jazzy/unitree_guide2/include/common/mathTools.h: In constructor ‘AvgCov::AvgCov(unsigned int, std::string, bool, unsigned int, unsigned int, double)’:
[1.974s] /home/kan/lab/course/unitree_go2_ros2_jazzy1/unitree_go2_ros2_jazzy/unitree_guide2/include/common/mathTools.h:278:17: warning: ‘AvgCov::_valueName’ will be initialized after [-Wreorder]
[1.974s]   278 |     std::string _valueName;
[1.974s]       |                 ^~~~~~~~~~
[1.974s] /home/kan/lab/course/unitree_go2_ros2_jazzy1/unitree_go2_ros2_jazzy/unitree_guide2/include/common/mathTools.h:272:10: warning:   ‘bool AvgCov::_avgOnly’ [-Wreorder]
[1.974s]   272 |     bool _avgOnly;
[1.974s]       |          ^~~~~~~~
[1.974s] In file included from /home/kan/lab/course/unitree_go2_ros2_jazzy1/unitree_go2_ros2_jazzy/unitree_guide2/include/message/LowlevelCmd.h:8,
[1.975s]                  from /home/kan/lab/course/unitree_go2_ros2_jazzy1/unitree_go2_ros2_jazzy/unitree_guide2/include/control/CtrlComponents.h:7,
[1.975s]                  from /home/kan/lab/course/unitree_go2_ros2_jazzy1/unitree_go2_ros2_jazzy/unitree_guide2/include/FSM/FSMState.h:10,
[1.975s]                  from /home/kan/lab/course/unitree_go2_ros2_jazzy1/unitree_go2_ros2_jazzy/unitree_guide2/include/FSM/FSM.h:8,
[1.975s]                  from /home/kan/lab/course/unitree_go2_ros2_jazzy1/unitree_go2_ros2_jazzy/unitree_guide2/include/control/ControlFrame.h:7,
[1.975s]                  from /home/kan/lab/course/unitree_go2_ros2_jazzy1/unitree_go2_ros2_jazzy/unitree_guide2/src/main.cpp:9:
[1.975s] /home/kan/lab/course/unitree_go2_ros2_jazzy1/unitree_go2_ros2_jazzy/unitree_guide2/include/common/mathTools.h:246:5: warning:   when initialized here [-Wreorder]
[1.975s]   246 |     AvgCov(unsigned int size, std::string name, bool avgOnly=false, unsigned int showPeriod=1000, unsigned int waitCount=5000, double zoomFactor=10000)
[1.975s]       |     ^~~~~~
[1.975s] In file included from /home/kan/lab/course/unitree_go2_ros2_jazzy1/unitree_go2_ros2_jazzy/unitree_guide2/include/message/LowlevelState.h:10,
[1.975s]                  from /home/kan/lab/course/unitree_go2_ros2_jazzy1/unitree_go2_ros2_jazzy/unitree_guide2/include/control/CtrlComponents.h:8,
[1.975s]                  from /home/kan/lab/course/unitree_go2_ros2_jazzy1/unitree_go2_ros2_jazzy/unitree_guide2/include/FSM/FSMState.h:10,
[1.975s]                  from /home/kan/lab/course/unitree_go2_ros2_jazzy1/unitree_go2_ros2_jazzy/unitree_guide2/include/FSM/FSM.h:8,
[1.975s]                  from /home/kan/lab/course/unitree_go2_ros2_jazzy1/unitree_go2_ros2_jazzy/unitree_guide2/include/control/ControlFrame.h:7,
[1.975s]                  from /home/kan/lab/course/unitree_go2_ros2_jazzy1/unitree_go2_ros2_jazzy/unitree_guide2/src/main.cpp:9:
[1.976s] /home/kan/lab/course/unitree_go2_ros2_jazzy1/unitree_go2_ros2_jazzy/unitree_guide2/include/interface/CmdPanel.h: In member function ‘virtual void* CmdPanel::run(void*)’:
[1.976s] /home/kan/lab/course/unitree_go2_ros2_jazzy1/unitree_go2_ros2_jazzy/unitree_guide2/include/interface/CmdPanel.h:50:29: warning: unused parameter ‘arg’ [-Wunused-parameter]
[1.976s]    50 |     virtual void* run(void *arg){return NULL;}
[1.976s]       |                       ~~~~~~^~~
[1.976s] In file included from /home/kan/lab/course/unitree_go2_ros2_jazzy1/unitree_go2_ros2_jazzy/unitree_guide2/include/FSM/FSMState.h:10,
[1.976s]                  from /home/kan/lab/course/unitree_go2_ros2_jazzy1/unitree_go2_ros2_jazzy/unitree_guide2/include/FSM/FSM.h:8,
[1.976s]                  from /home/kan/lab/course/unitree_go2_ros2_jazzy1/unitree_go2_ros2_jazzy/unitree_guide2/include/control/ControlFrame.h:7,
[1.976s]                  from /home/kan/lab/course/unitree_go2_ros2_jazzy1/unitree_go2_ros2_jazzy/unitree_guide2/src/main.cpp:9:
[1.976s] /home/kan/lab/course/unitree_go2_ros2_jazzy1/unitree_go2_ros2_jazzy/unitree_guide2/include/control/CtrlComponents.h: In destructor ‘CtrlComponents::~CtrlComponents()’:
[1.976s] /home/kan/lab/course/unitree_go2_ros2_jazzy1/unitree_go2_ros2_jazzy/unitree_guide2/include/control/CtrlComponents.h:35:9: warning: deleting object of abstract class type ‘IOInterface’ which has non-virtual destructor will cause undefined behavior [-Wdelete-non-virtual-dtor]
[1.976s]    35 |         delete ioInter;
[1.976s]       |         ^~~~~~~~~~~~~~
[1.976s] In file included from /home/kan/lab/course/unitree_go2_ros2_jazzy1/unitree_go2_ros2_jazzy/unitree_guide2/include/control/ControlFrame.h:7,
[1.976s]                  from /home/kan/lab/course/unitree_go2_ros2_jazzy1/unitree_go2_ros2_jazzy/unitree_guide2/src/main.cpp:9:
[1.977s] /home/kan/lab/course/unitree_go2_ros2_jazzy1/unitree_go2_ros2_jazzy/unitree_guide2/include/FSM/FSM.h: In member function ‘void FSMStateList::deletePtr()’:
[1.977s] /home/kan/lab/course/unitree_go2_ros2_jazzy1/unitree_go2_ros2_jazzy/unitree_guide2/include/FSM/FSM.h:44:9: warning: deleting object of abstract class type ‘FSMState’ which has non-virtual destructor will cause undefined behavior [-Wdelete-non-virtual-dtor]
[1.977s]    44 |         delete invalid;
[1.977s]       |         ^~~~~~~~~~~~~~
[1.977s] /home/kan/lab/course/unitree_go2_ros2_jazzy1/unitree_go2_ros2_jazzy/unitree_guide2/include/FSM/FSM.h:45:9: warning: deleting object of polymorphic class type ‘State_Passive’ which has non-virtual destructor might cause undefined behavior [-Wdelete-non-virtual-dtor]
[1.977s]    45 |         delete passive;
[1.977s]       |         ^~~~~~~~~~~~~~
[1.977s] /home/kan/lab/course/unitree_go2_ros2_jazzy1/unitree_go2_ros2_jazzy/unitree_guide2/include/FSM/FSM.h:46:9: warning: deleting object of polymorphic class type ‘State_FixedStand’ which has non-virtual destructor might cause undefined behavior [-Wdelete-non-virtual-dtor]
[1.977s]    46 |         delete fixedStand;
[1.977s]       |         ^~~~~~~~~~~~~~~~~
[1.977s] /home/kan/lab/course/unitree_go2_ros2_jazzy1/unitree_go2_ros2_jazzy/unitree_guide2/include/FSM/FSM.h:47:9: warning: deleting object of polymorphic class type ‘State_FreeStand’ which has non-virtual destructor might cause undefined behavior [-Wdelete-non-virtual-dtor]
[1.977s]    47 |         delete freeStand;
[1.977s]       |         ^~~~~~~~~~~~~~~~
[1.977s] /home/kan/lab/course/unitree_go2_ros2_jazzy1/unitree_go2_ros2_jazzy/unitree_guide2/include/FSM/FSM.h:48:9: warning: deleting object of polymorphic class type ‘State_Trotting’ which has non-virtual destructor might cause undefined behavior [-Wdelete-non-virtual-dtor]
[1.977s]    48 |         delete trotting;
[1.978s]       |         ^~~~~~~~~~~~~~~
[1.978s] /home/kan/lab/course/unitree_go2_ros2_jazzy1/unitree_go2_ros2_jazzy/unitree_guide2/include/FSM/FSM.h:49:9: warning: deleting object of polymorphic class type ‘State_BalanceTest’ which has non-virtual destructor might cause undefined behavior [-Wdelete-non-virtual-dtor]
[1.978s]    49 |         delete balanceTest;
[1.978s]       |         ^~~~~~~~~~~~~~~~~~
[1.978s] /home/kan/lab/course/unitree_go2_ros2_jazzy1/unitree_go2_ros2_jazzy/unitree_guide2/include/FSM/FSM.h:50:9: warning: deleting object of polymorphic class type ‘State_SwingTest’ which has non-virtual destructor might cause undefined behavior [-Wdelete-non-virtual-dtor]
[1.978s]    50 |         delete swingTest;
[1.978s]       |         ^~~~~~~~~~~~~~~~
[1.978s] /home/kan/lab/course/unitree_go2_ros2_jazzy1/unitree_go2_ros2_jazzy/unitree_guide2/include/FSM/FSM.h:51:9: warning: deleting object of polymorphic class type ‘State_StepTest’ which has non-virtual destructor might cause undefined behavior [-Wdelete-non-virtual-dtor]
[1.978s]    51 |         delete stepTest;
[1.978s]       |         ^~~~~~~~~~~~~~~
[1.978s] /home/kan/lab/course/unitree_go2_ros2_jazzy1/unitree_go2_ros2_jazzy/unitree_guide2/include/FSM/FSM.h:56:9: warning: deleting object of polymorphic class type ‘State_move_base’ which has non-virtual destructor might cause undefined behavior [-Wdelete-non-virtual-dtor]
[1.978s]    56 |         delete moveBase;
[1.978s]       |         ^~~~~~~~~~~~~~~
[1.978s] /home/kan/lab/course/unitree_go2_ros2_jazzy1/unitree_go2_ros2_jazzy/unitree_guide2/src/main.cpp: In function ‘void ShutDown(int)’:
[1.979s] /home/kan/lab/course/unitree_go2_ros2_jazzy1/unitree_go2_ros2_jazzy/unitree_guide2/src/main.cpp:31:19: warning: unused parameter ‘sig’ [-Wunused-parameter]
[1.979s]    31 | void ShutDown(int sig)
[1.979s]       |               ~~~~^~~
[1.979s] [ 33%] Building CXX object CMakeFiles/junior_ctrl.dir/src/Gait/FeetEndCal.cpp.o
[1.979s] [ 37%] Building CXX object CMakeFiles/junior_ctrl.dir/src/Gait/WaveGenerator.cpp.o
[1.979s] [ 40%] Building CXX object CMakeFiles/junior_ctrl.dir/src/Gait/GaitGenerator.cpp.o
[1.979s] [ 44%] Building CXX object CMakeFiles/junior_ctrl.dir/src/common/LowPassFilter.cpp.o
[1.979s] [ 48%] Building CXX object CMakeFiles/junior_ctrl.dir/src/FSM/State_SwingTest.cpp.o
[1.979s] [ 51%] Building CXX object CMakeFiles/junior_ctrl.dir/src/FSM/State_move_base.cpp.o
[1.979s] [ 55%] Building CXX object CMakeFiles/junior_ctrl.dir/src/FSM/State_Trotting.cpp.o
[1.979s] [ 59%] Building CXX object CMakeFiles/junior_ctrl.dir/src/common/unitreeLeg.cpp.o
[1.980s] In file included from /home/kan/lab/course/unitree_go2_ros2_jazzy1/unitree_go2_ros2_jazzy/unitree_guide2/include/message/LowlevelCmd.h:8,
[1.980s]                  from /home/kan/lab/course/unitree_go2_ros2_jazzy1/unitree_go2_ros2_jazzy/unitree_guide2/include/control/CtrlComponents.h:7,
[1.980s]                  from /home/kan/lab/course/unitree_go2_ros2_jazzy1/unitree_go2_ros2_jazzy/unitree_guide2/include/Gait/FeetEndCal.h:7,
[1.980s]                  from /home/kan/lab/course/unitree_go2_ros2_jazzy1/unitree_go2_ros2_jazzy/unitree_guide2/src/Gait/FeetEndCal.cpp:4:
[1.980s] /home/kan/lab/course/unitree_go2_ros2_jazzy1/unitree_go2_ros2_jazzy/unitree_guide2/include/common/mathTools.h: In constructor ‘AvgCov::AvgCov(unsigned int, std::string, bool, unsigned int, unsigned int, double)’:
[1.980s] /home/kan/lab/course/unitree_go2_ros2_jazzy1/unitree_go2_ros2_jazzy/unitree_guide2/include/common/mathTools.h:278:17: warning: ‘AvgCov::_valueName’ will be initialized after [-Wreorder]
[1.980s]   278 |     std::string _valueName;
[1.980s]       |                 ^~~~~~~~~~
[1.981s] /home/kan/lab/course/unitree_go2_ros2_jazzy1/unitree_go2_ros2_jazzy/unitree_guide2/include/common/mathTools.h:272:10: warning:   ‘bool AvgCov::_avgOnly’ [-Wreorder]
[1.981s]   272 |     bool _avgOnly;
[1.981s]       |          ^~~~~~~~
[1.981s] In file included from /home/kan/lab/course/unitree_go2_ros2_jazzy1/unitree_go2_ros2_jazzy/unitree_guide2/include/message/LowlevelCmd.h:8,
[1.981s]                  from /home/kan/lab/course/unitree_go2_ros2_jazzy1/unitree_go2_ros2_jazzy/unitree_guide2/include/control/CtrlComponents.h:7,
[1.981s]                  from /home/kan/lab/course/unitree_go2_ros2_jazzy1/unitree_go2_ros2_jazzy/unitree_guide2/include/Gait/FeetEndCal.h:7,
[1.981s]                  from /home/kan/lab/course/unitree_go2_ros2_jazzy1/unitree_go2_ros2_jazzy/unitree_guide2/src/Gait/FeetEndCal.cpp:4:
[1.981s] /home/kan/lab/course/unitree_go2_ros2_jazzy1/unitree_go2_ros2_jazzy/unitree_guide2/include/common/mathTools.h:246:5: warning:   when initialized here [-Wreorder]
[1.981s]   246 |     AvgCov(unsigned int size, std::string name, bool avgOnly=false, unsigned int showPeriod=1000, unsigned int waitCount=5000, double zoomFactor=10000)
[1.981s]       |     ^~~~~~
[1.981s] In file included from /home/kan/lab/course/unitree_go2_ros2_jazzy1/unitree_go2_ros2_jazzy/unitree_guide2/include/message/LowlevelState.h:10,
[1.981s]                  from /home/kan/lab/course/unitree_go2_ros2_jazzy1/unitree_go2_ros2_jazzy/unitree_guide2/include/control/CtrlComponents.h:8,
[1.981s]                  from /home/kan/lab/course/unitree_go2_ros2_jazzy1/unitree_go2_ros2_jazzy/unitree_guide2/include/Gait/FeetEndCal.h:7,
[1.981s]                  from /home/kan/lab/course/unitree_go2_ros2_jazzy1/unitree_go2_ros2_jazzy/unitree_guide2/src/Gait/FeetEndCal.cpp:4:
[1.981s] /home/kan/lab/course/unitree_go2_ros2_jazzy1/unitree_go2_ros2_jazzy/unitree_guide2/include/interface/CmdPanel.h: In member function ‘virtual void* CmdPanel::run(void*)’:
[1.982s] /home/kan/lab/course/unitree_go2_ros2_jazzy1/unitree_go2_ros2_jazzy/unitree_guide2/include/interface/CmdPanel.h:50:29: warning: unused parameter ‘arg’ [-Wunused-parameter]
[1.982s]    50 |     virtual void* run(void *arg){return NULL;}
[1.982s]       |                       ~~~~~~^~~
[1.982s] In file included from /home/kan/lab/course/unitree_go2_ros2_jazzy1/unitree_go2_ros2_jazzy/unitree_guide2/include/Gait/FeetEndCal.h:7,
[1.982s]                  from /home/kan/lab/course/unitree_go2_ros2_jazzy1/unitree_go2_ros2_jazzy/unitree_guide2/src/Gait/FeetEndCal.cpp:4:
[1.982s] /home/kan/lab/course/unitree_go2_ros2_jazzy1/unitree_go2_ros2_jazzy/unitree_guide2/include/control/CtrlComponents.h: In destructor ‘CtrlComponents::~CtrlComponents()’:
[1.982s] /home/kan/lab/course/unitree_go2_ros2_jazzy1/unitree_go2_ros2_jazzy/unitree_guide2/include/control/CtrlComponents.h:35:9: warning: deleting object of abstract class type ‘IOInterface’ which has non-virtual destructor will cause undefined behavior [-Wdelete-non-virtual-dtor]
[1.982s]    35 |         delete ioInter;
[1.982s]       |         ^~~~~~~~~~~~~~
[1.982s] In file included from /home/kan/lab/course/unitree_go2_ros2_jazzy1/unitree_go2_ros2_jazzy/unitree_guide2/src/Gait/FeetEndCal.cpp:4:
[1.982s] /home/kan/lab/course/unitree_go2_ros2_jazzy1/unitree_go2_ros2_jazzy/unitree_guide2/include/Gait/FeetEndCal.h: In constructor ‘FeetEndCal::FeetEndCal(CtrlComponents*)’:
[1.982s] /home/kan/lab/course/unitree_go2_ros2_jazzy1/unitree_go2_ros2_jazzy/unitree_guide2/include/Gait/FeetEndCal.h:17:16: warning: ‘FeetEndCal::_est’ will be initialized after [-Wreorder]
[1.982s]    17 |     Estimator *_est;
[1.982s]       |                ^~~~
[1.982s] /home/kan/lab/course/unitree_go2_ros2_jazzy1/unitree_go2_ros2_jazzy/unitree_guide2/include/Gait/FeetEndCal.h:16:20: warning:   ‘LowlevelState* FeetEndCal::_lowState’ [-Wreorder]
[1.983s]    16 |     LowlevelState *_lowState;
[1.983s]       |                    ^~~~~~~~~
[1.983s] /home/kan/lab/course/unitree_go2_ros2_jazzy1/unitree_go2_ros2_jazzy/unitree_guide2/src/Gait/FeetEndCal.cpp:6:1: warning:   when initialized here [-Wreorder]
[1.983s]     6 | FeetEndCal::FeetEndCal(CtrlComponents *ctrlComp)
[1.983s]       | ^~~~~~~~~~
[1.983s] [ 62%] Building CXX object CMakeFiles/junior_ctrl.dir/src/common/unitreeRobot.cpp.o
[1.984s] In file included from /home/kan/lab/course/unitree_go2_ros2_jazzy1/unitree_go2_ros2_jazzy/unitree_guide2/include/message/LowlevelCmd.h:8,
[1.986s]                  from /home/kan/lab/course/unitree_go2_ros2_jazzy1/unitree_go2_ros2_jazzy/unitree_guide2/include/control/CtrlComponents.h:7,
[1.986s]                  from /home/kan/lab/course/unitree_go2_ros2_jazzy1/unitree_go2_ros2_jazzy/unitree_guide2/include/FSM/FSMState.h:10,
[1.986s]                  from /home/kan/lab/course/unitree_go2_ros2_jazzy1/unitree_go2_ros2_jazzy/unitree_guide2/include/FSM/State_Trotting.h:7,
[1.986s]                  from /home/kan/lab/course/unitree_go2_ros2_jazzy1/unitree_go2_ros2_jazzy/unitree_guide2/include/FSM/State_move_base.h:37,
[1.986s]                  from /home/kan/lab/course/unitree_go2_ros2_jazzy1/unitree_go2_ros2_jazzy/unitree_guide2/src/FSM/State_move_base.cpp:59:
[1.987s] /home/kan/lab/course/unitree_go2_ros2_jazzy1/unitree_go2_ros2_jazzy/unitree_guide2/include/common/mathTools.h: In constructor ‘AvgCov::AvgCov(unsigned int, std::string, bool, unsigned int, unsigned int, double)’:
[1.987s] /home/kan/lab/course/unitree_go2_ros2_jazzy1/unitree_go2_ros2_jazzy/unitree_guide2/include/common/mathTools.h:278:17: warning: ‘AvgCov::_valueName’ will be initialized after [-Wreorder]
[1.987s]   278 |     std::string _valueName;
[1.987s]       |                 ^~~~~~~~~~
[1.987s] /home/kan/lab/course/unitree_go2_ros2_jazzy1/unitree_go2_ros2_jazzy/unitree_guide2/include/common/mathTools.h:272:10: warning:   ‘bool AvgCov::_avgOnly’ [-Wreorder]
[1.987s]   272 |     bool _avgOnly;
[1.987s]       |          ^~~~~~~~
[1.987s] In file included from /home/kan/lab/course/unitree_go2_ros2_jazzy1/unitree_go2_ros2_jazzy/unitree_guide2/include/message/LowlevelCmd.h:8,
[1.987s]                  from /home/kan/lab/course/unitree_go2_ros2_jazzy1/unitree_go2_ros2_jazzy/unitree_guide2/include/control/CtrlComponents.h:7,
[1.987s]                  from /home/kan/lab/course/unitree_go2_ros2_jazzy1/unitree_go2_ros2_jazzy/unitree_guide2/include/FSM/FSMState.h:10,
[1.987s]                  from /home/kan/lab/course/unitree_go2_ros2_jazzy1/unitree_go2_ros2_jazzy/unitree_guide2/include/FSM/State_Trotting.h:7,
[1.987s]                  from /home/kan/lab/course/unitree_go2_ros2_jazzy1/unitree_go2_ros2_jazzy/unitree_guide2/include/FSM/State_move_base.h:37,
[1.987s]                  from /home/kan/lab/course/unitree_go2_ros2_jazzy1/unitree_go2_ros2_jazzy/unitree_guide2/src/FSM/State_move_base.cpp:59:
[1.987s] /home/kan/lab/course/unitree_go2_ros2_jazzy1/unitree_go2_ros2_jazzy/unitree_guide2/include/common/mathTools.h:246:5: warning:   when initialized here [-Wreorder]
[1.987s]   246 |     AvgCov(unsigned int size, std::string name, bool avgOnly=false, unsigned int showPeriod=1000, unsigned int waitCount=5000, double zoomFactor=10000)
[1.988s]       |     ^~~~~~
[1.988s] In file included from /home/kan/lab/course/unitree_go2_ros2_jazzy1/unitree_go2_ros2_jazzy/unitree_guide2/include/message/LowlevelState.h:10,
[1.988s]                  from /home/kan/lab/course/unitree_go2_ros2_jazzy1/unitree_go2_ros2_jazzy/unitree_guide2/include/control/CtrlComponents.h:8,
[1.988s]                  from /home/kan/lab/course/unitree_go2_ros2_jazzy1/unitree_go2_ros2_jazzy/unitree_guide2/include/FSM/FSMState.h:10,
[1.988s]                  from /home/kan/lab/course/unitree_go2_ros2_jazzy1/unitree_go2_ros2_jazzy/unitree_guide2/include/FSM/State_Trotting.h:7,
[1.988s]                  from /home/kan/lab/course/unitree_go2_ros2_jazzy1/unitree_go2_ros2_jazzy/unitree_guide2/include/FSM/State_move_base.h:37,
[1.988s]                  from /home/kan/lab/course/unitree_go2_ros2_jazzy1/unitree_go2_ros2_jazzy/unitree_guide2/src/FSM/State_move_base.cpp:59:
[1.988s] /home/kan/lab/course/unitree_go2_ros2_jazzy1/unitree_go2_ros2_jazzy/unitree_guide2/include/interface/CmdPanel.h: In member function ‘virtual void* CmdPanel::run(void*)’:
[1.988s] /home/kan/lab/course/unitree_go2_ros2_jazzy1/unitree_go2_ros2_jazzy/unitree_guide2/include/interface/CmdPanel.h:50:29: warning: unused parameter ‘arg’ [-Wunused-parameter]
[1.988s]    50 |     virtual void* run(void *arg){return NULL;}
[1.988s]       |                       ~~~~~~^~~
[1.988s] In file included from /home/kan/lab/course/unitree_go2_ros2_jazzy1/unitree_go2_ros2_jazzy/unitree_guide2/include/FSM/FSMState.h:10,
[1.988s]                  from /home/kan/lab/course/unitree_go2_ros2_jazzy1/unitree_go2_ros2_jazzy/unitree_guide2/include/FSM/State_Trotting.h:7,
[1.988s]                  from /home/kan/lab/course/unitree_go2_ros2_jazzy1/unitree_go2_ros2_jazzy/unitree_guide2/include/FSM/State_move_base.h:37,
[1.988s]                  from /home/kan/lab/course/unitree_go2_ros2_jazzy1/unitree_go2_ros2_jazzy/unitree_guide2/src/FSM/State_move_base.cpp:59:
[1.989s] /home/kan/lab/course/unitree_go2_ros2_jazzy1/unitree_go2_ros2_jazzy/unitree_guide2/include/control/CtrlComponents.h: In destructor ‘CtrlComponents::~CtrlComponents()’:
[1.989s] /home/kan/lab/course/unitree_go2_ros2_jazzy1/unitree_go2_ros2_jazzy/unitree_guide2/include/control/CtrlComponents.h:35:9: warning: deleting object of abstract class type ‘IOInterface’ which has non-virtual destructor will cause undefined behavior [-Wdelete-non-virtual-dtor]
[1.989s]    35 |         delete ioInter;
[1.989s]       |         ^~~~~~~~~~~~~~
[1.989s] In file included from /home/kan/lab/course/unitree_go2_ros2_jazzy1/unitree_go2_ros2_jazzy/unitree_guide2/include/message/LowlevelCmd.h:8,
[1.989s]                  from /home/kan/lab/course/unitree_go2_ros2_jazzy1/unitree_go2_ros2_jazzy/unitree_guide2/include/control/CtrlComponents.h:7,
[1.989s]                  from /home/kan/lab/course/unitree_go2_ros2_jazzy1/unitree_go2_ros2_jazzy/unitree_guide2/include/FSM/FSMState.h:10,
[1.989s]                  from /home/kan/lab/course/unitree_go2_ros2_jazzy1/unitree_go2_ros2_jazzy/unitree_guide2/include/FSM/State_SwingTest.h:7,
[1.990s]                  from /home/kan/lab/course/unitree_go2_ros2_jazzy1/unitree_go2_ros2_jazzy/unitree_guide2/src/FSM/State_SwingTest.cpp:4:
[1.990s] /home/kan/lab/course/unitree_go2_ros2_jazzy1/unitree_go2_ros2_jazzy/unitree_guide2/include/common/mathTools.h: In constructor ‘AvgCov::AvgCov(unsigned int, std::string, bool, unsigned int, unsigned int, double)’:
[1.990s] /home/kan/lab/course/unitree_go2_ros2_jazzy1/unitree_go2_ros2_jazzy/unitree_guide2/include/common/mathTools.h:278:17: warning: ‘AvgCov::_valueName’ will be initialized after [-Wreorder]
[1.990s]   278 |     std::string _valueName;
[1.990s]       |                 ^~~~~~~~~~
[1.990s] /home/kan/lab/course/unitree_go2_ros2_jazzy1/unitree_go2_ros2_jazzy/unitree_guide2/include/common/mathTools.h:272:10: warning:   ‘bool AvgCov::_avgOnly’ [-Wreorder]
[1.990s]   272 |     bool _avgOnly;
[1.990s]       |          ^~~~~~~~
[1.990s] In file included from /home/kan/lab/course/unitree_go2_ros2_jazzy1/unitree_go2_ros2_jazzy/unitree_guide2/include/message/LowlevelCmd.h:8,
[1.990s]                  from /home/kan/lab/course/unitree_go2_ros2_jazzy1/unitree_go2_ros2_jazzy/unitree_guide2/include/control/CtrlComponents.h:7,
[1.990s]                  from /home/kan/lab/course/unitree_go2_ros2_jazzy1/unitree_go2_ros2_jazzy/unitree_guide2/include/FSM/FSMState.h:10,
[1.990s]                  from /home/kan/lab/course/unitree_go2_ros2_jazzy1/unitree_go2_ros2_jazzy/unitree_guide2/include/FSM/State_SwingTest.h:7,
[1.990s]                  from /home/kan/lab/course/unitree_go2_ros2_jazzy1/unitree_go2_ros2_jazzy/unitree_guide2/src/FSM/State_SwingTest.cpp:4:
[1.990s] /home/kan/lab/course/unitree_go2_ros2_jazzy1/unitree_go2_ros2_jazzy/unitree_guide2/include/common/mathTools.h:246:5: warning:   when initialized here [-Wreorder]
[1.990s]   246 |     AvgCov(unsigned int size, std::string name, bool avgOnly=false, unsigned int showPeriod=1000, unsigned int waitCount=5000, double zoomFactor=10000)
[1.991s]       |     ^~~~~~
[1.991s] In file included from /home/kan/lab/course/unitree_go2_ros2_jazzy1/unitree_go2_ros2_jazzy/unitree_guide2/include/message/LowlevelState.h:10,
[1.991s]                  from /home/kan/lab/course/unitree_go2_ros2_jazzy1/unitree_go2_ros2_jazzy/unitree_guide2/include/control/CtrlComponents.h:8,
[1.991s]                  from /home/kan/lab/course/unitree_go2_ros2_jazzy1/unitree_go2_ros2_jazzy/unitree_guide2/include/FSM/FSMState.h:10,
[1.991s]                  from /home/kan/lab/course/unitree_go2_ros2_jazzy1/unitree_go2_ros2_jazzy/unitree_guide2/include/FSM/State_SwingTest.h:7,
[1.991s]                  from /home/kan/lab/course/unitree_go2_ros2_jazzy1/unitree_go2_ros2_jazzy/unitree_guide2/src/FSM/State_SwingTest.cpp:4:
[1.991s] /home/kan/lab/course/unitree_go2_ros2_jazzy1/unitree_go2_ros2_jazzy/unitree_guide2/include/interface/CmdPanel.h: In member function ‘virtual void* CmdPanel::run(void*)’:
[1.991s] /home/kan/lab/course/unitree_go2_ros2_jazzy1/unitree_go2_ros2_jazzy/unitree_guide2/include/interface/CmdPanel.h:50:29: warning: unused parameter ‘arg’ [-Wunused-parameter]
[1.991s]    50 |     virtual void* run(void *arg){return NULL;}
[1.992s]       |                       ~~~~~~^~~
[1.992s] In file included from /home/kan/lab/course/unitree_go2_ros2_jazzy1/unitree_go2_ros2_jazzy/unitree_guide2/include/FSM/FSMState.h:10,
[1.992s]                  from /home/kan/lab/course/unitree_go2_ros2_jazzy1/unitree_go2_ros2_jazzy/unitree_guide2/include/FSM/State_SwingTest.h:7,
[1.992s]                  from /home/kan/lab/course/unitree_go2_ros2_jazzy1/unitree_go2_ros2_jazzy/unitree_guide2/src/FSM/State_SwingTest.cpp:4:
[1.992s] /home/kan/lab/course/unitree_go2_ros2_jazzy1/unitree_go2_ros2_jazzy/unitree_guide2/include/control/CtrlComponents.h: In destructor ‘CtrlComponents::~CtrlComponents()’:
[1.992s] /home/kan/lab/course/unitree_go2_ros2_jazzy1/unitree_go2_ros2_jazzy/unitree_guide2/include/control/CtrlComponents.h:35:9: warning: deleting object of abstract class type ‘IOInterface’ which has non-virtual destructor will cause undefined behavior [-Wdelete-non-virtual-dtor]
[1.992s]    35 |         delete ioInter;
[1.992s]       |         ^~~~~~~~~~~~~~
[1.992s] In file included from /home/kan/lab/course/unitree_go2_ros2_jazzy1/unitree_go2_ros2_jazzy/unitree_guide2/include/message/LowlevelCmd.h:8,
[1.992s]                  from /home/kan/lab/course/unitree_go2_ros2_jazzy1/unitree_go2_ros2_jazzy/unitree_guide2/include/control/CtrlComponents.h:7,
[1.992s]                  from /home/kan/lab/course/unitree_go2_ros2_jazzy1/unitree_go2_ros2_jazzy/unitree_guide2/include/FSM/FSMState.h:10,
[1.992s]                  from /home/kan/lab/course/unitree_go2_ros2_jazzy1/unitree_go2_ros2_jazzy/unitree_guide2/include/FSM/State_Trotting.h:7,
[1.992s]                  from /home/kan/lab/course/unitree_go2_ros2_jazzy1/unitree_go2_ros2_jazzy/unitree_guide2/src/FSM/State_Trotting.cpp:4:
[1.992s] /home/kan/lab/course/unitree_go2_ros2_jazzy1/unitree_go2_ros2_jazzy/unitree_guide2/include/common/mathTools.h: In constructor ‘AvgCov::AvgCov(unsigned int, std::string, bool, unsigned int, unsigned int, double)’:
[1.993s] /home/kan/lab/course/unitree_go2_ros2_jazzy1/unitree_go2_ros2_jazzy/unitree_guide2/include/common/mathTools.h:278:17: warning: ‘AvgCov::_valueName’ will be initialized after [-Wreorder]
[1.993s]   278 |     std::string _valueName;
[1.993s]       |                 ^~~~~~~~~~
[1.993s] /home/kan/lab/course/unitree_go2_ros2_jazzy1/unitree_go2_ros2_jazzy/unitree_guide2/include/common/mathTools.h:272:10: warning:   ‘bool AvgCov::_avgOnly’ [-Wreorder]
[1.993s]   272 |     bool _avgOnly;
[1.993s]       |          ^~~~~~~~
[1.993s] In file included from /home/kan/lab/course/unitree_go2_ros2_jazzy1/unitree_go2_ros2_jazzy/unitree_guide2/include/message/LowlevelCmd.h:8,
[1.993s]                  from /home/kan/lab/course/unitree_go2_ros2_jazzy1/unitree_go2_ros2_jazzy/unitree_guide2/include/control/CtrlComponents.h:7,
[1.993s]                  from /home/kan/lab/course/unitree_go2_ros2_jazzy1/unitree_go2_ros2_jazzy/unitree_guide2/include/FSM/FSMState.h:10,
[1.993s]                  from /home/kan/lab/course/unitree_go2_ros2_jazzy1/unitree_go2_ros2_jazzy/unitree_guide2/include/FSM/State_Trotting.h:7,
[1.993s]                  from /home/kan/lab/course/unitree_go2_ros2_jazzy1/unitree_go2_ros2_jazzy/unitree_guide2/src/FSM/State_Trotting.cpp:4:
[1.994s] /home/kan/lab/course/unitree_go2_ros2_jazzy1/unitree_go2_ros2_jazzy/unitree_guide2/include/common/mathTools.h:246:5: warning:   when initialized here [-Wreorder]
[1.994s]   246 |     AvgCov(unsigned int size, std::string name, bool avgOnly=false, unsigned int showPeriod=1000, unsigned int waitCount=5000, double zoomFactor=10000)
[1.994s]       |     ^~~~~~
[1.994s] In file included from /home/kan/lab/course/unitree_go2_ros2_jazzy1/unitree_go2_ros2_jazzy/unitree_guide2/include/message/LowlevelState.h:10,
[1.994s]                  from /home/kan/lab/course/unitree_go2_ros2_jazzy1/unitree_go2_ros2_jazzy/unitree_guide2/include/control/CtrlComponents.h:8,
[1.994s]                  from /home/kan/lab/course/unitree_go2_ros2_jazzy1/unitree_go2_ros2_jazzy/unitree_guide2/include/FSM/FSMState.h:10,
[1.994s]                  from /home/kan/lab/course/unitree_go2_ros2_jazzy1/unitree_go2_ros2_jazzy/unitree_guide2/include/FSM/State_Trotting.h:7,
[1.994s]                  from /home/kan/lab/course/unitree_go2_ros2_jazzy1/unitree_go2_ros2_jazzy/unitree_guide2/src/FSM/State_Trotting.cpp:4:
[1.994s] /home/kan/lab/course/unitree_go2_ros2_jazzy1/unitree_go2_ros2_jazzy/unitree_guide2/include/interface/CmdPanel.h: In member function ‘virtual void* CmdPanel::run(void*)’:
[1.995s] /home/kan/lab/course/unitree_go2_ros2_jazzy1/unitree_go2_ros2_jazzy/unitree_guide2/include/interface/CmdPanel.h:50:29: warning: unused parameter ‘arg’ [-Wunused-parameter]
[1.995s]    50 |     virtual void* run(void *arg){return NULL;}
[1.995s]       |                       ~~~~~~^~~
[1.995s] In file included from /home/kan/lab/course/unitree_go2_ros2_jazzy1/unitree_go2_ros2_jazzy/unitree_guide2/include/FSM/FSMState.h:10,
[1.995s]                  from /home/kan/lab/course/unitree_go2_ros2_jazzy1/unitree_go2_ros2_jazzy/unitree_guide2/include/FSM/State_Trotting.h:7,
[1.995s]                  from /home/kan/lab/course/unitree_go2_ros2_jazzy1/unitree_go2_ros2_jazzy/unitree_guide2/src/FSM/State_Trotting.cpp:4:
[1.995s] /home/kan/lab/course/unitree_go2_ros2_jazzy1/unitree_go2_ros2_jazzy/unitree_guide2/include/control/CtrlComponents.h: In destructor ‘CtrlComponents::~CtrlComponents()’:
[1.995s] /home/kan/lab/course/unitree_go2_ros2_jazzy1/unitree_go2_ros2_jazzy/unitree_guide2/include/control/CtrlComponents.h:35:9: warning: deleting object of abstract class type ‘IOInterface’ which has non-virtual destructor will cause undefined behavior [-Wdelete-non-virtual-dtor]
[1.995s]    35 |         delete ioInter;
[1.995s]       |         ^~~~~~~~~~~~~~
[1.995s] In file included from /home/kan/lab/course/unitree_go2_ros2_jazzy1/unitree_go2_ros2_jazzy/unitree_guide2/src/FSM/State_Trotting.cpp:4:
[1.995s] /home/kan/lab/course/unitree_go2_ros2_jazzy1/unitree_go2_ros2_jazzy/unitree_guide2/include/FSM/State_Trotting.h: In constructor ‘State_Trotting::State_Trotting(CtrlComponents*)’:
[1.995s] /home/kan/lab/course/unitree_go2_ros2_jazzy1/unitree_go2_ros2_jazzy/unitree_guide2/include/FSM/State_Trotting.h:63:14: warning: ‘State_Trotting::_contact’ will be initialized after [-Wreorder]
[1.995s]    63 |     VecInt4 *_contact;
[1.996s]       |              ^~~~~~~~
[1.996s] /home/kan/lab/course/unitree_go2_ros2_jazzy1/unitree_go2_ros2_jazzy/unitree_guide2/include/FSM/State_Trotting.h:30:21: warning:   ‘QuadrupedRobot* State_Trotting::_robModel’ [-Wreorder]
[1.996s]    30 |     QuadrupedRobot *_robModel;
[1.996s]       |                     ^~~~~~~~~
[1.996s] /home/kan/lab/course/unitree_go2_ros2_jazzy1/unitree_go2_ros2_jazzy/unitree_guide2/src/FSM/State_Trotting.cpp:7:1: warning:   when initialized here [-Wreorder]
[1.996s]     7 | State_Trotting::State_Trotting(CtrlComponents *ctrlComp)
[1.996s]       | ^~~~~~~~~~~~~~
[1.996s] [ 66%] Building CXX object CMakeFiles/junior_ctrl.dir/src/control/BalanceCtrl.cpp.o
[1.996s] [ 70%] Building CXX object CMakeFiles/junior_ctrl.dir/src/control/ControlFrame.cpp.o
[1.996s] In file included from /home/kan/lab/course/unitree_go2_ros2_jazzy1/unitree_go2_ros2_jazzy/unitree_guide2/include/message/LowlevelCmd.h:8,
[1.996s]                  from /home/kan/lab/course/unitree_go2_ros2_jazzy1/unitree_go2_ros2_jazzy/unitree_guide2/include/control/CtrlComponents.h:7,
[1.996s]                  from /home/kan/lab/course/unitree_go2_ros2_jazzy1/unitree_go2_ros2_jazzy/unitree_guide2/include/Gait/FeetEndCal.h:7,
[1.996s]                  from /home/kan/lab/course/unitree_go2_ros2_jazzy1/unitree_go2_ros2_jazzy/unitree_guide2/include/Gait/GaitGenerator.h:8,
[1.996s]                  from /home/kan/lab/course/unitree_go2_ros2_jazzy1/unitree_go2_ros2_jazzy/unitree_guide2/src/Gait/GaitGenerator.cpp:4:
[1.997s] /home/kan/lab/course/unitree_go2_ros2_jazzy1/unitree_go2_ros2_jazzy/unitree_guide2/include/common/mathTools.h: In constructor ‘AvgCov::AvgCov(unsigned int, std::string, bool, unsigned int, unsigned int, double)’:
[1.997s] /home/kan/lab/course/unitree_go2_ros2_jazzy1/unitree_go2_ros2_jazzy/unitree_guide2/include/common/mathTools.h:278:17: warning: ‘AvgCov::_valueName’ will be initialized after [-Wreorder]
[1.997s]   278 |     std::string _valueName;
[1.997s]       |                 ^~~~~~~~~~
[1.997s] /home/kan/lab/course/unitree_go2_ros2_jazzy1/unitree_go2_ros2_jazzy/unitree_guide2/include/common/mathTools.h:272:10: warning:   ‘bool AvgCov::_avgOnly’ [-Wreorder]
[1.997s]   272 |     bool _avgOnly;
[1.997s]       |          ^~~~~~~~
[1.997s] In file included from /home/kan/lab/course/unitree_go2_ros2_jazzy1/unitree_go2_ros2_jazzy/unitree_guide2/include/message/LowlevelCmd.h:8,
[1.997s]                  from /home/kan/lab/course/unitree_go2_ros2_jazzy1/unitree_go2_ros2_jazzy/unitree_guide2/include/control/CtrlComponents.h:7,
[1.997s]                  from /home/kan/lab/course/unitree_go2_ros2_jazzy1/unitree_go2_ros2_jazzy/unitree_guide2/include/Gait/FeetEndCal.h:7,
[1.997s]                  from /home/kan/lab/course/unitree_go2_ros2_jazzy1/unitree_go2_ros2_jazzy/unitree_guide2/include/Gait/GaitGenerator.h:8,
[1.997s]                  from /home/kan/lab/course/unitree_go2_ros2_jazzy1/unitree_go2_ros2_jazzy/unitree_guide2/src/Gait/GaitGenerator.cpp:4:
[1.997s] /home/kan/lab/course/unitree_go2_ros2_jazzy1/unitree_go2_ros2_jazzy/unitree_guide2/include/common/mathTools.h:246:5: warning:   when initialized here [-Wreorder]
[1.997s]   246 |     AvgCov(unsigned int size, std::string name, bool avgOnly=false, unsigned int showPeriod=1000, unsigned int waitCount=5000, double zoomFactor=10000)
[1.998s]       |     ^~~~~~
[1.998s] In file included from /home/kan/lab/course/unitree_go2_ros2_jazzy1/unitree_go2_ros2_jazzy/unitree_guide2/include/message/LowlevelState.h:10,
[1.998s]                  from /home/kan/lab/course/unitree_go2_ros2_jazzy1/unitree_go2_ros2_jazzy/unitree_guide2/include/control/CtrlComponents.h:8,
[1.998s]                  from /home/kan/lab/course/unitree_go2_ros2_jazzy1/unitree_go2_ros2_jazzy/unitree_guide2/include/Gait/FeetEndCal.h:7,
[1.998s]                  from /home/kan/lab/course/unitree_go2_ros2_jazzy1/unitree_go2_ros2_jazzy/unitree_guide2/include/Gait/GaitGenerator.h:8,
[1.998s]                  from /home/kan/lab/course/unitree_go2_ros2_jazzy1/unitree_go2_ros2_jazzy/unitree_guide2/src/Gait/GaitGenerator.cpp:4:
[1.998s] /home/kan/lab/course/unitree_go2_ros2_jazzy1/unitree_go2_ros2_jazzy/unitree_guide2/include/interface/CmdPanel.h: In member function ‘virtual void* CmdPanel::run(void*)’:
[1.998s] /home/kan/lab/course/unitree_go2_ros2_jazzy1/unitree_go2_ros2_jazzy/unitree_guide2/include/interface/CmdPanel.h:50:29: warning: unused parameter ‘arg’ [-Wunused-parameter]
[1.998s]    50 |     virtual void* run(void *arg){return NULL;}
[1.998s]       |                       ~~~~~~^~~
[1.998s] In file included from /home/kan/lab/course/unitree_go2_ros2_jazzy1/unitree_go2_ros2_jazzy/unitree_guide2/include/Gait/FeetEndCal.h:7,
[1.998s]                  from /home/kan/lab/course/unitree_go2_ros2_jazzy1/unitree_go2_ros2_jazzy/unitree_guide2/include/Gait/GaitGenerator.h:8,
[1.998s]                  from /home/kan/lab/course/unitree_go2_ros2_jazzy1/unitree_go2_ros2_jazzy/unitree_guide2/src/Gait/GaitGenerator.cpp:4:
[1.998s] /home/kan/lab/course/unitree_go2_ros2_jazzy1/unitree_go2_ros2_jazzy/unitree_guide2/include/control/CtrlComponents.h: In destructor ‘CtrlComponents::~CtrlComponents()’:
[1.999s] /home/kan/lab/course/unitree_go2_ros2_jazzy1/unitree_go2_ros2_jazzy/unitree_guide2/include/control/CtrlComponents.h:35:9: warning: deleting object of abstract class type ‘IOInterface’ which has non-virtual destructor will cause undefined behavior [-Wdelete-non-virtual-dtor]
[1.999s]    35 |         delete ioInter;
[1.999s]       |         ^~~~~~~~~~~~~~
[1.999s] In file included from /home/kan/lab/course/unitree_go2_ros2_jazzy1/unitree_go2_ros2_jazzy/unitree_guide2/src/Gait/GaitGenerator.cpp:4:
[1.999s] /home/kan/lab/course/unitree_go2_ros2_jazzy1/unitree_go2_ros2_jazzy/unitree_guide2/include/Gait/GaitGenerator.h: In constructor ‘GaitGenerator::GaitGenerator(CtrlComponents*)’:
[1.999s] /home/kan/lab/course/unitree_go2_ros2_jazzy1/unitree_go2_ros2_jazzy/unitree_guide2/include/Gait/GaitGenerator.h:39:14: warning: ‘GaitGenerator::_contact’ will be initialized after [-Wreorder]
[1.999s]    39 |     VecInt4 *_contact;
[1.999s]       |              ^~~~~~~~
[1.999s] /home/kan/lab/course/unitree_go2_ros2_jazzy1/unitree_go2_ros2_jazzy/unitree_guide2/include/Gait/GaitGenerator.h:33:21: warning:   ‘QuadrupedRobot* GaitGenerator::_robModel’ [-Wreorder]
[1.999s]    33 |     QuadrupedRobot *_robModel;
[1.999s]       |                     ^~~~~~~~~
[1.999s] /home/kan/lab/course/unitree_go2_ros2_jazzy1/unitree_go2_ros2_jazzy/unitree_guide2/src/Gait/GaitGenerator.cpp:6:1: warning:   when initialized here [-Wreorder]
[1.999s]     6 | GaitGenerator::GaitGenerator(CtrlComponents *ctrlComp)
[1.999s]       | ^~~~~~~~~~~~~
[2.000s] [ 74%] Building CXX object CMakeFiles/junior_ctrl.dir/src/control/Estimator.cpp.o
[2.000s] [ 77%] Building CXX object CMakeFiles/junior_ctrl.dir/src/interface/IOROS.cpp.o
[2.000s] [ 81%] Building CXX object CMakeFiles/junior_ctrl.dir/src/interface/IOSDK.cpp.o
[2.000s] [ 85%] Building CXX object CMakeFiles/junior_ctrl.dir/src/interface/KeyBoard.cpp.o
[2.004s] In file included from /home/kan/lab/course/unitree_go2_ros2_jazzy1/unitree_go2_ros2_jazzy/unitree_guide2/include/message/LowlevelState.h:9,
[2.004s]                  from /home/kan/lab/course/unitree_go2_ros2_jazzy1/unitree_go2_ros2_jazzy/unitree_guide2/include/common/unitreeRobot.h:8,
[2.005s]                  from /home/kan/lab/course/unitree_go2_ros2_jazzy1/unitree_go2_ros2_jazzy/unitree_guide2/src/common/unitreeRobot.cpp:4:
[2.005s] /home/kan/lab/course/unitree_go2_ros2_jazzy1/unitree_go2_ros2_jazzy/unitree_guide2/include/common/mathTools.h: In constructor ‘AvgCov::AvgCov(unsigned int, std::string, bool, unsigned int, unsigned int, double)’:
[2.005s] /home/kan/lab/course/unitree_go2_ros2_jazzy1/unitree_go2_ros2_jazzy/unitree_guide2/include/common/mathTools.h:278:17: warning: ‘AvgCov::_valueName’ will be initialized after [-Wreorder]
[2.005s]   278 |     std::string _valueName;
[2.005s]       |                 ^~~~~~~~~~
[2.005s] /home/kan/lab/course/unitree_go2_ros2_jazzy1/unitree_go2_ros2_jazzy/unitree_guide2/include/common/mathTools.h:272:10: warning:   ‘bool AvgCov::_avgOnly’ [-Wreorder]
[2.005s]   272 |     bool _avgOnly;
[2.005s]       |          ^~~~~~~~
[2.005s] In file included from /home/kan/lab/course/unitree_go2_ros2_jazzy1/unitree_go2_ros2_jazzy/unitree_guide2/include/message/LowlevelState.h:9,
[2.005s]                  from /home/kan/lab/course/unitree_go2_ros2_jazzy1/unitree_go2_ros2_jazzy/unitree_guide2/include/common/unitreeRobot.h:8,
[2.005s]                  from /home/kan/lab/course/unitree_go2_ros2_jazzy1/unitree_go2_ros2_jazzy/unitree_guide2/src/common/unitreeRobot.cpp:4:
[2.006s] /home/kan/lab/course/unitree_go2_ros2_jazzy1/unitree_go2_ros2_jazzy/unitree_guide2/include/common/mathTools.h:246:5: warning:   when initialized here [-Wreorder]
[2.006s]   246 |     AvgCov(unsigned int size, std::string name, bool avgOnly=false, unsigned int showPeriod=1000, unsigned int waitCount=5000, double zoomFactor=10000)
[2.006s]       |     ^~~~~~
[2.006s] In file included from /home/kan/lab/course/unitree_go2_ros2_jazzy1/unitree_go2_ros2_jazzy/unitree_guide2/include/message/LowlevelState.h:10,
[2.006s]                  from /home/kan/lab/course/unitree_go2_ros2_jazzy1/unitree_go2_ros2_jazzy/unitree_guide2/include/common/unitreeRobot.h:8,
[2.006s]                  from /home/kan/lab/course/unitree_go2_ros2_jazzy1/unitree_go2_ros2_jazzy/unitree_guide2/src/common/unitreeRobot.cpp:4:
[2.006s] /home/kan/lab/course/unitree_go2_ros2_jazzy1/unitree_go2_ros2_jazzy/unitree_guide2/include/interface/CmdPanel.h: In member function ‘virtual void* CmdPanel::run(void*)’:
[2.006s] /home/kan/lab/course/unitree_go2_ros2_jazzy1/unitree_go2_ros2_jazzy/unitree_guide2/include/interface/CmdPanel.h:50:29: warning: unused parameter ‘arg’ [-Wunused-parameter]
[2.006s]    50 |     virtual void* run(void *arg){return NULL;}
[2.006s]       |                       ~~~~~~^~~
[2.006s] In file included from /home/kan/lab/course/unitree_go2_ros2_jazzy1/unitree_go2_ros2_jazzy/unitree_guide2/include/message/LowlevelState.h:9,
[2.006s]                  from /home/kan/lab/course/unitree_go2_ros2_jazzy1/unitree_go2_ros2_jazzy/unitree_guide2/include/common/unitreeRobot.h:8,
[2.006s]                  from /home/kan/lab/course/unitree_go2_ros2_jazzy1/unitree_go2_ros2_jazzy/unitree_guide2/include/control/BalanceCtrl.h:9,
[2.007s]                  from /home/kan/lab/course/unitree_go2_ros2_jazzy1/unitree_go2_ros2_jazzy/unitree_guide2/src/control/BalanceCtrl.cpp:4:
[2.007s] /home/kan/lab/course/unitree_go2_ros2_jazzy1/unitree_go2_ros2_jazzy/unitree_guide2/include/common/mathTools.h: In constructor ‘AvgCov::AvgCov(unsigned int, std::string, bool, unsigned int, unsigned int, double)’:
[2.007s] /home/kan/lab/course/unitree_go2_ros2_jazzy1/unitree_go2_ros2_jazzy/unitree_guide2/include/common/mathTools.h:278:17: warning: ‘AvgCov::_valueName’ will be initialized after [-Wreorder]
[2.007s]   278 |     std::string _valueName;
[2.007s]       |                 ^~~~~~~~~~
[2.007s] /home/kan/lab/course/unitree_go2_ros2_jazzy1/unitree_go2_ros2_jazzy/unitree_guide2/include/common/mathTools.h:272:10: warning:   ‘bool AvgCov::_avgOnly’ [-Wreorder]
[2.007s]   272 |     bool _avgOnly;
[2.007s]       |          ^~~~~~~~
[2.007s] In file included from /home/kan/lab/course/unitree_go2_ros2_jazzy1/unitree_go2_ros2_jazzy/unitree_guide2/include/message/LowlevelState.h:9,
[2.007s]                  from /home/kan/lab/course/unitree_go2_ros2_jazzy1/unitree_go2_ros2_jazzy/unitree_guide2/include/common/unitreeRobot.h:8,
[2.007s]                  from /home/kan/lab/course/unitree_go2_ros2_jazzy1/unitree_go2_ros2_jazzy/unitree_guide2/include/control/BalanceCtrl.h:9,
[2.008s]                  from /home/kan/lab/course/unitree_go2_ros2_jazzy1/unitree_go2_ros2_jazzy/unitree_guide2/src/control/BalanceCtrl.cpp:4:
[2.008s] /home/kan/lab/course/unitree_go2_ros2_jazzy1/unitree_go2_ros2_jazzy/unitree_guide2/include/common/mathTools.h:246:5: warning:   when initialized here [-Wreorder]
[2.008s]   246 |     AvgCov(unsigned int size, std::string name, bool avgOnly=false, unsigned int showPeriod=1000, unsigned int waitCount=5000, double zoomFactor=10000)
[2.008s]       |     ^~~~~~
[2.008s] In file included from /home/kan/lab/course/unitree_go2_ros2_jazzy1/unitree_go2_ros2_jazzy/unitree_guide2/include/message/LowlevelState.h:10,
[2.008s]                  from /home/kan/lab/course/unitree_go2_ros2_jazzy1/unitree_go2_ros2_jazzy/unitree_guide2/include/common/unitreeRobot.h:8,
[2.008s]                  from /home/kan/lab/course/unitree_go2_ros2_jazzy1/unitree_go2_ros2_jazzy/unitree_guide2/include/control/BalanceCtrl.h:9,
[2.008s]                  from /home/kan/lab/course/unitree_go2_ros2_jazzy1/unitree_go2_ros2_jazzy/unitree_guide2/src/control/BalanceCtrl.cpp:4:
[2.008s] /home/kan/lab/course/unitree_go2_ros2_jazzy1/unitree_go2_ros2_jazzy/unitree_guide2/include/interface/CmdPanel.h: In member function ‘virtual void* CmdPanel::run(void*)’:
[2.008s] /home/kan/lab/course/unitree_go2_ros2_jazzy1/unitree_go2_ros2_jazzy/unitree_guide2/include/interface/CmdPanel.h:50:29: warning: unused parameter ‘arg’ [-Wunused-parameter]
[2.008s]    50 |     virtual void* run(void *arg){return NULL;}
[2.008s]       |                       ~~~~~~^~~
[2.008s] In file included from /home/kan/lab/course/unitree_go2_ros2_jazzy1/unitree_go2_ros2_jazzy/unitree_guide2/src/control/BalanceCtrl.cpp:4:
[2.009s] /home/kan/lab/course/unitree_go2_ros2_jazzy1/unitree_go2_ros2_jazzy/unitree_guide2/include/control/BalanceCtrl.h: In constructor ‘BalanceCtrl::BalanceCtrl(double, Mat3, Mat6, double, double)’:
[2.009s] /home/kan/lab/course/unitree_go2_ros2_jazzy1/unitree_go2_ros2_jazzy/unitree_guide2/include/control/BalanceCtrl.h:36:12: warning: ‘BalanceCtrl::_mass’ will be initialized after [-Wreorder]
[2.009s]    36 |     double _mass, _alpha, _beta, _fricRatio;
[2.009s]       |            ^~~~~
[2.009s] /home/kan/lab/course/unitree_go2_ros2_jazzy1/unitree_go2_ros2_jazzy/unitree_guide2/include/control/BalanceCtrl.h:31:10: warning:   ‘Mat3 BalanceCtrl::_Ib’ [-Wreorder]
[2.009s]    31 |     Mat3 _Ib;
[2.009s]       |          ^~~
[2.009s] /home/kan/lab/course/unitree_go2_ros2_jazzy1/unitree_go2_ros2_jazzy/unitree_guide2/src/control/BalanceCtrl.cpp:8:1: warning:   when initialized here [-Wreorder]
[2.009s]     8 | BalanceCtrl::BalanceCtrl(double mass, Mat3 Ib, Mat6 S, double alpha, double beta)
[2.009s]       | ^~~~~~~~~~~
[2.009s] In file included from /home/kan/lab/course/unitree_go2_ros2_jazzy1/unitree_go2_ros2_jazzy/unitree_guide2/src/control/BalanceCtrl.cpp:4:
[2.009s] /home/kan/lab/course/unitree_go2_ros2_jazzy1/unitree_go2_ros2_jazzy/unitree_guide2/include/control/BalanceCtrl.h:31:10: warning: ‘BalanceCtrl::_Ib’ will be initialized after [-Wreorder]
[2.009s]    31 |     Mat3 _Ib;
[2.009s]       |          ^~~
[2.009s] /home/kan/lab/course/unitree_go2_ros2_jazzy1/unitree_go2_ros2_jazzy/unitree_guide2/include/control/BalanceCtrl.h:30:10: warning:   ‘Mat6 BalanceCtrl::_S’ [-Wreorder]
[2.010s]    30 |     Mat6 _S;
[2.010s]       |          ^~
[2.010s] /home/kan/lab/course/unitree_go2_ros2_jazzy1/unitree_go2_ros2_jazzy/unitree_guide2/src/control/BalanceCtrl.cpp:8:1: warning:   when initialized here [-Wreorder]
[2.010s]     8 | BalanceCtrl::BalanceCtrl(double mass, Mat3 Ib, Mat6 S, double alpha, double beta)
[2.010s]       | ^~~~~~~~~~~
[2.010s] /home/kan/lab/course/unitree_go2_ros2_jazzy1/unitree_go2_ros2_jazzy/unitree_guide2/src/control/BalanceCtrl.cpp: In member function ‘void BalanceCtrl::calMatrixA(Vec34, RotMat, VecInt4)’:
[2.010s] /home/kan/lab/course/unitree_go2_ros2_jazzy1/unitree_go2_ros2_jazzy/unitree_guide2/src/control/BalanceCtrl.cpp:63:68: warning: unused parameter ‘contact’ [-Wunused-parameter]
[2.010s]    63 | void BalanceCtrl::calMatrixA(Vec34 feetPos2B, RotMat rotM, VecInt4 contact){
[2.010s]       |                                                            ~~~~~~~~^~~~~~~
[2.010s] /home/kan/lab/course/unitree_go2_ros2_jazzy1/unitree_go2_ros2_jazzy/unitree_guide2/src/control/BalanceCtrl.cpp: In member function ‘void BalanceCtrl::solveQP()’:
[2.010s] /home/kan/lab/course/unitree_go2_ros2_jazzy1/unitree_go2_ros2_jazzy/unitree_guide2/src/control/BalanceCtrl.cpp:149:12: warning: unused variable ‘value’ [-Wunused-variable]
[2.010s]   149 |     double value = solve_quadprog(G, g0, CE, ce0, CI, ci0, x);
[2.010s]       |            ^~~~~
[2.010s] [ 88%] Building CXX object CMakeFiles/junior_ctrl.dir/src/quadProgpp/Array.cc.o
[2.011s] [ 92%] Building CXX object CMakeFiles/junior_ctrl.dir/src/interface/WirelessHandle.cpp.o
[2.012s] In file included from /home/kan/lab/course/unitree_go2_ros2_jazzy1/unitree_go2_ros2_jazzy/unitree_guide2/include/interface/KeyBoard.h:14,
[2.012s]                  from /home/kan/lab/course/unitree_go2_ros2_jazzy1/unitree_go2_ros2_jazzy/unitree_guide2/src/interface/KeyBoard.cpp:4:
[2.012s] /home/kan/lab/course/unitree_go2_ros2_jazzy1/unitree_go2_ros2_jazzy/unitree_guide2/include/interface/CmdPanel.h: In member function ‘virtual void* CmdPanel::run(void*)’:
[2.012s] /home/kan/lab/course/unitree_go2_ros2_jazzy1/unitree_go2_ros2_jazzy/unitree_guide2/include/interface/CmdPanel.h:50:29: warning: unused parameter ‘arg’ [-Wunused-parameter]
[2.012s]    50 |     virtual void* run(void *arg){return NULL;}
[2.012s]       |                       ~~~~~~^~~
[2.012s] In file included from /home/kan/lab/course/unitree_go2_ros2_jazzy1/unitree_go2_ros2_jazzy/unitree_guide2/include/interface/KeyBoard.h:15,
[2.012s]                  from /home/kan/lab/course/unitree_go2_ros2_jazzy1/unitree_go2_ros2_jazzy/unitree_guide2/src/interface/KeyBoard.cpp:4:
[2.012s] /home/kan/lab/course/unitree_go2_ros2_jazzy1/unitree_go2_ros2_jazzy/unitree_guide2/include/common/mathTools.h: In constructor ‘AvgCov::AvgCov(unsigned int, std::string, bool, unsigned int, unsigned int, double)’:
[2.012s] /home/kan/lab/course/unitree_go2_ros2_jazzy1/unitree_go2_ros2_jazzy/unitree_guide2/include/common/mathTools.h:278:17: warning: ‘AvgCov::_valueName’ will be initialized after [-Wreorder]
[2.012s]   278 |     std::string _valueName;
[2.012s]       |                 ^~~~~~~~~~
[2.012s] /home/kan/lab/course/unitree_go2_ros2_jazzy1/unitree_go2_ros2_jazzy/unitree_guide2/include/common/mathTools.h:272:10: warning:   ‘bool AvgCov::_avgOnly’ [-Wreorder]
[2.012s]   272 |     bool _avgOnly;
[2.012s]       |          ^~~~~~~~
[2.012s] In file included from /home/kan/lab/course/unitree_go2_ros2_jazzy1/unitree_go2_ros2_jazzy/unitree_guide2/include/interface/KeyBoard.h:15,
[2.013s]                  from /home/kan/lab/course/unitree_go2_ros2_jazzy1/unitree_go2_ros2_jazzy/unitree_guide2/src/interface/KeyBoard.cpp:4:
[2.013s] /home/kan/lab/course/unitree_go2_ros2_jazzy1/unitree_go2_ros2_jazzy/unitree_guide2/include/common/mathTools.h:246:5: warning:   when initialized here [-Wreorder]
[2.013s]   246 |     AvgCov(unsigned int size, std::string name, bool avgOnly=false, unsigned int showPeriod=1000, unsigned int waitCount=5000, double zoomFactor=10000)
[2.013s]       |     ^~~~~~
[2.013s] /home/kan/lab/course/unitree_go2_ros2_jazzy1/unitree_go2_ros2_jazzy/unitree_guide2/src/interface/KeyBoard.cpp: In member function ‘virtual void* KeyBoard::run(void*)’:
[2.013s] /home/kan/lab/course/unitree_go2_ros2_jazzy1/unitree_go2_ros2_jazzy/unitree_guide2/src/interface/KeyBoard.cpp:94:27: warning: unused parameter ‘arg’ [-Wunused-parameter]
[2.013s]    94 | void* KeyBoard::run(void *arg){
[2.013s]       |                     ~~~~~~^~~
[2.014s] In file included from /home/kan/lab/course/unitree_go2_ros2_jazzy1/unitree_go2_ros2_jazzy/unitree_guide2/include/message/LowlevelState.h:9,
[2.014s]                  from /home/kan/lab/course/unitree_go2_ros2_jazzy1/unitree_go2_ros2_jazzy/unitree_guide2/include/common/unitreeRobot.h:8,
[2.014s]                  from /home/kan/lab/course/unitree_go2_ros2_jazzy1/unitree_go2_ros2_jazzy/unitree_guide2/include/control/Estimator.h:8,
[2.014s]                  from /home/kan/lab/course/unitree_go2_ros2_jazzy1/unitree_go2_ros2_jazzy/unitree_guide2/src/control/Estimator.cpp:4:
[2.014s] /home/kan/lab/course/unitree_go2_ros2_jazzy1/unitree_go2_ros2_jazzy/unitree_guide2/include/common/mathTools.h: In constructor ‘AvgCov::AvgCov(unsigned int, std::string, bool, unsigned int, unsigned int, double)’:
[2.014s] /home/kan/lab/course/unitree_go2_ros2_jazzy1/unitree_go2_ros2_jazzy/unitree_guide2/include/common/mathTools.h:278:17: warning: ‘AvgCov::_valueName’ will be initialized after [-Wreorder]
[2.014s]   278 |     std::string _valueName;
[2.014s]       |                 ^~~~~~~~~~
[2.014s] /home/kan/lab/course/unitree_go2_ros2_jazzy1/unitree_go2_ros2_jazzy/unitree_guide2/include/common/mathTools.h:272:10: warning:   ‘bool AvgCov::_avgOnly’ [-Wreorder]
[2.014s]   272 |     bool _avgOnly;
[2.014s]       |          ^~~~~~~~
[2.014s] In file included from /home/kan/lab/course/unitree_go2_ros2_jazzy1/unitree_go2_ros2_jazzy/unitree_guide2/include/message/LowlevelState.h:9,
[2.014s]                  from /home/kan/lab/course/unitree_go2_ros2_jazzy1/unitree_go2_ros2_jazzy/unitree_guide2/include/common/unitreeRobot.h:8,
[2.015s]                  from /home/kan/lab/course/unitree_go2_ros2_jazzy1/unitree_go2_ros2_jazzy/unitree_guide2/include/control/Estimator.h:8,
[2.015s]                  from /home/kan/lab/course/unitree_go2_ros2_jazzy1/unitree_go2_ros2_jazzy/unitree_guide2/src/control/Estimator.cpp:4:
[2.015s] /home/kan/lab/course/unitree_go2_ros2_jazzy1/unitree_go2_ros2_jazzy/unitree_guide2/include/common/mathTools.h:246:5: warning:   when initialized here [-Wreorder]
[2.015s]   246 |     AvgCov(unsigned int size, std::string name, bool avgOnly=false, unsigned int showPeriod=1000, unsigned int waitCount=5000, double zoomFactor=10000)
[2.015s]       |     ^~~~~~
[2.015s] In file included from /home/kan/lab/course/unitree_go2_ros2_jazzy1/unitree_go2_ros2_jazzy/unitree_guide2/include/message/LowlevelState.h:10,
[2.015s]                  from /home/kan/lab/course/unitree_go2_ros2_jazzy1/unitree_go2_ros2_jazzy/unitree_guide2/include/common/unitreeRobot.h:8,
[2.015s]                  from /home/kan/lab/course/unitree_go2_ros2_jazzy1/unitree_go2_ros2_jazzy/unitree_guide2/include/control/Estimator.h:8,
[2.015s]                  from /home/kan/lab/course/unitree_go2_ros2_jazzy1/unitree_go2_ros2_jazzy/unitree_guide2/src/control/Estimator.cpp:4:
[2.015s] /home/kan/lab/course/unitree_go2_ros2_jazzy1/unitree_go2_ros2_jazzy/unitree_guide2/include/interface/CmdPanel.h: In member function ‘virtual void* CmdPanel::run(void*)’:
[2.015s] /home/kan/lab/course/unitree_go2_ros2_jazzy1/unitree_go2_ros2_jazzy/unitree_guide2/include/interface/CmdPanel.h:50:29: warning: unused parameter ‘arg’ [-Wunused-parameter]
[2.015s]    50 |     virtual void* run(void *arg){return NULL;}
[2.015s]       |                       ~~~~~~^~~
[2.015s] In file included from /home/kan/lab/course/unitree_go2_ros2_jazzy1/unitree_go2_ros2_jazzy/unitree_guide2/src/control/Estimator.cpp:4:
[2.015s] /home/kan/lab/course/unitree_go2_ros2_jazzy1/unitree_go2_ros2_jazzy/unitree_guide2/include/control/Estimator.h: In constructor ‘Estimator::Estimator(QuadrupedRobot*, LowlevelState*, VecInt4*, Vec4*, double, Vec18, std::string)’:
[2.015s] /home/kan/lab/course/unitree_go2_ros2_jazzy1/unitree_go2_ros2_jazzy/unitree_guide2/include/control/Estimator.h:90:21: warning: ‘Estimator::_robModel’ will be initialized after [-Wreorder]
[2.015s]    90 |     QuadrupedRobot *_robModel;
[2.015s]       |                     ^~~~~~~~~
[2.015s] /home/kan/lab/course/unitree_go2_ros2_jazzy1/unitree_go2_ros2_jazzy/unitree_guide2/include/control/Estimator.h:89:20: warning:   ‘LowlevelState* Estimator::_lowState’ [-Wreorder]
[2.016s]    89 |     LowlevelState* _lowState;
[2.016s]       |                    ^~~~~~~~~
[2.016s] /home/kan/lab/course/unitree_go2_ros2_jazzy1/unitree_go2_ros2_jazzy/unitree_guide2/src/control/Estimator.cpp:8:1: warning:   when initialized here [-Wreorder]
[2.016s]     8 | Estimator::Estimator(QuadrupedRobot *robotModel, LowlevelState* lowState,
[2.016s]       | ^~~~~~~~~
[2.016s] In file included from /home/kan/lab/course/unitree_go2_ros2_jazzy1/unitree_go2_ros2_jazzy/unitree_guide2/src/control/Estimator.cpp:4:
[2.016s] /home/kan/lab/course/unitree_go2_ros2_jazzy1/unitree_go2_ros2_jazzy/unitree_guide2/include/control/Estimator.h:92:14: warning: ‘Estimator::_contact’ will be initialized after [-Wreorder]
[2.016s]    92 |     VecInt4 *_contact;
[2.016s]       |              ^~~~~~~~
[2.016s] /home/kan/lab/course/unitree_go2_ros2_jazzy1/unitree_go2_ros2_jazzy/unitree_guide2/include/control/Estimator.h:91:11: warning:   ‘Vec4* Estimator::_phase’ [-Wreorder]
[2.016s]    91 |     Vec4 *_phase;
[2.016s]       |           ^~~~~~
[2.016s] /home/kan/lab/course/unitree_go2_ros2_jazzy1/unitree_go2_ros2_jazzy/unitree_guide2/src/control/Estimator.cpp:8:1: warning:   when initialized here [-Wreorder]
[2.016s]     8 | Estimator::Estimator(QuadrupedRobot *robotModel, LowlevelState* lowState,
[2.016s]       | ^~~~~~~~~
[2.016s] In file included from /home/kan/lab/course/unitree_go2_ros2_jazzy1/unitree_go2_ros2_jazzy/unitree_guide2/src/control/Estimator.cpp:4:
[2.016s] /home/kan/lab/course/unitree_go2_ros2_jazzy1/unitree_go2_ros2_jazzy/unitree_guide2/include/control/Estimator.h:93:12: warning: ‘Estimator::_dt’ will be initialized after [-Wreorder]
[2.016s]    93 |     double _dt;
[2.016s]       |            ^~~
[2.016s] /home/kan/lab/course/unitree_go2_ros2_jazzy1/unitree_go2_ros2_jazzy/unitree_guide2/include/control/Estimator.h:71:11: warning:   ‘Vec18 Estimator::_Qdig’ [-Wreorder]
[2.016s]    71 |     Vec18 _Qdig;                                    // adjustable process noise covariance
[2.016s]       |           ^~~~~
[2.016s] /home/kan/lab/course/unitree_go2_ros2_jazzy1/unitree_go2_ros2_jazzy/unitree_guide2/src/control/Estimator.cpp:8:1: warning:   when initialized here [-Wreorder]
[2.016s]     8 | Estimator::Estimator(QuadrupedRobot *robotModel, LowlevelState* lowState,
[2.017s]       | ^~~~~~~~~
[2.017s] In file included from /home/kan/lab/course/unitree_go2_ros2_jazzy1/unitree_go2_ros2_jazzy/unitree_guide2/src/control/Estimator.cpp:4:
[2.017s] /home/kan/lab/course/unitree_go2_ros2_jazzy1/unitree_go2_ros2_jazzy/unitree_guide2/include/control/Estimator.h: In constructor ‘Estimator::Estimator(QuadrupedRobot*, LowlevelState*, VecInt4*, Vec4*, double)’:
[2.017s] /home/kan/lab/course/unitree_go2_ros2_jazzy1/unitree_go2_ros2_jazzy/unitree_guide2/include/control/Estimator.h:90:21: warning: ‘Estimator::_robModel’ will be initialized after [-Wreorder]
[2.017s]    90 |     QuadrupedRobot *_robModel;
[2.017s]       |                     ^~~~~~~~~
[2.017s] /home/kan/lab/course/unitree_go2_ros2_jazzy1/unitree_go2_ros2_jazzy/unitree_guide2/include/control/Estimator.h:89:20: warning:   ‘LowlevelState* Estimator::_lowState’ [-Wreorder]
[2.017s]    89 |     LowlevelState* _lowState;
[2.017s]       |                    ^~~~~~~~~
[2.017s] /home/kan/lab/course/unitree_go2_ros2_jazzy1/unitree_go2_ros2_jazzy/unitree_guide2/src/control/Estimator.cpp:17:1: warning:   when initialized here [-Wreorder]
[2.017s]    17 | Estimator::Estimator(QuadrupedRobot *robotModel, LowlevelState* lowState,
[2.017s]       | ^~~~~~~~~
[2.017s] In file included from /home/kan/lab/course/unitree_go2_ros2_jazzy1/unitree_go2_ros2_jazzy/unitree_guide2/src/control/Estimator.cpp:4:
[2.017s] /home/kan/lab/course/unitree_go2_ros2_jazzy1/unitree_go2_ros2_jazzy/unitree_guide2/include/control/Estimator.h:92:14: warning: ‘Estimator::_contact’ will be initialized after [-Wreorder]
[2.017s]    92 |     VecInt4 *_contact;
[2.017s]       |              ^~~~~~~~
[2.017s] /home/kan/lab/course/unitree_go2_ros2_jazzy1/unitree_go2_ros2_jazzy/unitree_guide2/include/control/Estimator.h:91:11: warning:   ‘Vec4* Estimator::_phase’ [-Wreorder]
[2.017s]    91 |     Vec4 *_phase;
[2.017s]       |           ^~~~~~
[2.017s] /home/kan/lab/course/unitree_go2_ros2_jazzy1/unitree_go2_ros2_jazzy/unitree_guide2/src/control/Estimator.cpp:17:1: warning:   when initialized here [-Wreorder]
[2.017s]    17 | Estimator::Estimator(QuadrupedRobot *robotModel, LowlevelState* lowState,
[2.017s]       | ^~~~~~~~~
[2.017s] [ 96%] Building CXX object CMakeFiles/junior_ctrl.dir/src/quadProgpp/QuadProg++.cc.o
[2.018s] In file included from /home/kan/lab/course/unitree_go2_ros2_jazzy1/unitree_go2_ros2_jazzy/unitree_guide2/include/message/LowlevelCmd.h:8,
[2.018s]                  from /home/kan/lab/course/unitree_go2_ros2_jazzy1/unitree_go2_ros2_jazzy/unitree_guide2/include/control/CtrlComponents.h:7,
[2.018s]                  from /home/kan/lab/course/unitree_go2_ros2_jazzy1/unitree_go2_ros2_jazzy/unitree_guide2/include/FSM/FSMState.h:10,
[2.018s]                  from /home/kan/lab/course/unitree_go2_ros2_jazzy1/unitree_go2_ros2_jazzy/unitree_guide2/include/FSM/FSM.h:8,
[2.018s]                  from /home/kan/lab/course/unitree_go2_ros2_jazzy1/unitree_go2_ros2_jazzy/unitree_guide2/include/control/ControlFrame.h:7,
[2.018s]                  from /home/kan/lab/course/unitree_go2_ros2_jazzy1/unitree_go2_ros2_jazzy/unitree_guide2/src/control/ControlFrame.cpp:4:
[2.019s] /home/kan/lab/course/unitree_go2_ros2_jazzy1/unitree_go2_ros2_jazzy/unitree_guide2/include/common/mathTools.h: In constructor ‘AvgCov::AvgCov(unsigned int, std::string, bool, unsigned int, unsigned int, double)’:
[2.019s] /home/kan/lab/course/unitree_go2_ros2_jazzy1/unitree_go2_ros2_jazzy/unitree_guide2/include/common/mathTools.h:278:17: warning: ‘AvgCov::_valueName’ will be initialized after [-Wreorder]
[2.019s]   278 |     std::string _valueName;
[2.019s]       |                 ^~~~~~~~~~
[2.019s] /home/kan/lab/course/unitree_go2_ros2_jazzy1/unitree_go2_ros2_jazzy/unitree_guide2/include/common/mathTools.h:272:10: warning:   ‘bool AvgCov::_avgOnly’ [-Wreorder]
[2.019s]   272 |     bool _avgOnly;
[2.019s]       |          ^~~~~~~~
[2.019s] In file included from /home/kan/lab/course/unitree_go2_ros2_jazzy1/unitree_go2_ros2_jazzy/unitree_guide2/include/message/LowlevelCmd.h:8,
[2.019s]                  from /home/kan/lab/course/unitree_go2_ros2_jazzy1/unitree_go2_ros2_jazzy/unitree_guide2/include/control/CtrlComponents.h:7,
[2.019s]                  from /home/kan/lab/course/unitree_go2_ros2_jazzy1/unitree_go2_ros2_jazzy/unitree_guide2/include/FSM/FSMState.h:10,
[2.019s]                  from /home/kan/lab/course/unitree_go2_ros2_jazzy1/unitree_go2_ros2_jazzy/unitree_guide2/include/FSM/FSM.h:8,
[2.019s]                  from /home/kan/lab/course/unitree_go2_ros2_jazzy1/unitree_go2_ros2_jazzy/unitree_guide2/include/control/ControlFrame.h:7,
[2.019s]                  from /home/kan/lab/course/unitree_go2_ros2_jazzy1/unitree_go2_ros2_jazzy/unitree_guide2/src/control/ControlFrame.cpp:4:
[2.019s] /home/kan/lab/course/unitree_go2_ros2_jazzy1/unitree_go2_ros2_jazzy/unitree_guide2/include/common/mathTools.h:246:5: warning:   when initialized here [-Wreorder]
[2.020s]   246 |     AvgCov(unsigned int size, std::string name, bool avgOnly=false, unsigned int showPeriod=1000, unsigned int waitCount=5000, double zoomFactor=10000)
[2.020s]       |     ^~~~~~
[2.020s] In file included from /home/kan/lab/course/unitree_go2_ros2_jazzy1/unitree_go2_ros2_jazzy/unitree_guide2/include/message/LowlevelState.h:10,
[2.020s]                  from /home/kan/lab/course/unitree_go2_ros2_jazzy1/unitree_go2_ros2_jazzy/unitree_guide2/include/control/CtrlComponents.h:8,
[2.020s]                  from /home/kan/lab/course/unitree_go2_ros2_jazzy1/unitree_go2_ros2_jazzy/unitree_guide2/include/FSM/FSMState.h:10,
[2.020s]                  from /home/kan/lab/course/unitree_go2_ros2_jazzy1/unitree_go2_ros2_jazzy/unitree_guide2/include/FSM/FSM.h:8,
[2.020s]                  from /home/kan/lab/course/unitree_go2_ros2_jazzy1/unitree_go2_ros2_jazzy/unitree_guide2/include/control/ControlFrame.h:7,
[2.020s]                  from /home/kan/lab/course/unitree_go2_ros2_jazzy1/unitree_go2_ros2_jazzy/unitree_guide2/src/control/ControlFrame.cpp:4:
[2.020s] /home/kan/lab/course/unitree_go2_ros2_jazzy1/unitree_go2_ros2_jazzy/unitree_guide2/include/interface/CmdPanel.h: In member function ‘virtual void* CmdPanel::run(void*)’:
[2.020s] /home/kan/lab/course/unitree_go2_ros2_jazzy1/unitree_go2_ros2_jazzy/unitree_guide2/include/interface/CmdPanel.h:50:29: warning: unused parameter ‘arg’ [-Wunused-parameter]
[2.020s]    50 |     virtual void* run(void *arg){return NULL;}
[2.021s]       |                       ~~~~~~^~~
[2.021s] In file included from /home/kan/lab/course/unitree_go2_ros2_jazzy1/unitree_go2_ros2_jazzy/unitree_guide2/include/FSM/FSMState.h:10,
[2.021s]                  from /home/kan/lab/course/unitree_go2_ros2_jazzy1/unitree_go2_ros2_jazzy/unitree_guide2/include/FSM/FSM.h:8,
[2.021s]                  from /home/kan/lab/course/unitree_go2_ros2_jazzy1/unitree_go2_ros2_jazzy/unitree_guide2/include/control/ControlFrame.h:7,
[2.021s]                  from /home/kan/lab/course/unitree_go2_ros2_jazzy1/unitree_go2_ros2_jazzy/unitree_guide2/src/control/ControlFrame.cpp:4:
[2.021s] /home/kan/lab/course/unitree_go2_ros2_jazzy1/unitree_go2_ros2_jazzy/unitree_guide2/include/control/CtrlComponents.h: In destructor ‘CtrlComponents::~CtrlComponents()’:
[2.021s] /home/kan/lab/course/unitree_go2_ros2_jazzy1/unitree_go2_ros2_jazzy/unitree_guide2/include/control/CtrlComponents.h:35:9: warning: deleting object of abstract class type ‘IOInterface’ which has non-virtual destructor will cause undefined behavior [-Wdelete-non-virtual-dtor]
[2.021s]    35 |         delete ioInter;
[2.021s]       |         ^~~~~~~~~~~~~~
[2.021s] In file included from /home/kan/lab/course/unitree_go2_ros2_jazzy1/unitree_go2_ros2_jazzy/unitree_guide2/include/control/ControlFrame.h:7,
[2.021s]                  from /home/kan/lab/course/unitree_go2_ros2_jazzy1/unitree_go2_ros2_jazzy/unitree_guide2/src/control/ControlFrame.cpp:4:
[2.021s] /home/kan/lab/course/unitree_go2_ros2_jazzy1/unitree_go2_ros2_jazzy/unitree_guide2/include/FSM/FSM.h: In member function ‘void FSMStateList::deletePtr()’:
[2.021s] /home/kan/lab/course/unitree_go2_ros2_jazzy1/unitree_go2_ros2_jazzy/unitree_guide2/include/FSM/FSM.h:44:9: warning: deleting object of abstract class type ‘FSMState’ which has non-virtual destructor will cause undefined behavior [-Wdelete-non-virtual-dtor]
[2.021s]    44 |         delete invalid;
[2.021s]       |         ^~~~~~~~~~~~~~
[2.021s] /home/kan/lab/course/unitree_go2_ros2_jazzy1/unitree_go2_ros2_jazzy/unitree_guide2/include/FSM/FSM.h:45:9: warning: deleting object of polymorphic class type ‘State_Passive’ which has non-virtual destructor might cause undefined behavior [-Wdelete-non-virtual-dtor]
[2.022s]    45 |         delete passive;
[2.022s]       |         ^~~~~~~~~~~~~~
[2.022s] /home/kan/lab/course/unitree_go2_ros2_jazzy1/unitree_go2_ros2_jazzy/unitree_guide2/include/FSM/FSM.h:46:9: warning: deleting object of polymorphic class type ‘State_FixedStand’ which has non-virtual destructor might cause undefined behavior [-Wdelete-non-virtual-dtor]
[2.022s]    46 |         delete fixedStand;
[2.022s]       |         ^~~~~~~~~~~~~~~~~
[2.022s] /home/kan/lab/course/unitree_go2_ros2_jazzy1/unitree_go2_ros2_jazzy/unitree_guide2/include/FSM/FSM.h:47:9: warning: deleting object of polymorphic class type ‘State_FreeStand’ which has non-virtual destructor might cause undefined behavior [-Wdelete-non-virtual-dtor]
[2.022s]    47 |         delete freeStand;
[2.022s]       |         ^~~~~~~~~~~~~~~~
[2.022s] /home/kan/lab/course/unitree_go2_ros2_jazzy1/unitree_go2_ros2_jazzy/unitree_guide2/include/FSM/FSM.h:48:9: warning: deleting object of polymorphic class type ‘State_Trotting’ which has non-virtual destructor might cause undefined behavior [-Wdelete-non-virtual-dtor]
[2.022s]    48 |         delete trotting;
[2.022s]       |         ^~~~~~~~~~~~~~~
[2.022s] /home/kan/lab/course/unitree_go2_ros2_jazzy1/unitree_go2_ros2_jazzy/unitree_guide2/include/FSM/FSM.h:49:9: warning: deleting object of polymorphic class type ‘State_BalanceTest’ which has non-virtual destructor might cause undefined behavior [-Wdelete-non-virtual-dtor]
[2.022s]    49 |         delete balanceTest;
[2.022s]       |         ^~~~~~~~~~~~~~~~~~
[2.022s] /home/kan/lab/course/unitree_go2_ros2_jazzy1/unitree_go2_ros2_jazzy/unitree_guide2/include/FSM/FSM.h:50:9: warning: deleting object of polymorphic class type ‘State_SwingTest’ which has non-virtual destructor might cause undefined behavior [-Wdelete-non-virtual-dtor]
[2.022s]    50 |         delete swingTest;
[2.022s]       |         ^~~~~~~~~~~~~~~~
[2.022s] /home/kan/lab/course/unitree_go2_ros2_jazzy1/unitree_go2_ros2_jazzy/unitree_guide2/include/FSM/FSM.h:51:9: warning: deleting object of polymorphic class type ‘State_StepTest’ which has non-virtual destructor might cause undefined behavior [-Wdelete-non-virtual-dtor]
[2.022s]    51 |         delete stepTest;
[2.022s]       |         ^~~~~~~~~~~~~~~
[2.022s] /home/kan/lab/course/unitree_go2_ros2_jazzy1/unitree_go2_ros2_jazzy/unitree_guide2/include/FSM/FSM.h:56:9: warning: deleting object of polymorphic class type ‘State_move_base’ which has non-virtual destructor might cause undefined behavior [-Wdelete-non-virtual-dtor]
[2.022s]    56 |         delete moveBase;
[2.022s]       |         ^~~~~~~~~~~~~~~
[2.022s] In file included from /home/kan/lab/course/unitree_go2_ros2_jazzy1/unitree_go2_ros2_jazzy/unitree_guide2/include/message/LowlevelCmd.h:8,
[2.023s]                  from /home/kan/lab/course/unitree_go2_ros2_jazzy1/unitree_go2_ros2_jazzy/unitree_guide2/include/interface/IOInterface.h:7,
[2.023s]                  from /home/kan/lab/course/unitree_go2_ros2_jazzy1/unitree_go2_ros2_jazzy/unitree_guide2/include/interface/IOROS.h:68,
[2.023s]                  from /home/kan/lab/course/unitree_go2_ros2_jazzy1/unitree_go2_ros2_jazzy/unitree_guide2/src/interface/IOROS.cpp:227:
[2.023s] /home/kan/lab/course/unitree_go2_ros2_jazzy1/unitree_go2_ros2_jazzy/unitree_guide2/include/common/mathTools.h: In constructor ‘AvgCov::AvgCov(unsigned int, std::string, bool, unsigned int, unsigned int, double)’:
[2.023s] /home/kan/lab/course/unitree_go2_ros2_jazzy1/unitree_go2_ros2_jazzy/unitree_guide2/include/common/mathTools.h:278:17: warning: ‘AvgCov::_valueName’ will be initialized after [-Wreorder]
[2.023s]   278 |     std::string _valueName;
[2.023s]       |                 ^~~~~~~~~~
[2.023s] /home/kan/lab/course/unitree_go2_ros2_jazzy1/unitree_go2_ros2_jazzy/unitree_guide2/include/common/mathTools.h:272:10: warning:   ‘bool AvgCov::_avgOnly’ [-Wreorder]
[2.023s]   272 |     bool _avgOnly;
[2.023s]       |          ^~~~~~~~
[2.023s] In file included from /home/kan/lab/course/unitree_go2_ros2_jazzy1/unitree_go2_ros2_jazzy/unitree_guide2/include/message/LowlevelCmd.h:8,
[2.023s]                  from /home/kan/lab/course/unitree_go2_ros2_jazzy1/unitree_go2_ros2_jazzy/unitree_guide2/include/interface/IOInterface.h:7,
[2.023s]                  from /home/kan/lab/course/unitree_go2_ros2_jazzy1/unitree_go2_ros2_jazzy/unitree_guide2/include/interface/IOROS.h:68,
[2.023s]                  from /home/kan/lab/course/unitree_go2_ros2_jazzy1/unitree_go2_ros2_jazzy/unitree_guide2/src/interface/IOROS.cpp:227:
[2.023s] /home/kan/lab/course/unitree_go2_ros2_jazzy1/unitree_go2_ros2_jazzy/unitree_guide2/include/common/mathTools.h:246:5: warning:   when initialized here [-Wreorder]
[2.023s]   246 |     AvgCov(unsigned int size, std::string name, bool avgOnly=false, unsigned int showPeriod=1000, unsigned int waitCount=5000, double zoomFactor=10000)
[2.023s]       |     ^~~~~~
[2.023s] In file included from /home/kan/lab/course/unitree_go2_ros2_jazzy1/unitree_go2_ros2_jazzy/unitree_guide2/include/message/LowlevelState.h:10,
[2.023s]                  from /home/kan/lab/course/unitree_go2_ros2_jazzy1/unitree_go2_ros2_jazzy/unitree_guide2/include/interface/IOInterface.h:8,
[2.023s]                  from /home/kan/lab/course/unitree_go2_ros2_jazzy1/unitree_go2_ros2_jazzy/unitree_guide2/include/interface/IOROS.h:68,
[2.023s]                  from /home/kan/lab/course/unitree_go2_ros2_jazzy1/unitree_go2_ros2_jazzy/unitree_guide2/src/interface/IOROS.cpp:227:
[2.023s] /home/kan/lab/course/unitree_go2_ros2_jazzy1/unitree_go2_ros2_jazzy/unitree_guide2/include/interface/CmdPanel.h: In member function ‘virtual void* CmdPanel::run(void*)’:
[2.023s] /home/kan/lab/course/unitree_go2_ros2_jazzy1/unitree_go2_ros2_jazzy/unitree_guide2/include/interface/CmdPanel.h:50:29: warning: unused parameter ‘arg’ [-Wunused-parameter]
[2.023s]    50 |     virtual void* run(void *arg){return NULL;}
[2.023s]       |                       ~~~~~~^~~
[2.024s] /home/kan/lab/course/unitree_go2_ros2_jazzy1/unitree_go2_ros2_jazzy/unitree_guide2/src/interface/IOROS.cpp: In static member function ‘static void IOROS::RosShutDown(int)’:
[2.024s] /home/kan/lab/course/unitree_go2_ros2_jazzy1/unitree_go2_ros2_jazzy/unitree_guide2/src/interface/IOROS.cpp:236:29: warning: unused parameter ‘sig’ [-Wunused-parameter]
[2.024s]   236 | void IOROS::RosShutDown(int sig){
[2.024s]       |                         ~~~~^~~
[2.027s] /home/kan/lab/course/unitree_go2_ros2_jazzy1/unitree_go2_ros2_jazzy/unitree_guide2/src/quadProgpp/QuadProg++.cc: In function ‘double quadprogpp::solve_quadprog(quadprogpp::Matrix<double>&, quadprogpp::Vector<double>&, const quadprogpp::Matrix<double>&, const quadprogpp::Vector<double>&, const quadprogpp::Matrix<double>&, const quadprogpp::Vector<double>&, quadprogpp::Vector<double>&)’:
[2.027s] /home/kan/lab/course/unitree_go2_ros2_jazzy1/unitree_go2_ros2_jazzy/unitree_guide2/src/quadProgpp/QuadProg++.cc:84:25: warning: ISO C++17 does not allow ‘register’ storage class specifier [-Wregister]
[2.027s]    84 |   register unsigned int i, j, k, l; /* indices */
[2.027s]       |                         ^
[2.027s] /home/kan/lab/course/unitree_go2_ros2_jazzy1/unitree_go2_ros2_jazzy/unitree_guide2/src/quadProgpp/QuadProg++.cc:84:28: warning: ISO C++17 does not allow ‘register’ storage class specifier [-Wregister]
[2.027s]    84 |   register unsigned int i, j, k, l; /* indices */
[2.027s]       |                            ^
[2.027s] /home/kan/lab/course/unitree_go2_ros2_jazzy1/unitree_go2_ros2_jazzy/unitree_guide2/src/quadProgpp/QuadProg++.cc:84:31: warning: ISO C++17 does not allow ‘register’ storage class specifier [-Wregister]
[2.027s]    84 |   register unsigned int i, j, k, l; /* indices */
[2.027s]       |                               ^
[2.027s] /home/kan/lab/course/unitree_go2_ros2_jazzy1/unitree_go2_ros2_jazzy/unitree_guide2/src/quadProgpp/QuadProg++.cc:84:34: warning: ISO C++17 does not allow ‘register’ storage class specifier [-Wregister]
[2.027s]    84 |   register unsigned int i, j, k, l; /* indices */
[2.027s]       |                                  ^
[2.027s] /home/kan/lab/course/unitree_go2_ros2_jazzy1/unitree_go2_ros2_jazzy/unitree_guide2/src/quadProgpp/QuadProg++.cc:120:14: warning: address requested for ‘i’, which is declared ‘register’ [-Wextra]
[2.027s]   120 |     c1 += G[i][i];
[2.027s]       |              ^
[2.027s] /home/kan/lab/course/unitree_go2_ros2_jazzy1/unitree_go2_ros2_jazzy/unitree_guide2/src/quadProgpp/QuadProg++.cc:143:20: warning: address requested for ‘j’, which is declared ‘register’ [-Wextra]
[2.027s]   143 |       J[i][j] = z[j];
[2.027s]       |                    ^
[2.027s] /home/kan/lab/course/unitree_go2_ros2_jazzy1/unitree_go2_ros2_jazzy/unitree_guide2/src/quadProgpp/QuadProg++.cc:192:10: warning: address requested for ‘k’, which is declared ‘register’ [-Wextra]
[2.027s]   192 |       x[k] += t2 * z[k];
[2.027s]       |          ^
[2.027s] /home/kan/lab/course/unitree_go2_ros2_jazzy1/unitree_go2_ros2_jazzy/unitree_guide2/src/quadProgpp/QuadProg++.cc:351:10: warning: address requested for ‘l’, which is declared ‘register’ [-Wextra]
[2.028s]   351 |     iai[l] = l;
[2.028s]       |          ^
[2.028s] /home/kan/lab/course/unitree_go2_ros2_jazzy1/unitree_go2_ros2_jazzy/unitree_guide2/src/quadProgpp/QuadProg++.cc: In function ‘void quadprogpp::compute_d(quadprogpp::Vector<double>&, const quadprogpp::Matrix<double>&, const quadprogpp::Vector<double>&)’:
[2.028s] /home/kan/lab/course/unitree_go2_ros2_jazzy1/unitree_go2_ros2_jazzy/unitree_guide2/src/quadProgpp/QuadProg++.cc:449:16: warning: ISO C++17 does not allow ‘register’ storage class specifier [-Wregister]
[2.028s]   449 |   register int i, j, n = d.size();
[2.028s]       |                ^
[2.028s] /home/kan/lab/course/unitree_go2_ros2_jazzy1/unitree_go2_ros2_jazzy/unitree_guide2/src/quadProgpp/QuadProg++.cc:449:19: warning: ISO C++17 does not allow ‘register’ storage class specifier [-Wregister]
[2.028s]   449 |   register int i, j, n = d.size();
[2.028s]       |                   ^
[2.028s] /home/kan/lab/course/unitree_go2_ros2_jazzy1/unitree_go2_ros2_jazzy/unitree_guide2/src/quadProgpp/QuadProg++.cc:449:22: warning: ISO C++17 does not allow ‘register’ storage class specifier [-Wregister]
[2.028s]   449 |   register int i, j, n = d.size();
[2.028s]       |                      ^
[2.028s] /home/kan/lab/course/unitree_go2_ros2_jazzy1/unitree_go2_ros2_jazzy/unitree_guide2/src/quadProgpp/QuadProg++.cc:450:19: warning: ISO C++17 does not allow ‘register’ storage class specifier [-Wregister]
[2.028s]   450 |   register double sum;
[2.028s]       |                   ^~~
[2.028s] /home/kan/lab/course/unitree_go2_ros2_jazzy1/unitree_go2_ros2_jazzy/unitree_guide2/src/quadProgpp/QuadProg++.cc: In function ‘void quadprogpp::update_z(quadprogpp::Vector<double>&, const quadprogpp::Matrix<double>&, const quadprogpp::Vector<double>&, int)’:
[2.028s] /home/kan/lab/course/unitree_go2_ros2_jazzy1/unitree_go2_ros2_jazzy/unitree_guide2/src/quadProgpp/QuadProg++.cc:464:16: warning: ISO C++17 does not allow ‘register’ storage class specifier [-Wregister]
[2.028s]   464 |   register int i, j, n = z.size();
[2.028s]       |                ^
[2.028s] /home/kan/lab/course/unitree_go2_ros2_jazzy1/unitree_go2_ros2_jazzy/unitree_guide2/src/quadProgpp/QuadProg++.cc:464:19: warning: ISO C++17 does not allow ‘register’ storage class specifier [-Wregister]
[2.028s]   464 |   register int i, j, n = z.size();
[2.028s]       |                   ^
[2.028s] /home/kan/lab/course/unitree_go2_ros2_jazzy1/unitree_go2_ros2_jazzy/unitree_guide2/src/quadProgpp/QuadProg++.cc:464:22: warning: ISO C++17 does not allow ‘register’ storage class specifier [-Wregister]
[2.028s]   464 |   register int i, j, n = z.size();
[2.029s]       |                      ^
[2.029s] /home/kan/lab/course/unitree_go2_ros2_jazzy1/unitree_go2_ros2_jazzy/unitree_guide2/src/quadProgpp/QuadProg++.cc: In function ‘void quadprogpp::update_r(const quadprogpp::Matrix<double>&, quadprogpp::Vector<double>&, const quadprogpp::Vector<double>&, int)’:
[2.029s] /home/kan/lab/course/unitree_go2_ros2_jazzy1/unitree_go2_ros2_jazzy/unitree_guide2/src/quadProgpp/QuadProg++.cc:477:16: warning: ISO C++17 does not allow ‘register’ storage class specifier [-Wregister]
[2.029s]   477 |   register int i, j;
[2.029s]       |                ^
[2.029s] /home/kan/lab/course/unitree_go2_ros2_jazzy1/unitree_go2_ros2_jazzy/unitree_guide2/src/quadProgpp/QuadProg++.cc:477:19: warning: ISO C++17 does not allow ‘register’ storage class specifier [-Wregister]
[2.029s]   477 |   register int i, j;
[2.029s]       |                   ^
[2.029s] /home/kan/lab/course/unitree_go2_ros2_jazzy1/unitree_go2_ros2_jazzy/unitree_guide2/src/quadProgpp/QuadProg++.cc:478:19: warning: ISO C++17 does not allow ‘register’ storage class specifier [-Wregister]
[2.029s]   478 |   register double sum;
[2.029s]       |                   ^~~
[2.029s] /home/kan/lab/course/unitree_go2_ros2_jazzy1/unitree_go2_ros2_jazzy/unitree_guide2/src/quadProgpp/QuadProg++.cc: In function ‘bool quadprogpp::add_constraint(quadprogpp::Matrix<double>&, quadprogpp::Matrix<double>&, quadprogpp::Vector<double>&, unsigned int&, double&)’:
[2.029s] /home/kan/lab/course/unitree_go2_ros2_jazzy1/unitree_go2_ros2_jazzy/unitree_guide2/src/quadProgpp/QuadProg++.cc:496:25: warning: ISO C++17 does not allow ‘register’ storage class specifier [-Wregister]
[2.029s]   496 |   register unsigned int i, j, k;
[2.029s]       |                         ^
[2.029s] /home/kan/lab/course/unitree_go2_ros2_jazzy1/unitree_go2_ros2_jazzy/unitree_guide2/src/quadProgpp/QuadProg++.cc:496:28: warning: ISO C++17 does not allow ‘register’ storage class specifier [-Wregister]
[2.029s]   496 |   register unsigned int i, j, k;
[2.029s]       |                            ^
[2.029s] /home/kan/lab/course/unitree_go2_ros2_jazzy1/unitree_go2_ros2_jazzy/unitree_guide2/src/quadProgpp/QuadProg++.cc:496:31: warning: ISO C++17 does not allow ‘register’ storage class specifier [-Wregister]
[2.029s]   496 |   register unsigned int i, j, k;
[2.029s]       |                               ^
[2.029s] /home/kan/lab/course/unitree_go2_ros2_jazzy1/unitree_go2_ros2_jazzy/unitree_guide2/src/quadProgpp/QuadProg++.cc:514:13: warning: address requested for ‘j’, which is declared ‘register’ [-Wextra]
[2.029s]   514 |     ss = d[j];
[2.029s]       |             ^
[2.030s] /home/kan/lab/course/unitree_go2_ros2_jazzy1/unitree_go2_ros2_jazzy/unitree_guide2/src/quadProgpp/QuadProg++.cc:532:15: warning: address requested for ‘k’, which is declared ‘register’ [-Wextra]
[2.030s]   532 |       t1 = J[k][j - 1];
[2.030s]       |               ^
[2.030s] /home/kan/lab/course/unitree_go2_ros2_jazzy1/unitree_go2_ros2_jazzy/unitree_guide2/src/quadProgpp/QuadProg++.cc:544:8: warning: address requested for ‘i’, which is declared ‘register’ [-Wextra]
[2.030s]   544 |     R[i][iq - 1] = d[i];
[2.030s]       |        ^
[2.030s] /home/kan/lab/course/unitree_go2_ros2_jazzy1/unitree_go2_ros2_jazzy/unitree_guide2/src/quadProgpp/QuadProg++.cc: In function ‘void quadprogpp::delete_constraint(quadprogpp::Matrix<double>&, quadprogpp::Matrix<double>&, quadprogpp::Vector<int>&, quadprogpp::Vector<double>&, unsigned int, int, unsigned int&, int)’:
[2.030s] /home/kan/lab/course/unitree_go2_ros2_jazzy1/unitree_go2_ros2_jazzy/unitree_guide2/src/quadProgpp/QuadProg++.cc:566:25: warning: ISO C++17 does not allow ‘register’ storage class specifier [-Wregister]
[2.030s]   566 |   register unsigned int i, j, k, qq = 0; // just to prevent warnings from smart compilers
[2.030s]       |                         ^
[2.030s] /home/kan/lab/course/unitree_go2_ros2_jazzy1/unitree_go2_ros2_jazzy/unitree_guide2/src/quadProgpp/QuadProg++.cc:566:28: warning: ISO C++17 does not allow ‘register’ storage class specifier [-Wregister]
[2.030s]   566 |   register unsigned int i, j, k, qq = 0; // just to prevent warnings from smart compilers
[2.030s]       |                            ^
[2.030s] /home/kan/lab/course/unitree_go2_ros2_jazzy1/unitree_go2_ros2_jazzy/unitree_guide2/src/quadProgpp/QuadProg++.cc:566:31: warning: ISO C++17 does not allow ‘register’ storage class specifier [-Wregister]
[2.030s]   566 |   register unsigned int i, j, k, qq = 0; // just to prevent warnings from smart compilers
[2.030s]       |                               ^
[2.030s] /home/kan/lab/course/unitree_go2_ros2_jazzy1/unitree_go2_ros2_jazzy/unitree_guide2/src/quadProgpp/QuadProg++.cc:566:34: warning: ISO C++17 does not allow ‘register’ storage class specifier [-Wregister]
[2.030s]   566 |   register unsigned int i, j, k, qq = 0; // just to prevent warnings from smart compilers
[2.030s]       |                                  ^~
[2.030s] /home/kan/lab/course/unitree_go2_ros2_jazzy1/unitree_go2_ros2_jazzy/unitree_guide2/src/quadProgpp/QuadProg++.cc:572:12: warning: address requested for ‘i’, which is declared ‘register’ [-Wextra]
[2.030s]   572 |     if (A[i] == l)
[2.030s]       |            ^
[2.030s] /home/kan/lab/course/unitree_go2_ros2_jazzy1/unitree_go2_ros2_jazzy/unitree_guide2/src/quadProgpp/QuadProg++.cc:591:12: warning: address requested for ‘j’, which is declared ‘register’ [-Wextra]
[2.030s]   591 |         R[j][i] = R[j][i + 1];
[2.031s]       |            ^
[2.031s] /home/kan/lab/course/unitree_go2_ros2_jazzy1/unitree_go2_ros2_jazzy/unitree_guide2/src/quadProgpp/QuadProg++.cc:638:15: warning: address requested for ‘k’, which is declared ‘register’ [-Wextra]
[2.031s]   638 |       t1 = J[k][j];
[2.031s]       |               ^
[2.031s] /home/kan/lab/course/unitree_go2_ros2_jazzy1/unitree_go2_ros2_jazzy/unitree_guide2/src/quadProgpp/QuadProg++.cc: In function ‘double quadprogpp::distance(double, double)’:
[2.031s] /home/kan/lab/course/unitree_go2_ros2_jazzy1/unitree_go2_ros2_jazzy/unitree_guide2/src/quadProgpp/QuadProg++.cc:648:19: warning: ISO C++17 does not allow ‘register’ storage class specifier [-Wregister]
[2.031s]   648 |   register double a1, b1, t;
[2.031s]       |                   ^~
[2.031s] /home/kan/lab/course/unitree_go2_ros2_jazzy1/unitree_go2_ros2_jazzy/unitree_guide2/src/quadProgpp/QuadProg++.cc:648:23: warning: ISO C++17 does not allow ‘register’ storage class specifier [-Wregister]
[2.031s]   648 |   register double a1, b1, t;
[2.031s]       |                       ^~
[2.031s] /home/kan/lab/course/unitree_go2_ros2_jazzy1/unitree_go2_ros2_jazzy/unitree_guide2/src/quadProgpp/QuadProg++.cc:648:27: warning: ISO C++17 does not allow ‘register’ storage class specifier [-Wregister]
[2.031s]   648 |   register double a1, b1, t;
[2.031s]       |                           ^
[2.031s] /home/kan/lab/course/unitree_go2_ros2_jazzy1/unitree_go2_ros2_jazzy/unitree_guide2/src/quadProgpp/QuadProg++.cc: In function ‘double quadprogpp::scalar_product(const quadprogpp::Vector<double>&, const quadprogpp::Vector<double>&)’:
[2.031s] /home/kan/lab/course/unitree_go2_ros2_jazzy1/unitree_go2_ros2_jazzy/unitree_guide2/src/quadProgpp/QuadProg++.cc:668:16: warning: ISO C++17 does not allow ‘register’ storage class specifier [-Wregister]
[2.031s]   668 |   register int i, n = x.size();
[2.031s]       |                ^
[2.031s] /home/kan/lab/course/unitree_go2_ros2_jazzy1/unitree_go2_ros2_jazzy/unitree_guide2/src/quadProgpp/QuadProg++.cc:668:19: warning: ISO C++17 does not allow ‘register’ storage class specifier [-Wregister]
[2.031s]   668 |   register int i, n = x.size();
[2.031s]       |                   ^
[2.031s] /home/kan/lab/course/unitree_go2_ros2_jazzy1/unitree_go2_ros2_jazzy/unitree_guide2/src/quadProgpp/QuadProg++.cc:669:19: warning: ISO C++17 does not allow ‘register’ storage class specifier [-Wregister]
[2.031s]   669 |   register double sum;
[2.032s]       |                   ^~~
[2.032s] /home/kan/lab/course/unitree_go2_ros2_jazzy1/unitree_go2_ros2_jazzy/unitree_guide2/src/quadProgpp/QuadProg++.cc: In function ‘void quadprogpp::cholesky_decomposition(quadprogpp::Matrix<double>&)’:
[2.032s] /home/kan/lab/course/unitree_go2_ros2_jazzy1/unitree_go2_ros2_jazzy/unitree_guide2/src/quadProgpp/QuadProg++.cc:679:16: warning: ISO C++17 does not allow ‘register’ storage class specifier [-Wregister]
[2.032s]   679 |   register int i, j, k, n = A.nrows();
[2.032s]       |                ^
[2.032s] /home/kan/lab/course/unitree_go2_ros2_jazzy1/unitree_go2_ros2_jazzy/unitree_guide2/src/quadProgpp/QuadProg++.cc:679:19: warning: ISO C++17 does not allow ‘register’ storage class specifier [-Wregister]
[2.032s]   679 |   register int i, j, k, n = A.nrows();
[2.032s]       |                   ^
[2.032s] /home/kan/lab/course/unitree_go2_ros2_jazzy1/unitree_go2_ros2_jazzy/unitree_guide2/src/quadProgpp/QuadProg++.cc:679:22: warning: ISO C++17 does not allow ‘register’ storage class specifier [-Wregister]
[2.032s]   679 |   register int i, j, k, n = A.nrows();
[2.032s]       |                      ^
[2.032s] /home/kan/lab/course/unitree_go2_ros2_jazzy1/unitree_go2_ros2_jazzy/unitree_guide2/src/quadProgpp/QuadProg++.cc:679:25: warning: ISO C++17 does not allow ‘register’ storage class specifier [-Wregister]
[2.032s]   679 |   register int i, j, k, n = A.nrows();
[2.032s]       |                         ^
[2.032s] /home/kan/lab/course/unitree_go2_ros2_jazzy1/unitree_go2_ros2_jazzy/unitree_guide2/src/quadProgpp/QuadProg++.cc:680:19: warning: ISO C++17 does not allow ‘register’ storage class specifier [-Wregister]
[2.032s]   680 |   register double sum;
[2.032s]       |                   ^~~
[2.032s] /home/kan/lab/course/unitree_go2_ros2_jazzy1/unitree_go2_ros2_jazzy/unitree_guide2/src/quadProgpp/QuadProg++.cc: In function ‘void quadprogpp::forward_elimination(const quadprogpp::Matrix<double>&, quadprogpp::Vector<double>&, const quadprogpp::Vector<double>&)’:
[2.032s] /home/kan/lab/course/unitree_go2_ros2_jazzy1/unitree_go2_ros2_jazzy/unitree_guide2/src/quadProgpp/QuadProg++.cc:723:16: warning: ISO C++17 does not allow ‘register’ storage class specifier [-Wregister]
[2.032s]   723 |   register int i, j, n = L.nrows();
[2.032s]       |                ^
[2.032s] /home/kan/lab/course/unitree_go2_ros2_jazzy1/unitree_go2_ros2_jazzy/unitree_guide2/src/quadProgpp/QuadProg++.cc:723:19: warning: ISO C++17 does not allow ‘register’ storage class specifier [-Wregister]
[2.032s]   723 |   register int i, j, n = L.nrows();
[2.032s]       |                   ^
[2.032s] /home/kan/lab/course/unitree_go2_ros2_jazzy1/unitree_go2_ros2_jazzy/unitree_guide2/src/quadProgpp/QuadProg++.cc:723:22: warning: ISO C++17 does not allow ‘register’ storage class specifier [-Wregister]
[2.033s]   723 |   register int i, j, n = L.nrows();
[2.033s]       |                      ^
[2.033s] /home/kan/lab/course/unitree_go2_ros2_jazzy1/unitree_go2_ros2_jazzy/unitree_guide2/src/quadProgpp/QuadProg++.cc: In function ‘void quadprogpp::backward_elimination(const quadprogpp::Matrix<double>&, quadprogpp::Vector<double>&, const quadprogpp::Vector<double>&)’:
[2.033s] /home/kan/lab/course/unitree_go2_ros2_jazzy1/unitree_go2_ros2_jazzy/unitree_guide2/src/quadProgpp/QuadProg++.cc:737:16: warning: ISO C++17 does not allow ‘register’ storage class specifier [-Wregister]
[2.033s]   737 |   register int i, j, n = U.nrows();
[2.033s]       |                ^
[2.033s] /home/kan/lab/course/unitree_go2_ros2_jazzy1/unitree_go2_ros2_jazzy/unitree_guide2/src/quadProgpp/QuadProg++.cc:737:19: warning: ISO C++17 does not allow ‘register’ storage class specifier [-Wregister]
[2.033s]   737 |   register int i, j, n = U.nrows();
[2.033s]       |                   ^
[2.033s] /home/kan/lab/course/unitree_go2_ros2_jazzy1/unitree_go2_ros2_jazzy/unitree_guide2/src/quadProgpp/QuadProg++.cc:737:22: warning: ISO C++17 does not allow ‘register’ storage class specifier [-Wregister]
[2.033s]   737 |   register int i, j, n = U.nrows();
[2.033s]       |                      ^
[2.033s] [100%] Linking CXX executable junior_ctrl
[2.274s] [100%] Built target junior_ctrl
[2.283s] Invoked command in '/home/kan/lab/course/unitree_go2_ros2_jazzy1/build/unitree_guide2' returned '0': AMENT_PREFIX_PATH=/home/kan/lab/course/unitree_go2_ros2_jazzy1/install/ros2_unitree_legged_msgs:${AMENT_PREFIX_PATH} CMAKE_PREFIX_PATH=/home/kan/lab/course/unitree_go2_ros2_jazzy1/install/ros2_unitree_legged_msgs:/opt/ros/humble LD_LIBRARY_PATH=/home/kan/lab/course/unitree_go2_ros2_jazzy1/install/ros2_unitree_legged_msgs/lib:${LD_LIBRARY_PATH} PYTHONPATH=/home/kan/lab/course/unitree_go2_ros2_jazzy1/install/ros2_unitree_legged_msgs/local/lib/python3.10/dist-packages:${PYTHONPATH} /usr/bin/cmake --build /home/kan/lab/course/unitree_go2_ros2_jazzy1/build/unitree_guide2 -- -j8 -l8
[2.283s] Invoking command in '/home/kan/lab/course/unitree_go2_ros2_jazzy1/build/unitree_guide2': AMENT_PREFIX_PATH=/home/kan/lab/course/unitree_go2_ros2_jazzy1/install/ros2_unitree_legged_msgs:${AMENT_PREFIX_PATH} CMAKE_PREFIX_PATH=/home/kan/lab/course/unitree_go2_ros2_jazzy1/install/ros2_unitree_legged_msgs:/opt/ros/humble LD_LIBRARY_PATH=/home/kan/lab/course/unitree_go2_ros2_jazzy1/install/ros2_unitree_legged_msgs/lib:${LD_LIBRARY_PATH} PYTHONPATH=/home/kan/lab/course/unitree_go2_ros2_jazzy1/install/ros2_unitree_legged_msgs/local/lib/python3.10/dist-packages:${PYTHONPATH} /usr/bin/cmake --install /home/kan/lab/course/unitree_go2_ros2_jazzy1/build/unitree_guide2
[2.290s] -- Install configuration: ""
[2.290s] -- Installing: /home/kan/lab/course/unitree_go2_ros2_jazzy1/install/unitree_guide2/lib/unitree_guide2/junior_ctrl
[2.291s] -- Set runtime path of "/home/kan/lab/course/unitree_go2_ros2_jazzy1/install/unitree_guide2/lib/unitree_guide2/junior_ctrl" to ""
[2.292s] -- Installing: /home/kan/lab/course/unitree_go2_ros2_jazzy1/install/unitree_guide2/share/ament_index/resource_index/package_run_dependencies/unitree_guide2
[2.292s] -- Installing: /home/kan/lab/course/unitree_go2_ros2_jazzy1/install/unitree_guide2/share/ament_index/resource_index/parent_prefix_path/unitree_guide2
[2.292s] -- Installing: /home/kan/lab/course/unitree_go2_ros2_jazzy1/install/unitree_guide2/share/unitree_guide2/environment/ament_prefix_path.sh
[2.292s] -- Installing: /home/kan/lab/course/unitree_go2_ros2_jazzy1/install/unitree_guide2/share/unitree_guide2/environment/ament_prefix_path.dsv
[2.292s] -- Installing: /home/kan/lab/course/unitree_go2_ros2_jazzy1/install/unitree_guide2/share/unitree_guide2/environment/path.sh
[2.292s] -- Installing: /home/kan/lab/course/unitree_go2_ros2_jazzy1/install/unitree_guide2/share/unitree_guide2/environment/path.dsv
[2.292s] -- Installing: /home/kan/lab/course/unitree_go2_ros2_jazzy1/install/unitree_guide2/share/unitree_guide2/local_setup.bash
[2.292s] -- Installing: /home/kan/lab/course/unitree_go2_ros2_jazzy1/install/unitree_guide2/share/unitree_guide2/local_setup.sh
[2.293s] -- Installing: /home/kan/lab/course/unitree_go2_ros2_jazzy1/install/unitree_guide2/share/unitree_guide2/local_setup.zsh
[2.293s] -- Installing: /home/kan/lab/course/unitree_go2_ros2_jazzy1/install/unitree_guide2/share/unitree_guide2/local_setup.dsv
[2.293s] -- Installing: /home/kan/lab/course/unitree_go2_ros2_jazzy1/install/unitree_guide2/share/unitree_guide2/package.dsv
[2.293s] -- Installing: /home/kan/lab/course/unitree_go2_ros2_jazzy1/install/unitree_guide2/share/ament_index/resource_index/packages/unitree_guide2
[2.293s] -- Installing: /home/kan/lab/course/unitree_go2_ros2_jazzy1/install/unitree_guide2/share/unitree_guide2/cmake/unitree_guide2Config.cmake
[2.293s] -- Installing: /home/kan/lab/course/unitree_go2_ros2_jazzy1/install/unitree_guide2/share/unitree_guide2/cmake/unitree_guide2Config-version.cmake
[2.293s] -- Installing: /home/kan/lab/course/unitree_go2_ros2_jazzy1/install/unitree_guide2/share/unitree_guide2/package.xml
[2.295s] Invoked command in '/home/kan/lab/course/unitree_go2_ros2_jazzy1/build/unitree_guide2' returned '0': AMENT_PREFIX_PATH=/home/kan/lab/course/unitree_go2_ros2_jazzy1/install/ros2_unitree_legged_msgs:${AMENT_PREFIX_PATH} CMAKE_PREFIX_PATH=/home/kan/lab/course/unitree_go2_ros2_jazzy1/install/ros2_unitree_legged_msgs:/opt/ros/humble LD_LIBRARY_PATH=/home/kan/lab/course/unitree_go2_ros2_jazzy1/install/ros2_unitree_legged_msgs/lib:${LD_LIBRARY_PATH} PYTHONPATH=/home/kan/lab/course/unitree_go2_ros2_jazzy1/install/ros2_unitree_legged_msgs/local/lib/python3.10/dist-packages:${PYTHONPATH} /usr/bin/cmake --install /home/kan/lab/course/unitree_go2_ros2_jazzy1/build/unitree_guide2
